label,f1,f2,f3,f4,f5,f6,f7,f8,f9,f10,f11,f12,f13,f14,f15,f16,f17,f18,f19,f20,f21,f22,f23,f24,f25,f26,f27,f28,f29,f30,f31,f32,f33,f34,f35,f36,f37,f38,f39,f40,f41,f42,f43,f44,f45,f46,f47,f48,f49,f50,f51,f52,f53,f54,f55,f56,f57,f58,f59,f60,f61,f62,f63
A,0.0,0.0,0.0,0.181557,-0.045019,-0.036787,0.29139,-0.034966,-0.037359,0.312249,-0.178904,-0.030961,0.351985,-0.34746,-0.114009,0.327016,-0.375466,0.002566,0.295831,-0.490257,0.057258,0.295247,-0.487341,-0.144805,0.200971,-0.572564,-0.143542,0.161135,-0.69936,-0.097962,-0.013675,-0.616946,-0.079649,-0.160517,-0.742788,-0.145931,-0.192949,-0.965749,-0.135885,-0.29056,-0.827834,-0.021602,-0.382897,-0.91145,-0.108404,-0.462919,-0.925662,0.062915,-0.40308,-1.0,0.018624,-0.421342,-0.913784,0.029258,-0.271421,-0.788006,-0.077678,-0.268402,-0.798655,0.017749,-0.172011,-0.804607,-0.132317
A,0.0,0.0,0.0,0.189364,-0.027123,-0.044292,0.260039,-0.121743,0.045105,0.38598,-0.111791,-0.213669,0.499883,-0.283572,-0.069274,0.479422,-0.501431,-0.076599,0.486914,-0.370888,-0.113848,0.368555,-0.588431,-0.042069,0.36625,-0.678941,-0.083871,0.252665,-0.665984,-0.17012,0.111568,-0.825916,-0.21791,0.032276,-0.845589,-0.114216,-0.114983,-1.0,-0.124377,-0.219564,-0.993781,-0.088148,-0.245188,-0.840519,-0.049141,-0.29673,-0.969644,-0.171364,-0.322257,-0.953034,0.109962,-0.304805,-0.919915,-0.056844,-0.306064,-0.84193,-0.022098,-0.092703,-0.945224,-2.6e-05,-0.124407,-0.822921,0.031497
A,0.0,0.0,0.0,0.161536,-0.110798,0.018586,0.23927,-0.02901,-0.03413,0.514651,-0.188462,0.013961,0.52801,-0.303716,0.048177,0.590486,-0.422774,0.031768,0.507778,-0.355496,-0.0864,0.350549,-0.472705,-0.001516,0.378062,-0.581197,-0.086696,0.269491,-0.674523,-0.098619,0.258722,-0.741508,-0.130823,0.045759,-0.908324,0.017058,-0.042675,-0.949319,0.047691,-0.200373,-0.871306,0.133682,-0.325431,-1.0,-0.04004,-0.41074,-0.957697,0.057287,-0.34319,-0.886397,0.036798,-0.231313,-0.942698,0.2159,-0.222406,-0.957243,-0.063185,-0.136255,-0.883523,0.039267,-0.019556,-0.843842,-0.089033
A,0.0,0.0,0.0,0.248046,-0.098208,-0.026607,0.376597,-0.131545,-0.012261,0.448714,-0.222151,0.008658,0.548046,-0.152208,0.053114,0.441962,-0.385591,0.002267,0.562912,-0.383116,0.213959,0.518907,-0.439522,-0.008437,0.443097,-0.636725,-0.039568,0.236754,-0.721118,-0.135451,0.171937,-0.62381,-0.2305,0.084292,-0.962952,-0.122728,-0.011234,-0.898397,-0.146276,-0.242709,-0.891474,-0.10074,-0.257764,-0.955134,-0.07612,-0.169998,-0.918858,-0.159214,-0.313859,-1.0,0.042617,-0.351267,-0.942747,0.010241,-0.169888,-0.991526,-0.06474,-0.166607,-0.923655,0.059799,0.012034,-0.936475,-0.019322
A,0.0,0.0,0.0,-0.0475,-0.023903,0.069515,0.115761,-0.107393,0.069954,0.169769,-0.424086,0.069958,0.215832,-0.37556,0.232694,0.167763,-0.409083,0.126612,0.338127,-0.560018,0.173311,0.205362,-0.621276,0.110229,0.143775,-0.684504,0.069817,0.010237,-0.720869,0.098238,0.021634,-0.877244,0.190971,-0.316515,-0.869476,0.104254,-0.288165,-0.945615,0.071096,-0.432455,-0.975776,0.15659,-0.451145,-1.0,0.176992,-0.495676,-0.909903,0.171091,-0.574037,-0.98791,0.180459,-0.456501,-0.936768,0.133592,-0.354928,-0.948548,0.14537,-0.360674,-0.898171,0.160828,-0.190347,-0.807228,0.155428
A,0.0,0.0,0.0,0.137281,-0.091216,0.045134,0.261975,-0.188938,0.18698,0.247009,-0.281074,0.133556,0.421128,-0.24145,0.096212,0.395921,-0.424374,0.048531,0.344031,-0.395312,0.016052,0.290411,-0.569627,0.032176,0.232206,-0.690487,0.005169,0.184842,-0.753045,-0.049272,0.069788,-0.886471,-0.108318,-0.110159,-0.869054,0.011506,-0.083729,-0.848319,-0.001552,-0.277003,-1.0,0.027212,-0.367567,-0.933502,-0.00679,-0.358259,-0.860421,0.050296,-0.373206,-0.906177,0.033673,-0.356473,-0.931666,0.057909,-0.359062,-0.906494,0.068051,-0.128437,-0.819263,0.154285,-0.161833,-0.797824,0.009807
A,0.0,0.0,0.0,-0.065898,-0.135138,0.042916,0.040571,-0.034997,0.119417,0.32048,-0.052277,0.061985,0.19143,-0.169512,0.006141,0.410973,-0.215404,0.052077,0.152724,-0.302324,0.056889,0.310752,-0.608804,0.001476,0.142476,-0.591369,-0.005829,0.077227,-0.759906,0.006042,-0.083055,-0.729592,0.066584,-0.300771,-0.940142,0.117251,-0.323354,-0.937394,0.155006,-0.44571,-0.838619,0.072857,-0.390019,-0.818174,0.070037,-0.512512,-0.900379,0.195457,-0.656098,-0.888726,0.176006,-0.680866,-1.0,-0.048991,-0.509798,-0.840315,0.181822,-0.388696,-0.746415,-0.04108,-0.394434,-0.834641,0.061812
A,0.0,0.0,0.0,0.043117,0.158946,0.056619,0.196521,0.007084,-0.033293,0.36472,0.038708,-0.020476,0.476867,-0.163904,-0.010152,0.461728,-0.302472,-0.006782,0.368885,-0.183834,0.015934,0.354393,-0.422526,-0.018173,0.302324,-0.496877,0.028005,0.162903,-0.683149,-0.059731,-0.103981,-0.839657,0.064212,0.051851,-0.816847,0.016844,-0.181528,-0.623343,0.077509,-0.329338,-0.964387,-0.103655,-0.390609,-0.970724,-0.069148,-0.503961,-1.0,0.177084,-0.398142,-0.91009,0.163959,-0.42547,-0.953188,0.158254,-0.319175,-0.937718,0.01172,-0.321164,-0.931277,0.072582,0.014674,-0.900773,0.023392
A,0.0,0.0,0.0,0.102343,-0.00507,0.003827,0.278785,-0.064036,0.055089,0.290611,-0.162619,0.123491,0.437074,-0.264012,0.078937,0.478394,-0.391531,0.094584,0.380552,-0.339985,-0.005179,0.265674,-0.567507,0.026389,0.321504,-0.609412,0.047485,0.104009,-0.638033,-0.077029,0.05518,-0.702882,-0.054337,-0.045095,-0.703067,-0.026654,-0.080151,-0.883637,0.059362,-0.138219,-1.0,-0.004388,-0.264347,-0.875654,0.086087,-0.379822,-0.861605,0.064086,-0.276122,-0.843202,0.096999,-0.347538,-0.872251,0.041277,-0.237098,-0.844125,0.071401,-0.044839,-0.736146,0.013745,0.00661,-0.789802,-0.111871
A,0.0,0.0,0.0,0.21157,0.215778,0.072014,0.317926,0.091382,-0.098198,0.452038,0.009976,-0.037082,0.587337,-0.111515,0.037148,0.579836,-0.068184,0.066812,0.540639,-0.373537,-0.030197,0.532587,-0.508307,0.015008,0.349886,-0.512508,0.015622,0.347285,-0.680681,-0.038973,0.067099,-0.760414,0.009534,0.057368,-0.866418,0.057441,-0.029601,-0.823032,0.151208,-0.299242,-0.98307,-0.095183,-0.216703,-0.864139,0.052022,-0.354998,-1.0,0.249121,-0.374672,-0.899806,0.124846,-0.316398,-0.870883,0.004425,-0.24667,-0.720646,0.143906,-0.061885,-0.865086,-0.05044,-0.063618,-0.792219,0.08141
A,0.0,0.0,0.0,0.183447,-0.186137,-0.07056,0.356255,-0.171819,-0.035718,0.311965,-0.257644,0.144423,0.427773,-0.398212,0.028324,0.45111,-0.547761,0.028158,0.444862,-0.431307,0.123483,0.484115,-0.572684,-0.068824,0.500227,-0.635395,-0.017744,0.255756,-0.70354,-0.035204,0.117922,-0.815142,-0.027941,0.009614,-0.881613,-0.010404,-0.078284,-0.794946,-0.157221,-0.089264,-0.840529,-0.104963,-0.241499,-0.952584,-0.049442,-0.306174,-1.0,0.147138,-0.212049,-0.852182,0.08829,-0.307825,-0.941633,0.067568,-0.256933,-0.846163,0.010329,-0.125191,-0.820852,0.032728,-0.02445,-0.769512,-0.074442
A,0.0,0.0,0.0,0.095688,-0.151213,0.094214,0.167644,-0.158224,0.115799,0.219712,-0.276995,-0.038323,0.357345,-0.343954,0.161774,0.217313,-0.243595,0.054973,0.33022,-0.46841,0.048968,0.291359,-0.455227,0.012568,0.230803,-0.630913,-0.013543,0.145203,-0.79324,-0.101366,0.062022,-0.748235,-0.029112,-0.097299,-0.79648,-0.041243,-0.255627,-0.851666,-0.05183,-0.276903,-1.0,0.090524,-0.343542,-0.89708,0.104639,-0.310933,-0.854499,-0.058074,-0.49906,-0.947486,0.058621,-0.361604,-0.936585,0.061164,-0.381051,-0.906071,-0.051589,-0.306074,-0.925039,-0.043831,-0.080415,-0.874343,0.159885
A,0.0,0.0,0.0,0.13763,-0.092271,0.085768,0.37495,-0.116588,0.169763,0.247875,-0.182658,0.217943,0.31526,-0.140461,0.143019,0.346994,-0.309565,0.147745,0.416444,-0.552115,0.014702,0.31186,-0.547954,0.084413,0.261727,-0.725723,0.051297,0.186839,-0.685517,0.088996,0.081922,-0.769224,0.012655,-0.210411,-0.835654,0.041884,-0.20018,-1.0,-0.026624,-0.250515,-0.951643,0.112189,-0.396162,-0.96601,0.147899,-0.47701,-0.965945,0.065822,-0.47935,-0.984663,0.113832,-0.452853,-0.861154,0.031011,-0.3692,-0.949142,0.17173,-0.250505,-0.821625,-0.045174,-0.132177,-0.802829,0.040246
A,0.0,0.0,0.0,0.216872,-0.032535,-0.109492,0.275765,0.044903,-0.099008,0.240085,-0.159863,-0.149985,0.270428,-0.296449,-0.113268,0.361464,-0.303864,0.036272,0.283213,-0.350829,-0.108079,0.301335,-0.473556,-0.193702,0.249128,-0.607358,-0.097854,0.133401,-0.537394,-0.187136,-0.050302,-0.834996,-0.180525,-0.189299,-0.775131,-0.03026,-0.309915,-0.969987,-0.078329,-0.416524,-0.90312,-0.075471,-0.56524,-0.858706,0.056122,-0.548291,-0.999555,-0.037823,-0.489801,-0.917029,0.085836,-0.49485,-1.0,-0.161197,-0.466507,-0.919211,0.045254,-0.353769,-0.870745,-0.103686,-0.114295,-0.678834,-0.160536
A,0.0,0.0,0.0,0.248567,-0.063985,-0.044063,0.273878,-0.082864,0.039486,0.350139,-0.147581,0.066007,0.457354,-0.244774,-0.016679,0.408252,-0.291472,-0.066836,0.412659,-0.470747,-0.03357,0.42563,-0.521211,-0.050787,0.199133,-0.570944,-0.03027,0.316347,-0.710532,-0.0638,0.096311,-0.666763,-0.081794,-0.012921,-0.781529,-0.055633,-0.161788,-0.850466,0.012901,-0.287337,-0.88473,-0.074131,-0.223593,-1.0,-0.049331,-0.311539,-0.820351,-0.00959,-0.373865,-0.794113,-0.089818,-0.445403,-0.863208,-0.040697,-0.31859,-0.824543,-0.010726,-0.20895,-0.917072,0.008533,-0.036051,-0.821769,0.049006
A,0.0,0.0,0.0,0.193454,0.07763,0.050549,0.333561,-0.079839,0.179313,0.396389,0.009206,0.111705,0.495313,-0.109718,0.115064,0.535403,-0.149082,0.085053,0.529911,-0.34015,0.149578,0.389991,-0.309362,0.029138,0.260114,-0.51585,-0.031135,0.308681,-0.6557,-0.024606,0.004214,-0.719588,-0.157061,-0.101037,-0.702687,0.069846,-0.085575,-0.869343,0.031635,-0.217745,-0.916967,0.156957,-0.23579,-0.872929,0.076089,-0.325473,-1.0,0.069458,-0.393304,-0.921443,0.069335,-0.196625,-0.792038,0.041755,-0.214717,-0.715178,0.12626,-0.155765,-0.823968,0.090489,-0.019051,-0.691594,0.066499
A,0.0,0.0,0.0,0.067484,0.135227,-0.115764,0.285889,-0.049232,-0.097857,0.228034,-0.155394,-0.018297,0.359345,-0.25516,-0.052454,0.49692,-0.190218,-0.034386,0.344185,-0.395353,-0.041755,0.225346,-0.518181,-0.217377,0.242206,-0.551247,-0.154194,0.216722,-0.766104,-0.230094,0.003859,-0.68986,-0.015788,-0.169166,-0.75295,-0.121863,-0.270461,-0.816793,-0.056949,-0.469617,-0.811546,0.01337,-0.483044,-0.904083,-0.027992,-0.467851,-0.972683,-0.095135,-0.495161,-0.847286,-0.010542,-0.488744,-0.855607,-0.248687,-0.320826,-1.0,-0.096457,-0.380537,-0.940554,-0.013804,-0.221337,-0.80058,-0.115587
A,0.0,0.0,0.0,0.156262,-0.078398,0.00172,0.173276,-0.00232,0.175605,0.268784,-0.193641,0.104657,0.490334,-0.22577,0.150657,0.448243,-0.323957,0.092322,0.357477,-0.438045,0.088094,0.372831,-0.524564,0.118631,0.241958,-0.614736,-0.078468,0.205407,-0.682574,0.110288,-0.164522,-0.643397,0.03593,-0.023428,-0.913503,0.096073,-0.283716,-0.935309,0.199594,-0.327965,-0.913801,0.151064,-0.358504,-0.936964,0.135945,-0.276252,-0.95502,0.136722,-0.373278,-0.869891,0.203952,-0.371444,-1.0,0.225553,-0.426158,-0.879282,0.051926,-0.263029,-0.849062,0.102847,-0.118966,-0.736289,0.092224
A,0.0,0.0,0.0,0.051599,-0.058752,-0.011273,0.207676,-0.062587,-0.048615,0.314627,-0.217697,-0.032891,0.297156,-0.366162,0.05816,0.336498,-0.419642,-0.177394,0.340095,-0.524142,0.032311,0.397295,-0.571869,0.050415,0.325505,-0.633343,-0.248682,0.311084,-0.774349,-0.205896,0.128391,-0.614172,-0.024171,-0.010627,-0.781887,-0.046429,-0.105323,-0.845219,-0.075282,-0.245999,-0.937875,-0.079811,-0.412061,-0.915653,-0.105609,-0.416414,-0.902935,0.047132,-0.302559,-1.0,-0.093258,-0.274945,-0.948234,-0.054676,-0.241135,-0.924543,-0.049387,-0.270777,-0.876832,-0.054772,-0.184944,-0.789321,-0.092564
A,0.0,0.0,0.0,0.090095,-0.080587,-0.059791,0.223366,-0.1037,-0.050617,0.231075,-0.215316,-0.136013,0.445632,-0.329458,-0.094474,0.314977,-0.279001,-0.081548,0.430368,-0.468465,-0.063266,0.254295,-0.380577,-0.175844,0.252503,-0.564831,-0.090324,0.122689,-0.695475,-0.122558,0.011582,-0.698961,0.015678,-0.133004,-0.908093,-0.120153,-0.046867,-0.919529,0.006368,-0.201377,-0.936373,-0.041928,-0.277409,-0.943307,-0.073429,-0.459682,-0.987793,-0.090567,-0.50783,-0.913242,-0.096189,-0.387422,-0.996478,-0.0339,-0.28866,-1.0,-0.046485,-0.175567,-0.92286,0.016592,-0.119292,-0.86401,-0.111683
A,0.0,0.0,0.0,0.024381,-0.034666,-0.109506,0.18945,-0.161592,-0.049582,0.36927,-0.098775,0.045968,0.276584,-0.272719,0.082331,0.385447,-0.187115,0.015146,0.37899,-0.455154,-0.021003,0.31035,-0.482747,0.013165,0.190634,-0.710095,-0.188689,0.173637,-0.780803,-0.21881,0.047189,-0.618632,-0.075805,-0.046758,-0.842107,-0.071462,-0.159341,-0.916208,-0.029549,-0.300472,-0.975395,0.03894,-0.409491,-1.0,0.027056,-0.5013,-0.952394,0.002542,-0.377545,-0.914467,0.003615,-0.366179,-0.83537,0.034327,-0.356297,-0.989059,-0.089197,-0.285245,-0.913939,-0.051194,-0.14894,-0.810455,-0.062893
A,0.0,0.0,0.0,0.026933,-0.052767,0.068132,0.232929,0.000461,0.237899,0.268319,-0.069059,0.175703,0.319849,-0.281486,0.143329,0.342744,-0.317288,0.160517,0.35831,-0.390872,0.208109,0.374618,-0.605453,-0.051011,0.298606,-0.686931,0.081707,0.064877,-0.797575,0.121884,0.073839,-0.792661,-0.077691,-0.12909,-0.792248,0.003555,-0.196252,-0.866009,0.152206,-0.29835,-0.960223,0.211446,-0.3896,-0.917887,0.092906,-0.450157,-0.976904,0.152759,-0.319796,-1.0,0.062686,-0.307061,-0.907856,0.115456,-0.273469,-0.908747,0.259571,-0.207856,-0.873627,0.261282,-0.181522,-0.767937,0.123724
A,0.0,0.0,0.0,-0.012929,-0.106715,-0.025471,0.263395,-0.179133,0.007987,0.234703,-0.336322,-0.023614,0.355522,-0.369084,-0.031714,0.339705,-0.338095,0.0659,0.359058,-0.546772,-0.084821,0.347493,-0.608857,-0.031185,0.263856,-0.640733,-0.003051,0.219527,-0.795693,0.017694,-0.02253,-0.810384,0.055723,-0.110547,-0.853374,0.037238,-0.275307,-0.985289,-0.07773,-0.469976,-0.83747,-0.062159,-0.43294,-1.0,0.04261,-0.409662,-0.933422,-0.001791,-0.477942,-0.961494,0.020972,-0.340418,-0.931263,0.074654,-0.339666,-0.865124,0.025254,-0.375177,-0.886384,-0.045362,-0.222155,-0.848533,0.053805
A,0.0,0.0,0.0,0.136045,0.110356,-0.055107,0.115011,-0.066793,-0.052347,0.40582,-0.141005,-0.080136,0.301499,-0.27925,-0.130643,0.370814,-0.315201,0.022498,0.425286,-0.525979,-0.076987,0.432558,-0.581779,-0.13532,0.277495,-0.684958,-0.100525,0.166488,-0.690927,-0.210713,0.027866,-0.746609,-0.176065,0.047386,-0.883798,-0.126302,-0.122085,-1.0,-0.239482,-0.384832,-0.85744,-0.139544,-0.191605,-0.996387,-0.072882,-0.302095,-0.831475,0.062249,-0.331734,-0.887836,-0.032347,-0.331097,-0.973217,-0.133075,-0.319587,-0.922963,-0.124945,-0.182141,-0.82046,-0.109336,-0.019098,-0.930684,-0.147198
A,0.0,0.0,0.0,0.186677,0.21124,0.077446,0.246269,0.172878,0.139861,0.473535,-0.066207,-0.019365,0.471636,-0.058752,0.193824,0.649328,-0.282059,-0.050673,0.530832,-0.488206,0.037766,0.45592,-0.498242,-0.132341,0.416766,-0.609755,-0.119267,0.03942,-0.670137,0.095092,0.249207,-0.790779,-0.085528,0.015264,-0.905682,-0.004318,-0.098063,-0.792626,-0.014685,-0.289362,-0.992936,-0.04661,-0.378923,-0.919428,0.107545,-0.473628,-0.838405,0.030409,-0.422767,-1.0,-0.131725,-0.319945,-0.86528,0.022964,-0.309281,-0.852939,-0.093434,-0.248743,-0.798679,-0.09315,-0.056259,-0.93078,0.015984
A,0.0,0.0,0.0,0.081133,0.013307,-0.046962,0.333089,-0.060759,-0.040787,0.37881,-0.013988,-0.025785,0.388252,-0.207511,-0.036062,0.367333,-0.450435,-0.025027,0.496537,-0.511124,-0.147437,0.427544,-0.300051,-0.096337,0.249415,-0.556762,-0.018577,0.145637,-0.69184,-0.159604,-0.002522,-0.707867,-0.009851,-0.044324,-0.802343,-0.134098,-0.303408,-0.774844,-0.100155,-0.314014,-0.648027,-0.051698,-0.435575,-0.923867,0.027867,-0.42124,-1.0,0.02408,-0.484694,-0.757071,0.037714,-0.438015,-0.779257,-0.042249,-0.278537,-0.80851,-0.123922,-0.286192,-0.739485,-0.10929,-0.149422,-0.849898,-0.076405
A,0.0,0.0,0.0,0.082882,0.025717,0.050406,0.027987,0.002547,0.021786,0.264499,-0.017401,0.220851,0.300746,-0.16141,0.051146,0.264475,-0.253593,0.003769,0.290366,-0.283934,-0.065281,0.309754,-0.383262,-0.025039,0.002581,-0.612998,0.055391,0.040567,-0.729809,-0.078952,-0.023541,-0.702285,-0.059734,-0.236537,-0.8339,-0.096103,-0.222522,-0.880782,0.070527,-0.335195,-0.82502,-0.022259,-0.492163,-0.915488,-0.035828,-0.543524,-1.0,0.121183,-0.606234,-0.895687,0.060769,-0.561534,-0.849708,-5e-06,-0.417007,-0.957082,0.024915,-0.246934,-0.903258,-0.05187,-0.228205,-0.792262,-0.000942
A,0.0,0.0,0.0,0.100782,-0.085099,-0.007839,0.28164,-0.12694,-0.088848,0.314365,-0.185943,-0.1516,0.352554,-0.279029,-0.036029,0.34649,-0.314255,-0.001494,0.294306,-0.376664,-0.073039,0.321834,-0.452576,-0.129104,0.274725,-0.597592,-0.044167,0.145345,-0.53607,-0.110845,0.00248,-0.707472,-0.114727,-0.038494,-0.853359,-0.148488,-0.246463,-0.749575,0.024304,-0.278929,-0.842775,-0.05161,-0.272229,-0.9022,-0.026268,-0.320629,-0.824484,-0.019036,-0.325796,-1.0,0.010635,-0.395094,-0.934379,-0.00567,-0.224943,-0.816042,0.005744,-0.132201,-0.708633,0.027555,-0.085147,-0.755201,-0.173993
A,0.0,0.0,0.0,0.12587,0.022971,-0.086651,0.250711,0.070856,-0.148881,0.350359,-0.157923,-0.188264,0.35844,-0.191555,-0.133404,0.380004,-0.369671,-0.123429,0.31697,-0.320485,-0.131328,0.274667,-0.484813,-0.206307,0.314277,-0.467905,-0.296697,0.199076,-0.651453,-0.138566,0.088059,-0.765722,-0.202826,-0.100836,-0.708857,-0.170082,-0.040607,-0.832483,-0.200506,-0.365442,-0.980729,-0.237708,-0.323947,-0.847574,-0.219383,-0.326199,-0.916982,-0.094404,-0.286759,-0.818118,-0.119564,-0.422251,-1.0,-0.156981,-0.3148,-0.898435,-0.134238,-0.204766,-0.820056,-0.18829,-0.087427,-0.748525,-0.236443
A,0.0,0.0,0.0,0.074942,-0.018651,0.080814,0.157524,-0.129212,0.056885,0.153328,-0.150569,0.03742,0.275476,-0.245848,-0.087262,0.279962,-0.31935,0.033732,0.238914,-0.335352,-0.052186,0.324425,-0.484165,-0.057916,0.300352,-0.681493,0.027985,0.148065,-0.732059,0.049949,-0.051018,-0.744458,-0.023437,-0.165772,-0.773258,0.021853,-0.38806,-0.789815,-0.121553,-0.306305,-0.835211,-0.06388,-0.476074,-1.0,0.011582,-0.512713,-0.880804,0.122977,-0.408759,-0.960437,0.02556,-0.581624,-0.958168,0.094641,-0.302913,-0.96119,-0.023167,-0.319548,-0.833741,-0.057334,-0.179006,-0.855437,-0.024449
A,0.0,0.0,0.0,0.07829,-0.046757,0.024058,0.179042,0.008752,0.10012,0.266468,-0.11934,0.047719,0.42409,-0.220892,0.058985,0.403299,-0.436759,-0.020793,0.285681,-0.417263,0.148357,0.465367,-0.478955,0.047193,0.123196,-0.648066,-0.054187,0.098856,-0.708574,-0.042504,-0.108031,-0.723862,-0.08122,-0.084984,-0.699915,-0.060731,-0.384011,-0.904097,0.08957,-0.189725,-1.0,0.070168,-0.424541,-0.944796,0.229483,-0.536272,-0.925451,0.097958,-0.37377,-0.927412,0.089575,-0.441981,-0.897868,0.038928,-0.312508,-0.91472,0.0704,-0.264056,-0.78805,0.022218,-0.267232,-0.751334,-0.053198
A,0.0,0.0,0.0,0.02522,0.215305,-0.001295,0.30436,-0.063434,-0.038889,0.419352,-0.087404,-0.013498,0.453747,-0.229723,-0.066136,0.462355,-0.230591,-0.028104,0.262492,-0.361498,-0.075399,0.41655,-0.532682,-0.032437,0.402238,-0.655398,-0.099499,0.162557,-0.786774,-0.18044,0.165661,-0.704978,-0.100901,0.027144,-0.801604,-0.169717,-0.116056,-0.833526,-0.054902,-0.169646,-0.875499,-0.061379,-0.257208,-0.945859,-0.127497,-0.388141,-1.0,-0.101087,-0.394905,-0.994583,-0.073503,-0.485357,-0.905883,-0.060387,-0.344915,-0.848666,-0.012385,-0.303639,-0.917087,-0.151319,-0.1404,-0.777899,-0.13182
A,0.0,0.0,0.0,0.068251,0.11324,-0.00457,0.403299,-0.059782,-0.244835,0.418164,0.101581,0.096006,0.49291,-0.173054,0.057904,0.432339,-0.20245,0.0191,0.579909,-0.13468,-0.012113,0.403019,-0.464797,-0.205299,0.296669,-0.603751,-0.127739,0.241626,-0.737415,-0.009808,0.089727,-0.763668,-0.122272,-0.044304,-0.773641,-0.152074,-0.24721,-0.920366,-0.168694,-0.379754,-0.974201,0.029219,-0.384996,-0.943991,0.04899,-0.468106,-0.933702,-0.011924,-0.445706,-1.0,-0.192165,-0.442573,-0.821296,0.061803,-0.281678,-0.805981,-0.022628,-0.233172,-0.917271,-0.078126,-0.067767,-0.741665,-0.087236
A,0.0,0.0,0.0,0.059751,-0.20399,-0.059665,0.193151,-0.137782,-0.015619,0.342592,-0.073818,0.024435,0.460449,-0.217217,-0.082045,0.540815,-0.360175,0.031041,0.382654,-0.562898,0.021348,0.435645,-0.617652,-0.118343,0.405929,-0.735251,0.039804,0.155494,-0.697951,-0.107887,0.135516,-0.861179,-0.095461,-0.034646,-0.960603,-0.0211,-0.198073,-0.958695,-0.12395,-0.44888,-0.992161,0.13625,-0.294966,-1.0,-0.031753,-0.3947,-0.96492,-0.083729,-0.326403,-0.94432,0.051488,-0.342939,-0.973549,0.039961,-0.265222,-0.972941,-0.064225,-0.202341,-0.809474,-0.132149,-0.193515,-0.876801,-0.062342
A,0.0,0.0,0.0,0.210897,-0.164092,-0.020377,0.216824,-0.223076,0.038217,0.425586,-0.181945,0.071821,0.292777,-0.305606,0.027754,0.382878,-0.268651,0.076994,0.32011,-0.432137,0.053974,0.424116,-0.43878,-0.067407,0.215825,-0.720791,-0.032254,0.197606,-0.657472,-0.030913,0.02592,-0.78975,-0.08075,0.062018,-0.971164,-0.002201,-0.061031,-0.91329,-0.009431,-0.321949,-0.960137,0.115364,-0.52216,-0.864798,-0.052675,-0.436629,-1.0,0.093199,-0.533156,-0.932178,0.191054,-0.488181,-0.931787,0.004018,-0.305143,-0.917668,-0.010714,-0.208479,-0.769891,-0.000978,-0.079994,-0.948214,-0.071548
A,0.0,0.0,0.0,0.062673,-0.124067,-0.077129,0.216153,-0.121672,-0.016637,0.233405,-0.219889,-0.009972,0.312127,-0.183512,-0.002027,0.319028,-0.425041,0.045025,0.320759,-0.50882,0.062222,0.374447,-0.590575,-0.14414,0.280839,-0.677738,-0.002243,0.013497,-0.661081,-0.128574,0.067327,-0.780753,-0.1127,-0.11013,-0.797862,-0.040778,-0.156677,-0.765757,-0.123659,-0.186196,-0.906721,-0.066122,-0.428044,-0.940799,0.057662,-0.39613,-0.844275,-0.072061,-0.396189,-1.0,0.036981,-0.317155,-0.934468,-0.145284,-0.301295,-0.861267,0.018081,-0.158133,-0.924812,0.016391,-0.06059,-0.941627,-0.022198
A,0.0,0.0,0.0,0.126482,-0.082159,-0.000942,0.199903,-0.167157,0.058195,0.288472,-0.119315,0.050102,0.312387,-0.293136,0.096,0.390676,-0.369849,0.033143,0.500385,-0.451571,-0.058152,0.496822,-0.413791,0.027953,0.326469,-0.6811,-0.11204,0.250922,-0.685744,0.030058,0.138199,-0.894072,0.007121,-0.100414,-0.883401,-0.036537,-0.018044,-0.69696,0.005728,-0.269905,-0.906701,0.045765,-0.357188,-0.840406,0.019883,-0.346589,-0.921473,0.044796,-0.331339,-1.0,-0.019518,-0.433084,-0.909405,0.063128,-0.262459,-0.799658,-0.006494,-0.153958,-0.958083,-0.053047,-0.037093,-0.797701,-0.066612
A,0.0,0.0,0.0,0.198722,0.104455,0.081876,0.258247,0.00466,0.01575,0.400857,-0.040135,0.104171,0.379958,-0.308401,0.143081,0.412239,-0.312158,0.10078,0.407925,-0.276395,0.075148,0.435098,-0.549441,0.095487,0.322208,-0.577418,0.00194,0.068374,-0.614005,-0.090787,-0.028232,-0.831875,0.061576,-0.1092,-0.683717,-0.043843,-0.311385,-0.924009,0.100331,-0.310064,-0.920279,0.04609,-0.344809,-0.822513,0.156781,-0.452608,-1.0,0.037482,-0.416982,-0.965461,0.001289,-0.379968,-0.881031,0.062884,-0.390277,-0.866839,-0.021905,-0.175447,-0.746775,-0.108673,-0.184238,-0.89598,-0.044782
A,0.0,0.0,0.0,0.07109,0.079826,0.099048,0.221808,0.012845,0.069143,0.361218,0.047338,0.221428,0.353662,-0.110837,0.176602,0.396664,-0.21478,0.217444,0.387297,-0.45675,0.15559,0.441204,-0.454042,0.080047,0.360313,-0.704959,0.114804,0.301105,-0.720154,0.02052,-0.043405,-0.751229,0.068643,-0.07402,-0.778219,0.011266,-0.162495,-1.0,0.055528,-0.336809,-0.944028,0.052698,-0.421668,-0.919703,0.068729,-0.585667,-0.853856,0.22172,-0.570486,-0.925518,0.079588,-0.417374,-0.934507,0.091042,-0.424332,-0.980732,0.020199,-0.321517,-0.899792,0.01221,-0.075262,-0.748082,0.000138
A,0.0,0.0,0.0,0.106926,-0.023727,0.019682,0.130324,-0.069203,0.059778,0.24726,-0.188499,0.053018,0.341476,-0.2001,0.156252,0.330833,-0.441301,0.013075,0.417194,-0.45826,0.067924,0.24243,-0.490645,-0.082382,0.362123,-0.496522,-0.108712,0.119541,-0.650731,-0.093369,0.037929,-0.776666,-0.189966,-0.078701,-0.883174,-0.089304,-0.099176,-0.966573,0.010579,-0.305933,-0.937279,0.02876,-0.339582,-0.90129,0.057593,-0.42428,-0.980568,-0.061664,-0.463059,-0.746381,0.088347,-0.468519,-1.0,0.032323,-0.287198,-0.856863,-0.029812,-0.241769,-0.843495,-0.027506,-0.267073,-0.852066,-0.105648
A,0.0,0.0,0.0,0.074189,-0.146385,0.022659,0.206132,-0.209604,0.120983,0.196071,-0.274074,-0.036619,0.338949,-0.416634,-0.011827,0.314834,-0.386548,0.050525,0.254838,-0.514255,-0.054012,0.21637,-0.607417,-0.048896,0.353566,-0.647954,-0.121154,0.10548,-0.686553,0.060629,-0.048022,-0.907762,0.049385,-0.04214,-0.905043,-0.014956,-0.304602,-0.898198,-0.011705,-0.193874,-0.981919,-0.008048,-0.357654,-0.928088,-0.046548,-0.365568,-1.0,0.047515,-0.302749,-0.951545,0.015791,-0.404745,-0.939895,0.004444,-0.130226,-0.963379,0.073971,-0.143113,-0.863746,0.073419,-0.084632,-0.834729,-0.041545
A,0.0,0.0,0.0,-0.043754,-0.120482,0.007878,0.140974,-0.082883,0.043658,0.22822,-0.222889,0.131896,0.148071,-0.341257,0.088365,0.390545,-0.41853,-0.055136,0.344757,-0.516666,-0.029918,0.223048,-0.578468,-0.01247,0.049834,-0.597995,0.089766,0.131992,-0.80738,-0.011744,-0.021888,-0.770415,0.043683,-0.1851,-0.863394,0.040369,-0.159309,-0.87118,0.077979,-0.341964,-0.859205,0.073564,-0.47362,-0.877492,0.109048,-0.488974,-1.0,0.094856,-0.439312,-0.949524,0.097801,-0.333895,-0.877048,0.082712,-0.32145,-0.985312,0.080562,-0.179591,-0.906964,-0.01691,-0.227755,-0.935189,-0.031384
A,0.0,0.0,0.0,0.240709,-0.009164,0.139135,0.34028,0.075387,-0.011383,0.472255,-0.169166,0.115584,0.491295,-0.136183,-0.04806,0.440541,-0.236462,-0.045516,0.533936,-0.497368,0.071041,0.349749,-0.45989,0.03015,0.30055,-0.565006,-0.017605,0.193104,-0.787653,-0.199771,0.123615,-0.919194,-0.04009,-0.067808,-0.820273,-0.058532,-0.210225,-0.873789,0.011173,-0.278676,-0.933825,-0.109309,-0.333316,-0.944667,-0.047966,-0.461632,-1.0,0.03365,-0.426027,-0.876813,0.129968,-0.519106,-0.917779,0.139834,-0.314213,-0.852101,0.173926,-0.157981,-0.883748,0.075805,-0.094975,-0.868524,-0.054552
A,0.0,0.0,0.0,0.053981,-0.082507,-0.059606,-0.009262,-0.001042,-0.008352,0.188793,-0.107776,0.072018,0.258802,-0.273152,0.035664,0.457063,-0.292518,-0.010119,0.404084,-0.441579,-0.132945,0.348818,-0.373103,-0.081906,0.122537,-0.448212,-0.174759,0.053232,-0.650772,-0.040595,0.01189,-0.724918,-0.114957,-0.172655,-0.78132,-0.310259,-0.318725,-0.854573,-0.196923,-0.377282,-0.920809,0.024636,-0.374672,-0.958365,-0.087684,-0.533779,-0.961896,-0.051752,-0.588956,-1.0,-0.020072,-0.463038,-0.958339,-0.009506,-0.484021,-0.859132,-0.031313,-0.347185,-0.815513,-0.144403,-0.241586,-0.831903,-0.180452
A,0.0,0.0,0.0,0.131097,0.050954,0.041412,0.274725,0.042897,0.142608,0.333438,-0.1629,0.005469,0.415765,-0.190525,0.021823,0.385623,-0.299681,0.078906,0.517056,-0.414162,0.012542,0.3502,-0.482594,-0.043464,0.374808,-0.719815,-0.025744,0.237406,-0.668956,0.193998,0.106193,-0.845108,-0.015352,-0.194914,-0.848003,-0.059021,-0.126173,-0.939623,0.01506,-0.358658,-0.805965,0.022946,-0.259194,-0.897069,0.104328,-0.419478,-0.933689,-0.064102,-0.477082,-0.890167,0.07996,-0.528847,-0.93685,0.203126,-0.256789,-0.908749,0.128177,-0.273782,-1.0,-0.036209,-0.000504,-0.860331,-0.006954
A,0.0,0.0,0.0,0.231563,-0.142141,-0.054671,0.122645,-0.100052,-0.120291,0.287088,-0.292137,-0.084411,0.280479,-0.330767,-0.084697,0.317508,-0.325593,-0.125009,0.350448,-0.380363,-0.108788,0.263991,-0.533241,-0.035298,0.250127,-0.623032,-0.085668,0.099119,-0.627409,-0.096978,0.046361,-0.768958,-0.165067,-0.008023,-0.710308,-0.143439,-0.106484,-0.925785,-0.126518,-0.213749,-0.890679,-0.128788,-0.308458,-0.841978,-0.074401,-0.426884,-0.973433,-0.087338,-0.290063,-1.0,-0.079953,-0.318931,-0.765861,-0.080196,-0.219965,-0.811729,-0.185593,-0.125909,-0.784909,-0.061776,0.131531,-0.884458,-0.012798
A,0.0,0.0,0.0,0.09784,-0.084312,0.038597,0.131541,-0.05697,0.008881,0.23188,-0.185559,0.110191,0.319078,-0.208971,-0.006701,0.416468,-0.267132,0.129761,0.354609,-0.349173,0.01326,0.399229,-0.510571,0.032683,0.246824,-0.552762,-0.019207,0.183689,-0.629831,-0.020065,0.157187,-0.632517,0.01804,-0.06602,-0.794794,0.032029,-0.091664,-0.702368,-0.04194,-0.242605,-0.909905,-0.012158,-0.238182,-0.859031,0.062736,-0.343979,-0.817544,-0.029516,-0.334868,-1.0,0.027287,-0.407867,-0.743961,0.075629,-0.233166,-0.704066,-0.036948,-0.080492,-0.713066,-0.013617,-0.018495,-0.805503,-0.064018
A,0.0,0.0,0.0,0.239725,-0.022577,0.111349,0.232464,-0.179252,0.120722,0.234085,-0.133318,0.020311,0.54877,-0.148808,0.112778,0.528277,-0.350911,0.128643,0.449316,-0.370908,0.157513,0.438967,-0.462726,-0.053278,0.252205,-0.580256,0.044113,0.140075,-0.499497,0.127855,0.136373,-0.726814,0.015967,-0.086621,-0.789139,0.056913,-0.221494,-0.821047,0.047354,-0.364783,-0.932486,0.05066,-0.19231,-0.858639,0.008582,-0.326803,-1.0,0.17761,-0.396767,-0.897064,0.195544,-0.421293,-0.963868,0.063342,-0.207411,-0.946918,-0.098924,-0.214028,-0.783835,0.144007,-0.104325,-0.819053,0.121889
A,0.0,0.0,0.0,0.273934,-0.048518,0.009446,0.191376,-0.113677,0.051881,0.380279,-0.135368,0.057857,0.483461,-0.208108,-0.038457,0.519301,-0.267545,0.022396,0.4846,-0.386115,0.040268,0.342904,-0.418915,-0.049048,0.428519,-0.507945,-0.133818,0.251936,-0.690804,-0.104231,0.295023,-0.803696,-0.08846,0.071556,-0.889653,-0.067535,-0.038043,-0.881568,-0.030145,-0.194513,-0.993163,0.017466,-0.11985,-0.911025,0.029291,-0.23324,-1.0,0.137977,-0.273145,-0.800951,-0.020062,-0.13799,-0.838981,0.056659,-0.17925,-0.881153,0.083357,-0.094141,-0.965783,-0.089071,-0.004106,-0.788258,-0.0386
A,0.0,0.0,0.0,-0.095965,0.168892,0.004967,0.220136,-0.029988,0.134018,0.380533,0.002297,0.028253,0.418242,-0.199975,0.10325,0.537495,-0.164988,-0.040254,0.421698,-0.469907,0.041694,0.373125,-0.632035,-0.122954,0.21932,-0.617775,-0.147265,0.14848,-0.677676,-0.076518,-0.088127,-0.706015,0.073589,-0.216813,-0.917528,-0.007528,-0.350226,-0.93959,0.033987,-0.598948,-0.863606,0.005124,-0.570798,-1.0,0.018505,-0.730633,-0.877516,0.039032,-0.564684,-0.911182,-0.044065,-0.526768,-0.987058,0.096956,-0.659361,-0.942631,-0.039423,-0.341012,-0.861934,-0.072435,-0.296576,-0.874675,-0.111311
A,0.0,0.0,0.0,0.043431,-0.088622,0.108569,0.099903,-0.06757,0.328153,0.300961,-0.189072,0.274727,0.311794,-0.279064,0.159953,0.250896,-0.350669,0.237013,0.354782,-0.450133,0.141242,0.355704,-0.611045,0.238714,0.163847,-0.668069,0.066657,0.091504,-0.638252,0.193772,0.070188,-0.748644,0.082976,-0.148771,-0.904686,0.261651,-0.331115,-0.840761,0.249846,-0.228178,-0.966115,0.258699,-0.276198,-1.0,0.12285,-0.608647,-0.912822,0.110963,-0.512767,-0.923122,0.255718,-0.427486,-0.918759,0.322871,-0.456514,-0.954385,0.164843,-0.238011,-0.815938,0.228202,-0.096818,-0.930046,0.29181
A,0.0,0.0,0.0,-0.083942,-0.118189,-0.139653,0.171759,-0.204355,-0.031388,0.298713,-0.16038,-0.055082,0.20872,-0.334186,0.002275,0.345781,-0.367933,-0.114978,0.159808,-0.522169,0.013718,0.163201,-0.533087,-0.062575,0.090909,-0.621061,-0.082936,0.073079,-0.53361,-0.255779,0.026293,-0.79748,-0.101346,-0.13023,-0.893346,-0.125565,-0.387123,-0.856185,-0.104436,-0.326426,-0.860004,-0.080596,-0.429672,-1.0,-0.13121,-0.405964,-0.858171,-0.09029,-0.485141,-0.99767,0.000586,-0.41844,-0.800914,-0.136101,-0.423911,-0.884513,-0.055279,-0.326273,-0.926893,-0.059663,-0.160498,-0.902998,-0.048265
A,0.0,0.0,0.0,0.076879,-0.100721,0.01562,0.012894,-0.044778,-0.069653,0.326602,-0.185541,0.020747,0.251544,-0.25897,0.119126,0.160917,-0.245146,0.039504,0.231683,-0.480586,0.105244,0.204827,-0.575007,0.052371,0.211738,-0.648504,-0.020985,0.029679,-0.602056,0.023161,0.015228,-0.719967,0.067598,-0.134689,-0.876452,-0.00444,-0.115544,-0.91263,-0.038456,-0.315564,-0.884814,-0.057928,-0.343258,-0.75426,0.032926,-0.511159,-1.0,0.047758,-0.393018,-0.865708,0.0335,-0.471308,-0.946218,0.078337,-0.317682,-0.950667,0.110417,-0.252206,-0.739752,-0.091734,-0.267475,-0.810072,0.005195
A,0.0,0.0,0.0,-0.062558,-0.005941,-0.027081,0.215496,-0.15705,0.151258,0.242247,-0.214735,0.02223,0.236452,-0.256562,0.056943,0.246467,-0.380791,0.044579,0.13858,-0.431659,-0.0416,0.156783,-0.661138,-0.113511,0.068592,-0.687668,0.110465,0.022368,-0.713848,0.002065,-0.050221,-0.803854,-0.099502,-0.085358,-0.74469,-0.120595,-0.358152,-0.926348,-0.057478,-0.358331,-0.988153,0.162991,-0.388095,-0.946022,0.10773,-0.435979,-1.0,0.000815,-0.50934,-0.900525,0.06412,-0.587268,-0.989396,0.042813,-0.429682,-0.786941,-0.056788,-0.303425,-0.790271,0.158181,-0.253066,-0.827134,0.030289
A,0.0,0.0,0.0,-0.05257,0.009809,-0.000606,0.185697,0.040985,-0.034918,0.256499,-0.024817,-0.038476,0.3032,-0.225151,0.058082,0.372859,-0.373734,-0.035461,0.315381,-0.385778,0.00466,0.335321,-0.572754,0.024397,0.255394,-0.467198,-0.027742,0.213506,-0.599296,0.017865,0.072151,-0.701549,0.073843,-0.01745,-0.71887,-0.128525,-0.253652,-0.780193,-0.027761,-0.304901,-0.820021,0.076826,-0.295308,-0.913477,-0.00817,-0.424391,-0.872415,-0.015719,-0.411806,-0.916675,0.003266,-0.390513,-1.0,0.126306,-0.234966,-0.824783,-0.009525,-0.287041,-0.67535,0.084421,-0.106553,-0.69024,-0.035855
A,0.0,0.0,0.0,0.182693,-0.028343,0.005108,0.320301,-0.066605,-0.044623,0.369211,-0.226187,0.098357,0.338473,-0.144488,0.122015,0.486583,-0.485912,-0.007979,0.492621,-0.474174,-0.037416,0.553061,-0.457985,-0.085398,0.265136,-0.617576,-0.054783,0.301504,-0.718215,-0.015489,0.278063,-0.704681,-0.05217,0.011224,-0.847533,0.040683,-0.137653,-0.87059,-0.017094,-0.231855,-1.0,0.021789,-0.279251,-0.893633,-0.017064,-0.237774,-0.990188,0.145017,-0.44428,-0.893962,0.064387,-0.351115,-0.876025,0.110227,-0.382222,-0.845186,-0.15849,-0.205556,-0.740898,-0.05092,-0.106,-0.834908,0.106835
A,0.0,0.0,0.0,0.380616,0.022776,-0.167528,0.512623,0.081583,-0.020113,0.40665,-0.103389,-0.07111,0.549145,-0.08398,-0.003417,0.480457,-0.181477,-0.055703,0.591598,-0.272716,-0.173301,0.494362,-0.508638,-0.225805,0.439991,-0.395143,-0.261966,0.30734,-0.612807,-0.136486,0.178783,-0.825129,-0.128145,0.006119,-0.952488,-0.051135,0.001672,-0.849693,-0.099203,-0.095734,-0.873262,-0.031553,-0.269022,-0.817994,-0.052663,-0.280756,-1.0,-0.042914,-0.359298,-0.947909,-0.116491,-0.345177,-0.738819,0.022891,-0.074092,-0.942679,-0.080339,-0.199618,-0.876771,-0.169294,0.091086,-0.827122,-0.052872
A,0.0,0.0,0.0,0.144556,-0.102478,0.046549,0.227168,-0.197965,0.102715,0.200344,-0.319426,0.239916,0.301683,-0.303045,0.072613,0.280224,-0.36335,0.029113,0.292752,-0.505771,0.097003,0.266443,-0.567698,0.112836,0.251441,-0.727948,0.041729,0.188444,-0.69413,-0.029139,0.03636,-0.926468,0.053559,0.017779,-0.922511,0.011795,-0.150549,-1.0,0.038827,-0.248786,-0.977295,0.079608,-0.306621,-0.932687,0.124611,-0.407467,-0.939439,0.112194,-0.368154,-0.982253,0.11065,-0.426394,-0.939486,0.067451,-0.378299,-0.90043,0.112645,-0.188517,-0.915353,0.106334,-0.103974,-0.840326,0.018128
A,0.0,0.0,0.0,-0.025246,-0.053254,0.162638,0.19605,-0.165644,0.05792,0.328447,-0.108918,-0.041657,0.415996,-0.227083,0.027203,0.417061,-0.285817,0.080455,0.311264,-0.391419,0.00106,0.345312,-0.532999,-0.024455,0.341768,-0.633571,-0.103863,0.138177,-0.700619,0.039675,0.086723,-0.842019,0.121975,-0.056518,-0.76644,-0.038946,-0.154637,-0.843199,0.067288,-0.220133,-0.874544,-0.012194,-0.400491,-0.927999,0.086777,-0.420825,-0.884682,0.131909,-0.473419,-1.0,0.030567,-0.365408,-0.961649,0.119728,-0.295741,-0.900206,-0.07697,-0.318588,-0.856508,-0.141976,-0.057334,-0.857575,0.188018
A,0.0,0.0,0.0,0.035656,0.084564,-0.082164,-0.037697,-0.126685,0.081026,0.205718,-0.083691,-0.031339,0.080105,-0.179019,-0.01024,0.127238,-0.316172,0.084932,0.243852,-0.45089,0.002346,0.181163,-0.605867,-0.05519,0.162387,-0.587354,-0.013245,-0.042143,-0.707279,-0.178838,-0.08319,-0.676487,-0.131185,-0.258735,-0.813972,0.061235,-0.368247,-0.931857,-0.135859,-0.433677,-0.783888,0.034554,-0.518673,-0.917513,0.033735,-0.615568,-0.888449,0.061243,-0.567942,-1.0,0.135257,-0.495466,-0.953266,0.107183,-0.509185,-0.943045,-0.026395,-0.501549,-0.830672,-0.118157,-0.352296,-0.972346,-0.021323
B,0.0,0.0,0.0,0.052324,0.004271,0.053245,0.258156,-0.150048,0.117669,0.405465,-0.127389,0.084313,0.384029,-0.269404,0.108873,0.35737,-0.357496,0.109542,0.287496,-0.511109,-0.017336,0.186441,-0.620211,0.0661,0.143897,-0.594718,0.040642,-0.04042,-0.667935,0.083561,-0.098675,-0.755201,-0.027794,-0.149848,-0.926381,-0.080136,-0.296401,-0.892419,0.031628,-0.44397,-0.938078,0.097275,-0.432116,-0.910721,0.052667,-0.380345,-1.0,0.142341,-0.372323,-0.874756,0.098087,-0.44327,-0.814877,0.00798,-0.396112,-0.883508,0.170684,-0.202518,-0.892651,0.046091,-0.149822,-0.84853,0.113089
B,0.0,0.0,0.0,0.238727,-0.156777,-0.038002,0.185397,-0.213153,0.010717,0.405645,-0.309316,-0.03194,0.365321,-0.397434,0.018562,0.343687,-0.407835,-0.050749,0.319239,-0.477512,-0.053522,0.292461,-0.597488,-0.04077,0.330849,-0.624568,-0.017088,0.067136,-0.692454,-0.142063,-0.040816,-0.802219,-0.013198,-0.008638,-0.795392,-0.156924,-0.167966,-0.827714,-0.046336,-0.33825,-0.917029,-0.042445,-0.258878,-1.0,-0.032469,-0.305928,-0.82767,0.025252,-0.275202,-0.908568,-0.118615,-0.293141,-0.788899,0.059606,-0.167318,-0.797808,-0.010698,-0.15265,-0.804802,0.044462,-0.074737,-0.684803,-0.083465
B,0.0,0.0,0.0,-0.018147,-0.050916,-0.004685,0.211392,-0.076826,-0.107849,0.218449,-0.102907,0.040528,0.340813,-0.189844,0.127144,0.30353,-0.305588,-0.126142,0.24417,-0.403988,0.032002,0.232377,-0.560591,-0.043782,0.154136,-0.466817,-0.011857,0.045148,-0.653456,-0.055934,-0.048392,-0.82333,-0.106166,-0.316423,-0.764428,0.014068,-0.421777,-1.0,-0.08113,-0.413646,-0.825308,-0.00161,-0.56282,-0.963134,0.023521,-0.632077,-0.721398,0.039491,-0.606983,-0.900597,-0.004185,-0.53805,-0.757858,0.006888,-0.493024,-0.675755,-0.019302,-0.28348,-0.818549,-0.018661,-0.192174,-0.87968,0.07536
B,0.0,0.0,0.0,0.0543,-0.015442,0.111387,0.144029,-0.048735,0.19491,0.244153,-0.21924,0.195719,0.35822,-0.034375,0.034672,0.281453,-0.453936,0.128618,0.207795,-0.290865,0.026355,0.078725,-0.532672,-0.069235,0.148453,-0.719355,0.041683,-0.136336,-0.686729,0.135286,-0.098459,-0.788505,0.029897,-0.23757,-0.758361,-0.044714,-0.308802,-1.0,0.01887,-0.465577,-0.813993,0.079812,-0.584733,-0.927686,0.108471,-0.528986,-0.899984,0.076537,-0.47294,-0.883093,0.103462,-0.338009,-0.919272,-0.015877,-0.353432,-0.845867,0.066012,-0.355726,-0.791784,0.168188,-0.14273,-0.695468,-0.041446
B,0.0,0.0,0.0,0.310803,0.209055,0.070588,0.357952,0.037999,0.122489,0.516347,-0.125964,0.137792,0.587445,-0.132639,0.165305,0.751975,-0.218168,0.125406,0.439889,-0.309382,0.107997,0.442854,-0.517901,0.06335,0.437073,-0.508637,0.103266,0.169517,-0.582504,0.037993,-0.033672,-0.701337,-0.062168,-0.155708,-0.780051,0.052944,-0.335049,-0.76185,0.095979,-0.4073,-1.0,0.063543,-0.463301,-0.88268,0.068152,-0.623037,-0.920081,0.086694,-0.404297,-0.928412,0.247068,-0.554618,-0.741943,0.086225,-0.2433,-0.807014,0.175495,-0.220902,-0.866179,0.173618,-0.057738,-0.729544,0.135537
B,0.0,0.0,0.0,0.169489,-0.078525,-0.03834,0.227571,-0.057561,0.125689,0.348083,-0.198346,0.057702,0.482848,-0.306844,0.087269,0.481334,-0.430093,0.158381,0.289997,-0.368907,0.019175,0.314617,-0.679075,-0.005282,0.180443,-0.683438,-0.001282,0.201337,-0.709476,0.017994,-0.043141,-0.844524,0.112334,-0.136816,-0.739272,-0.00591,-0.197151,-0.815969,0.105922,-0.291701,-0.932825,0.041965,-0.323978,-0.863521,0.063079,-0.334395,-0.814659,0.097779,-0.346834,-1.0,-0.089306,-0.300875,-0.889554,0.036047,-0.238211,-0.861451,0.124009,-0.152129,-0.877271,0.09625,-0.059567,-0.772349,-0.014285
B,0.0,0.0,0.0,0.172668,-0.063677,-0.091331,0.211522,-0.056746,0.012714,0.293432,-0.112265,-0.005975,0.259892,-0.255591,0.004203,0.304862,-0.338159,0.05026,0.339389,-0.394156,0.111325,0.266939,-0.479584,-0.043691,0.158281,-0.610144,-0.056853,0.131231,-0.50971,-0.07897,-0.02301,-0.714523,-0.012752,-0.092101,-0.685834,-0.169758,-0.348432,-0.828221,0.053626,-0.382124,-1.0,0.040834,-0.332236,-0.89734,-0.034642,-0.430092,-0.824726,-0.003118,-0.337384,-0.987405,-0.014814,-0.39425,-0.814509,-0.003054,-0.213487,-0.884635,0.017107,-0.13751,-0.640002,-0.03192,-0.046524,-0.83231,-0.161779
B,0.0,0.0,0.0,-0.026129,-0.012624,0.061837,0.184062,-0.086844,-0.04023,0.134886,-0.090312,-0.07283,0.309959,-0.352873,-0.111791,0.379734,-0.363517,0.040528,0.262019,-0.546354,-0.012383,0.174114,-0.476405,-0.085736,0.030864,-0.59423,0.034025,0.054059,-0.684917,-0.044608,-0.078563,-0.734619,-0.179241,-0.192825,-0.736778,-0.153385,-0.224549,-0.846902,-0.139979,-0.338222,-0.884243,-0.017774,-0.478911,-0.881037,-0.017136,-0.470428,-1.0,-0.107034,-0.423728,-0.870791,-0.067706,-0.525713,-0.90905,-0.168734,-0.375779,-0.853173,-0.117905,-0.278226,-0.765913,0.054202,-0.257374,-0.691382,-0.03407
B,0.0,0.0,0.0,0.18019,0.037694,0.088827,0.303681,-0.150294,-0.032621,0.335374,-0.117549,-0.029075,0.327601,-0.271694,0.002691,0.356864,-0.397874,-0.0348,0.320837,-0.417779,-0.049634,0.221811,-0.597289,0.063244,0.22578,-0.674615,0.001889,0.016333,-0.692258,0.014998,-0.016543,-0.728203,-0.082721,-0.037085,-0.839779,-0.020849,-0.222596,-0.898279,0.097978,-0.382259,-0.967233,0.106132,-0.413657,-0.87029,0.167352,-0.430154,-0.882538,-0.007157,-0.347665,-0.900581,0.100959,-0.39622,-1.0,0.095153,-0.414134,-0.885489,0.107957,-0.167517,-0.709498,0.093578,-0.106786,-0.80878,0.004579
B,0.0,0.0,0.0,0.093677,0.018121,0.042551,0.228372,-0.022817,0.125466,0.444374,-0.152477,0.123593,0.526546,-0.197946,0.021192,0.511428,-0.232612,0.023539,0.612367,-0.452114,0.047426,0.357193,-0.498879,-0.097495,0.27272,-0.684533,0.015529,0.264069,-0.649164,-0.168573,0.208859,-0.747547,-0.056732,-0.051277,-0.815729,-0.038077,-0.166663,-0.914532,-0.001269,-0.325161,-1.0,0.058541,-0.303675,-0.876667,0.124683,-0.352942,-0.947411,0.138282,-0.462413,-0.958746,0.014959,-0.247133,-0.807106,0.107687,-0.168142,-0.905169,0.081224,-0.145071,-0.754774,0.027742,-0.039423,-0.748386,0.076351
B,0.0,0.0,0.0,-0.001973,-0.030832,0.130135,0.284625,-0.235588,0.081608,0.200134,-0.091046,0.039419,0.478078,-0.204082,0.048042,0.33241,-0.335185,0.038912,0.389578,-0.485078,-0.041979,0.175979,-0.532135,0.018369,0.198296,-0.590533,0.116367,0.106716,-0.74048,0.062694,-0.086814,-0.773491,0.066887,-0.07459,-0.973318,-0.009519,-0.290072,-0.88064,0.090278,-0.225099,-0.946638,0.046002,-0.311764,-0.905891,0.181059,-0.398286,-1.0,0.020613,-0.512817,-0.866075,0.189572,-0.244462,-0.831926,0.179976,-0.329569,-0.936874,0.143307,-0.162434,-0.824509,0.092547,-0.051081,-0.720366,0.133206
B,0.0,0.0,0.0,0.050404,-0.051819,-0.102072,0.246239,-0.235542,0.018884,0.202103,-0.196627,0.004786,0.200692,-0.286549,-0.033222,0.369593,-0.401092,0.016203,0.229395,-0.529439,-0.056114,0.287676,-0.475772,-0.097603,0.216628,-0.805598,-0.138382,-0.018131,-0.831788,-0.171838,-0.047887,-0.826985,-0.046565,-0.147802,-0.851143,-0.018859,-0.303774,-0.983635,0.023417,-0.425106,-0.993234,-0.03537,-0.506728,-0.971505,0.015264,-0.455068,-1.0,-0.026361,-0.402088,-0.898536,0.138261,-0.353803,-0.836172,-0.089,-0.307699,-0.885922,-0.051227,-0.248526,-0.79502,-0.003819,-0.202144,-0.782649,-0.094633
B,0.0,0.0,0.0,0.159304,-0.099294,0.167051,0.090447,-0.133355,0.075602,0.335138,-0.176569,0.053221,0.372675,-0.272534,0.147839,0.41439,-0.29167,-0.025308,0.326927,-0.468351,-0.047364,0.296004,-0.580769,0.044414,0.108157,-0.519417,-0.078008,0.08271,-0.665684,-0.065278,0.000826,-0.874779,0.072664,-0.181618,-0.890219,-0.035345,-0.242897,-0.932519,-0.047811,-0.407214,-1.0,0.147399,-0.495885,-0.875718,0.056885,-0.554536,-0.930392,0.10775,-0.493147,-0.835182,0.126031,-0.373641,-0.924525,-0.02454,-0.400052,-0.852033,0.069312,-0.402047,-0.836426,0.022375,-0.153093,-0.721351,0.020384
B,0.0,0.0,0.0,0.128844,0.048517,-0.104905,0.109626,-0.10925,0.004711,0.239598,-0.207985,-0.01493,0.119598,-0.147581,-0.053456,0.256777,-0.33785,0.035328,0.058817,-0.406943,-0.057916,0.149065,-0.387413,-0.12395,0.142114,-0.552463,-0.009033,-0.046096,-0.693099,-0.027431,-0.091473,-0.806779,-0.125894,-0.206162,-0.714472,-0.124776,-0.509308,-0.772101,-0.141437,-0.539386,-1.0,0.000664,-0.467645,-0.852584,0.052281,-0.463894,-0.738995,-0.105753,-0.49802,-0.922606,-0.033261,-0.471263,-0.76625,-0.023823,-0.349074,-0.736534,0.089445,-0.313306,-0.809903,-0.044774,-0.235044,-0.638855,-0.09464
B,0.0,0.0,0.0,0.161058,-0.065505,0.090941,0.224774,-0.085029,0.033544,0.25601,-0.135353,-0.083902,0.488108,-0.33434,0.039589,0.522357,-0.30239,-0.006789,0.397732,-0.511784,0.06134,0.298239,-0.649039,-0.019864,0.193428,-0.741313,-0.192231,0.094829,-0.767769,-0.079247,0.065167,-0.800825,-0.110057,-0.153829,-0.86482,0.008257,-0.254066,-0.982646,-0.137582,-0.470329,-0.929194,-0.000437,-0.393023,-1.0,0.080185,-0.50306,-0.918646,-0.012468,-0.504163,-0.930146,0.022584,-0.385934,-0.942995,-0.018767,-0.154354,-0.832384,0.019112,-0.208924,-0.813604,-0.018048,-0.085489,-0.880207,-0.083118
B,0.0,0.0,0.0,0.401534,-0.056215,-0.024524,0.397206,-0.17921,0.091026,0.49168,-0.126016,0.019641,0.520462,-0.346733,0.107574,0.561532,-0.31769,0.052869,0.532454,-0.337506,0.017839,0.460765,-0.589039,-0.036649,0.376281,-0.537756,-0.014733,0.254009,-0.705443,-0.040211,0.173866,-0.837173,0.071588,0.001775,-0.754047,-0.074794,-0.020511,-0.796004,0.042707,-0.207494,-0.846485,-0.03427,-0.221029,-0.809518,0.103751,-0.231974,-0.930228,0.105252,-0.225042,-1.0,0.1156,-0.187617,-0.763968,-0.006592,-0.310561,-0.79518,0.063483,-0.126123,-0.845535,0.195581,0.067373,-0.716613,-0.030725
B,0.0,0.0,0.0,0.221466,-0.042636,0.052634,0.337048,-0.175518,0.081073,0.299236,-0.2974,0.103313,0.501251,-0.252461,-0.03563,0.43599,-0.353442,-0.060675,0.410464,-0.38627,0.113014,0.373915,-0.469811,-0.118508,0.357344,-0.654601,0.006342,0.194147,-0.597852,-0.077398,0.132887,-0.766801,-0.03122,-0.036139,-0.857324,-0.012021,-0.136222,-0.828701,0.011134,-0.169996,-0.810963,-0.04128,-0.226602,-0.955981,0.080208,-0.270757,-1.0,0.059951,-0.332884,-0.913855,0.141802,-0.303054,-0.895612,0.053322,-0.14555,-0.827214,0.107205,-0.058371,-0.928865,-0.019723,-0.014921,-0.735,-0.17127
B,0.0,0.0,0.0,0.027597,0.069245,0.065189,0.11305,-0.132275,0.01503,0.09893,-0.265735,-0.013558,0.089523,-0.299843,-0.080742,0.199791,-0.385776,0.023746,0.1306,-0.278517,0.082925,0.027344,-0.550678,-0.062292,-0.043491,-0.737327,-0.012103,-0.128473,-0.668539,0.01493,-0.114786,-0.852517,-0.017411,-0.280315,-0.883293,-0.086893,-0.326356,-0.87909,0.01994,-0.570421,-0.997117,-0.037261,-0.587322,-0.998431,0.016075,-0.715677,-1.0,0.070726,-0.562429,-0.940442,-0.03499,-0.624706,-0.917869,0.063478,-0.426963,-0.899365,-0.066675,-0.371561,-0.892502,-0.045571,-0.190641,-0.761781,-0.021118
B,0.0,0.0,0.0,0.184296,0.028173,0.036209,0.431136,-0.107903,0.003462,0.496332,-0.175736,-0.064285,0.418725,-0.277827,-0.122007,0.452335,-0.313927,-0.196852,0.541645,-0.410075,-0.098036,0.41268,-0.583695,-0.003548,0.35111,-0.772018,-0.064827,0.156088,-0.75473,-0.164173,0.163809,-0.761941,-0.164171,-0.173531,-0.918214,-0.073079,-0.181987,-0.849655,-0.03058,-0.227344,-0.940497,-0.158412,-0.372813,-0.902384,-0.048092,-0.355592,-0.994498,-0.102957,-0.390954,-0.937566,-0.07519,-0.353841,-1.0,0.037981,-0.279728,-0.808235,0.049466,-0.160656,-0.946767,-0.218429,-0.13423,-0.944555,-0.001654
B,0.0,0.0,0.0,0.030366,-0.014373,0.17534,0.194195,-0.093528,0.273747,0.264754,-0.195351,0.189684,0.473432,-0.411084,0.216889,0.328474,-0.331123,0.121008,0.3094,-0.41157,0.338677,0.306988,-0.597743,0.09854,0.144475,-0.741387,0.088539,0.114581,-0.785651,0.166039,-0.01572,-0.818305,0.092427,-0.062063,-0.780367,0.111709,-0.282861,-0.861124,0.095829,-0.486508,-0.763494,0.156809,-0.390306,-0.905657,0.118436,-0.454706,-1.0,0.317577,-0.513395,-0.951741,0.149832,-0.314875,-0.865434,0.092663,-0.245581,-0.794862,0.188433,-0.18374,-0.663809,0.272274,-0.160305,-0.687093,0.141403
B,0.0,0.0,0.0,0.036342,0.133518,0.114775,0.05944,-0.000163,0.135409,0.289656,-0.028718,0.085274,0.383175,-0.198902,-0.035591,0.288087,-0.229099,0.041996,0.333655,-0.420179,-0.003471,0.355239,-0.51939,-0.103515,0.232852,-0.610362,-0.020199,0.173208,-0.688239,-0.011275,-0.171415,-0.782216,0.013449,-0.33741,-0.814982,-0.012645,-0.344996,-0.80005,0.024591,-0.341729,-0.981283,0.032826,-0.517231,-1.0,0.114491,-0.383669,-0.919306,0.093963,-0.542381,-0.955909,-0.076861,-0.552433,-0.981473,0.176771,-0.423318,-0.872794,0.098093,-0.384448,-0.871782,0.014261,-0.091899,-0.747683,0.005861
B,0.0,0.0,0.0,0.045797,-0.071609,-0.064591,0.223401,-0.169028,0.189572,0.295053,-0.305273,0.019039,0.380226,-0.186585,-0.014749,0.25343,-0.335047,-0.079983,0.304741,-0.501002,-0.01212,0.319948,-0.623258,-0.045984,0.18467,-0.657591,-0.038186,0.104271,-0.693057,-0.027802,-0.016426,-0.924013,-0.049699,-0.137338,-0.827979,-0.088374,-0.32515,-0.95633,0.0106,-0.30529,-0.971957,0.055658,-0.429301,-0.964839,-0.00016,-0.417631,-0.932991,0.176119,-0.516251,-0.906668,-0.007448,-0.473999,-0.9195,0.02878,-0.147606,-0.903616,-0.071115,-0.221524,-1.0,-0.022546,-0.120861,-0.783727,0.028595
B,0.0,0.0,0.0,0.083696,-0.019016,-0.014798,0.246421,-0.179226,0.131143,0.489904,-0.281829,-0.033002,0.40453,-0.27951,0.11059,0.394917,-0.393616,0.107356,0.474353,-0.62054,0.034562,0.351719,-0.647862,0.162212,0.195829,-0.681698,0.060464,0.080427,-0.897829,-0.019474,0.064756,-0.866003,-0.048395,-0.074536,-0.926839,-0.013173,-0.250753,-0.893677,0.211711,-0.301676,-0.894647,0.028098,-0.502193,-0.985304,0.091423,-0.53776,-1.0,0.124732,-0.427532,-0.937005,0.119302,-0.442634,-0.985643,0.004716,-0.198056,-0.918669,0.056883,-0.282436,-0.679646,-0.02522,-0.120261,-0.830752,0.073081
B,0.0,0.0,0.0,-0.01255,-0.163688,0.00594,0.262757,-0.285964,0.07166,0.222601,-0.22141,0.000896,0.205307,-0.301825,0.04201,0.322611,-0.427886,-0.04291,0.15248,-0.463047,0.000348,0.13474,-0.62595,-0.06989,0.025858,-0.721566,-0.123874,-0.008982,-0.789043,-0.160874,0.025857,-0.734609,-0.110479,-0.185344,-0.834011,0.014303,-0.348881,-0.831735,-0.072033,-0.460865,-0.876916,0.053879,-0.287283,-1.0,0.035373,-0.489221,-0.88191,-0.081512,-0.53283,-0.961296,0.011206,-0.457966,-0.857527,0.059785,-0.318224,-0.777037,0.009805,-0.335103,-0.766536,-0.067904,-0.106178,-0.730885,-0.022833
B,0.0,0.0,0.0,0.217926,0.018833,-0.018419,0.387787,-0.033133,-0.070076,0.401331,-0.071842,-0.010157,0.455883,-0.145752,-0.061572,0.427452,-0.370667,-0.13433,0.441954,-0.33162,-0.142149,0.411656,-0.562388,-0.125608,0.199888,-0.626207,-0.138652,0.226758,-0.680998,-0.218286,0.136373,-0.755968,-0.120129,-0.068928,-0.866678,-0.107739,-0.153519,-0.996653,-0.141906,-0.301509,-0.885119,0.00035,-0.404634,-0.949919,-0.09929,-0.437852,-0.937233,0.002391,-0.447832,-0.868927,-0.167703,-0.367837,-0.89835,0.059321,-0.268209,-1.0,-0.213545,-0.140155,-0.773528,-0.069293,-0.006962,-0.707581,-0.153489
B,0.0,0.0,0.0,-0.063033,0.043995,0.08094,0.181043,0.0015,0.03517,0.243861,-0.186736,0.202056,0.286764,-0.206033,0.213976,0.234203,-0.34738,0.012772,0.290328,-0.338661,0.121084,0.41221,-0.625283,0.090451,0.09992,-0.603541,-0.013125,-0.040981,-0.530803,0.0794,-0.104487,-0.628367,-0.084335,-0.328533,-0.935087,-0.016451,-0.342935,-0.820139,0.061467,-0.550166,-0.799345,0.089374,-0.467626,-1.0,0.113693,-0.633071,-0.893321,0.141539,-0.536085,-0.910728,0.106881,-0.603678,-0.747432,0.083762,-0.338631,-0.835726,0.044647,-0.363379,-0.707346,0.01038,-0.140727,-0.767501,-0.098598
B,0.0,0.0,0.0,0.079677,0.093031,0.011796,0.254229,0.01098,0.098325,0.346133,-0.162018,-0.079991,0.35028,-0.238381,0.043321,0.385893,-0.24385,-0.018426,0.380283,-0.307088,0.026752,0.319596,-0.523652,-0.059861,0.175705,-0.610835,0.0168,0.105735,-0.748522,0.075863,0.01801,-0.824154,-0.072605,-0.121211,-0.672129,-0.106906,-0.177492,-0.735674,-0.05654,-0.356221,-0.927371,-0.00695,-0.404979,-0.824698,0.099067,-0.483209,-1.0,0.035868,-0.405494,-0.836441,0.017409,-0.372636,-0.728308,0.057194,-0.329085,-0.836527,0.003635,-0.090102,-0.785779,-0.006798,-0.113163,-0.672318,0.107105
B,0.0,0.0,0.0,-0.069051,-0.004348,0.026487,0.223454,-0.164561,0.006984,0.247736,-0.124628,0.013869,0.462626,-0.249749,-0.049646,0.327544,-0.414443,-0.123896,0.418065,-0.419621,0.039003,0.262642,-0.653516,-0.049344,0.218366,-0.721636,-0.202915,0.035992,-0.743019,-0.034169,-0.023063,-0.761924,-0.025174,-0.115487,-0.963204,0.00179,-0.266763,-0.986981,-0.114367,-0.451254,-0.975285,0.056779,-0.506726,-1.0,-0.015865,-0.42091,-0.939915,0.024699,-0.495598,-0.840903,-0.011182,-0.356778,-0.890702,0.020138,-0.201442,-0.947603,-0.008866,-0.348532,-0.784645,0.107105,-0.036313,-0.739997,-0.038322
B,0.0,0.0,0.0,0.174234,0.029875,-0.026999,0.182838,0.026813,-0.111295,0.369023,-0.079331,-0.189399,0.379888,-0.090726,-0.099005,0.438491,-0.320947,-0.11166,0.32136,-0.29713,-0.126747,0.349073,-0.36857,-0.103418,0.232855,-0.595964,-0.166135,0.06941,-0.634053,-0.19985,-0.081907,-0.811059,-0.218501,-0.126826,-0.827682,-0.162794,-0.126272,-0.712892,-0.037502,-0.318231,-0.729974,-0.173658,-0.450413,-1.0,-0.029045,-0.335464,-0.853342,-0.112684,-0.479998,-0.777874,-0.019354,-0.502064,-0.753936,-0.119954,-0.303683,-0.723325,-0.130075,-0.216928,-0.73909,-0.073589,-0.064797,-0.684043,-0.241222
B,0.0,0.0,0.0,0.187636,0.009275,0.085987,0.254112,-0.203774,-0.136551,0.316379,-0.266554,0.064536,0.365427,-0.351121,-0.082564,0.325781,-0.390069,0.135686,0.35694,-0.494616,0.066313,0.250561,-0.585973,-0.065946,0.272754,-0.689595,-0.014033,0.053765,-0.73418,0.094946,-0.082839,-0.873653,-0.026804,-0.086679,-0.945075,-0.218955,-0.161107,-0.899836,-0.129275,-0.383235,-0.873061,0.102119,-0.344668,-1.0,0.030143,-0.444927,-0.911696,-0.021639,-0.482334,-0.905935,0.035457,-0.294593,-0.994971,0.026881,-0.371148,-0.922766,-0.083218,-0.24134,-0.989482,0.040281,-0.044195,-0.982623,0.063218
B,0.0,0.0,0.0,0.134908,-0.132734,0.06095,0.066852,-0.023678,0.096847,0.100159,-0.241305,0.058531,0.114055,-0.259428,0.040928,0.094982,-0.27077,0.032825,0.085767,-0.451922,0.050599,-0.001385,-0.510335,-0.039663,0.132929,-0.583888,-0.014703,-0.128474,-0.701804,0.040784,-0.199591,-0.776332,0.006353,-0.35378,-0.838909,-0.119611,-0.361451,-0.838516,-0.019472,-0.391131,-0.877495,-0.016529,-0.518306,-0.868907,0.091743,-0.628003,-0.863599,0.061251,-0.55881,-1.0,0.052369,-0.443267,-0.906564,0.034021,-0.50842,-0.908754,-0.083071,-0.397671,-0.795514,0.034358,-0.279478,-0.776171,0.083981
B,0.0,0.0,0.0,0.176447,0.086418,-0.003253,0.251388,-0.052184,-0.01274,0.328623,-0.253959,-0.05936,0.402349,-0.267892,0.072216,0.388738,-0.403756,0.04188,0.279809,-0.339559,-0.067748,0.28954,-0.604194,0.043417,0.188211,-0.661067,0.04541,0.098677,-0.674434,-0.09003,-0.126204,-0.77552,-0.043743,-0.113923,-0.847453,0.003106,-0.385036,-0.755955,-0.003965,-0.321311,-0.970686,0.049685,-0.524787,-0.894296,0.023055,-0.464006,-0.875266,-0.025074,-0.505519,-0.877707,0.205837,-0.423003,-0.845507,0.046226,-0.201674,-0.977697,0.043487,-0.341698,-1.0,0.036504,-0.098443,-0.820133,-0.011335
B,0.0,0.0,0.0,-0.125493,-0.01122,-0.02891,-0.008834,0.026071,0.076862,0.103954,-0.31267,-0.015959,0.316159,-0.261847,0.074828,0.24692,-0.322184,-0.063005,-0.0268,-0.384501,-0.079678,0.08375,-0.600644,-0.064081,-0.011764,-0.589913,-0.135168,-0.044081,-0.724922,-0.180113,-0.246821,-0.75272,-0.061134,-0.271384,-0.825608,-0.068984,-0.539654,-0.798471,-0.032243,-0.585383,-1.0,0.068857,-0.699457,-0.926697,0.016676,-0.726241,-0.982813,-0.131938,-0.595666,-0.9085,0.195573,-0.663963,-0.91115,-0.037141,-0.510592,-0.855454,0.02318,-0.490823,-0.886177,-0.151749,-0.456508,-0.804915,-0.074165
B,0.0,0.0,0.0,0.128728,-0.231167,-0.0918,0.208967,-0.219383,-0.085951,0.279559,-0.272429,-0.076146,0.377134,-0.30545,-0.096422,0.453834,-0.472863,-0.15177,0.376379,-0.550829,-0.050259,0.15042,-0.502378,-0.047584,0.123597,-0.76168,-0.001766,0.068233,-0.797624,-0.252053,-0.021057,-0.825638,-0.068269,-0.199162,-0.957837,-0.074788,-0.155734,-1.0,-0.019719,-0.30077,-0.861219,-0.071458,-0.517067,-0.948372,0.014904,-0.444511,-0.960945,-0.050221,-0.560968,-0.821908,-0.09278,-0.311645,-0.909277,0.032459,-0.247585,-0.893006,-0.114449,-0.129674,-0.966931,-0.038628,-0.136999,-0.750586,-0.086375
B,0.0,0.0,0.0,0.021064,-0.009793,0.158405,0.279058,-0.096467,0.093643,0.223817,-0.198911,0.00441,0.452062,-0.266444,0.253295,0.233045,-0.30809,0.31114,0.225088,-0.444143,0.13149,0.145183,-0.565466,0.168977,0.116858,-0.613932,-0.027658,-0.065804,-0.775239,0.083306,-0.141672,-0.803064,0.120228,-0.161498,-0.931093,0.136652,-0.375852,-0.821061,0.054632,-0.293173,-0.993957,0.036506,-0.414554,-1.0,0.215197,-0.456755,-0.98263,0.124686,-0.466682,-0.992061,0.218229,-0.643326,-0.936275,0.115151,-0.289911,-0.8942,0.160628,-0.264097,-0.978947,0.237655,-0.029728,-0.851211,0.214387
B,0.0,0.0,0.0,0.184246,-0.021318,0.052336,0.279081,-0.123113,0.065958,0.39476,-0.120796,0.114015,0.305819,-0.185732,-0.042244,0.324857,-0.349019,-0.040013,0.337665,-0.415756,0.058115,0.29372,-0.599231,0.057817,0.171766,-0.58773,-0.004428,0.130496,-0.592795,-0.01136,-0.060174,-0.591372,-0.029301,-0.134978,-0.727725,-0.015273,-0.210672,-0.669084,-0.032242,-0.349311,-0.851644,0.076554,-0.490695,-1.0,-0.014287,-0.528427,-0.896708,0.068851,-0.472425,-0.949071,0.042498,-0.314158,-0.94467,0.084,-0.242026,-0.743451,0.094301,-0.050599,-0.800988,0.001424,-0.105851,-0.751324,0.075692
B,0.0,0.0,0.0,0.315393,-0.01739,-0.016897,0.383016,0.052167,-0.05882,0.525967,0.052714,-0.011787,0.507116,-0.189932,-0.088913,0.698328,-0.335969,-0.096631,0.426107,-0.374989,-0.031941,0.383907,-0.522014,-0.235127,0.3341,-0.633752,-0.010818,0.135655,-0.857983,-0.21836,-0.046583,-0.740435,-0.032401,-0.061396,-0.814331,-0.127536,-0.221469,-0.980182,-0.141017,-0.436954,-0.965447,-0.097161,-0.336219,-0.991677,-0.085515,-0.492471,-0.990929,-0.00399,-0.504818,-0.974238,-0.039816,-0.422989,-1.0,-0.049034,-0.367889,-0.897695,-0.152584,-0.085823,-0.714253,-0.173026,0.008754,-0.9162,-0.051209
B,0.0,0.0,0.0,0.184495,-0.144539,0.128776,0.245289,-0.103348,0.068088,0.369602,-0.202672,0.047418,0.437522,-0.196355,0.04281,0.511617,-0.28791,0.027813,0.318093,-0.457585,0.02671,0.474824,-0.566541,-0.009582,0.193656,-0.585697,-0.011051,0.163073,-0.673749,-0.014345,0.038454,-0.805115,0.061774,-0.040021,-0.873797,0.031996,-0.211791,-0.996011,0.061707,-0.155565,-0.98367,0.015131,-0.396066,-0.891191,0.111807,-0.378938,-0.995206,0.100157,-0.462658,-0.91345,0.152523,-0.400126,-1.0,0.190518,-0.285071,-0.801077,0.063037,-0.157367,-0.818053,-0.003743,-0.023617,-0.845303,-0.050834
B,0.0,0.0,0.0,0.016835,0.075226,0.088989,0.266851,-0.114429,-0.069826,0.413151,-0.173839,0.002113,0.359175,-0.17761,0.04687,0.429131,-0.275733,-0.036394,0.274059,-0.379707,-0.164673,0.24928,-0.633928,-0.035957,0.149877,-0.652567,-0.057946,-0.01451,-0.557785,0.094339,-0.141698,-0.676083,-0.056179,-0.179149,-0.843324,-0.062981,-0.235468,-0.873134,-0.03298,-0.481161,-0.96805,-0.090092,-0.45754,-1.0,0.020161,-0.396738,-0.838009,0.047452,-0.486709,-0.778899,0.086503,-0.459039,-0.977167,0.070074,-0.30553,-0.896573,0.047105,-0.283128,-0.837698,-0.158692,-0.155029,-0.734175,-0.054352
B,0.0,0.0,0.0,0.108585,-0.064608,0.090207,0.301324,-0.107914,0.047046,0.358908,-0.09992,-0.101522,0.443781,-0.277016,-0.010637,0.572713,-0.313514,-0.026438,0.202852,-0.337953,-0.114728,0.224574,-0.560811,0.059351,0.255545,-0.644393,-0.03725,0.040026,-0.710537,-0.063701,0.020758,-0.72722,-0.033039,-0.205054,-0.80424,-0.063368,-0.376572,-0.930563,-0.031958,-0.334069,-0.94354,-0.1018,-0.462907,-0.934934,0.016741,-0.433379,-0.868492,-0.026131,-0.534592,-1.0,0.067862,-0.341639,-0.924796,-0.007293,-0.259291,-0.837276,0.023646,-0.339382,-0.794171,-0.094803,-0.20926,-0.838698,-0.091235
B,0.0,0.0,0.0,0.235162,-0.092142,0.023842,0.207801,0.046711,-0.037437,0.360333,-0.115824,0.06547,0.319935,-0.152547,0.05308,0.479913,-0.127849,-0.083166,0.47019,-0.416332,0.027091,0.331251,-0.543469,0.00956,0.195051,-0.720948,-0.145515,0.153667,-0.603353,-0.108923,0.068416,-0.888081,-0.149453,-0.189894,-0.859471,-0.098248,-0.243588,-0.93161,-0.074258,-0.402565,-0.997607,-0.070047,-0.481826,-0.95391,-0.038565,-0.498816,-0.971532,0.067218,-0.583649,-0.977772,0.182167,-0.524896,-1.0,0.020514,-0.51714,-0.885622,0.107873,-0.363256,-0.983605,-0.187056,-0.048065,-0.721911,-0.135266
B,0.0,0.0,0.0,0.051173,-0.259838,-0.135736,0.132979,-0.195299,-0.085213,0.294612,-0.171848,-0.078528,0.336178,-0.301287,-0.067882,0.335854,-0.399567,0.037895,0.176155,-0.518327,-0.107342,0.233908,-0.497021,-0.119414,0.045658,-0.601521,-0.088511,-0.082777,-0.7236,-0.234506,-0.115915,-0.838942,-0.092746,-0.178881,-0.912041,-0.079272,-0.369919,-0.854427,-0.163218,-0.389015,-0.867865,-0.066525,-0.345521,-0.912678,-0.062928,-0.47614,-0.895305,-0.04478,-0.449768,-1.0,-0.049243,-0.384023,-0.914234,-0.151264,-0.251478,-0.821051,-0.103414,-0.315234,-0.872717,-0.031263,-0.135771,-0.833383,-0.095113
B,0.0,0.0,0.0,0.129427,-0.172175,-0.221242,0.162981,-0.271949,-0.041683,0.305122,-0.340672,-0.060897,0.399067,-0.305209,-0.161754,0.372119,-0.503913,-0.004642,0.404735,-0.560989,-0.122372,0.275712,-0.72825,-0.074489,0.206312,-0.615493,-0.176221,0.08512,-0.838867,-0.178862,-0.059731,-0.752103,-0.159719,-0.092649,-0.886923,-0.184598,-0.212632,-0.86619,-0.16483,-0.237671,-0.977768,-0.102527,-0.312476,-0.977127,-0.054514,-0.390349,-0.927468,-0.189664,-0.475071,-0.885784,0.018243,-0.380187,-0.917414,-0.033688,-0.214665,-1.0,-0.119396,-0.184367,-0.809248,0.066208,-0.070943,-0.912439,-0.077772
B,0.0,0.0,0.0,0.088362,-0.010579,0.011082,0.149565,-0.048162,0.160778,0.196023,-0.201277,0.169565,0.170419,-0.23129,0.006453,0.321819,-0.35937,0.156769,0.263697,-0.506812,0.148787,0.273796,-0.464704,-0.004562,0.077176,-0.593152,-0.016608,0.097689,-0.668858,-0.14806,-0.098715,-0.764497,0.014291,-0.256167,-0.746372,0.097494,-0.320543,-0.855968,0.042474,-0.422403,-0.909213,0.099625,-0.454531,-0.775938,0.158205,-0.552467,-0.818303,0.033327,-0.460795,-0.887904,0.030855,-0.446071,-1.0,-0.021233,-0.403919,-0.805045,0.048883,-0.396133,-0.833689,0.076924,-0.153913,-0.75993,0.105986
B,0.0,0.0,0.0,-2.5e-05,-0.005868,0.112539,0.243374,0.031725,0.033487,0.367346,-0.149817,0.157979,0.324744,-0.175366,0.154548,0.325732,-0.300057,0.129243,0.305066,-0.497685,0.167036,0.22311,-0.49377,0.080952,0.124766,-0.661257,0.004073,-0.064725,-0.695175,-0.00568,-0.085852,-0.849348,0.084815,-0.184204,-0.708752,-0.027964,-0.36257,-0.82831,-0.00731,-0.475004,-0.775247,-0.013787,-0.583098,-0.796347,0.012424,-0.530854,-1.0,0.17342,-0.56893,-0.865069,0.120468,-0.41155,-0.850637,-0.061323,-0.417433,-0.8067,-0.016566,-0.248405,-0.744953,0.07954,-0.225259,-0.617756,0.047082
B,0.0,0.0,0.0,0.023057,-0.129766,-0.282373,0.226579,-0.152272,-0.119365,0.249208,-0.377793,-0.086947,0.429484,-0.366751,-0.086223,0.249219,-0.38822,-0.151521,0.276829,-0.556595,-0.169697,0.292665,-0.681927,-0.189454,0.180588,-0.75428,-0.06619,0.023218,-0.805134,-0.25127,0.074758,-0.794992,-0.24788,-0.086923,-0.872043,-0.161964,-0.287016,-0.972809,-0.139927,-0.388265,-0.835348,-0.222397,-0.317208,-0.969013,-0.105199,-0.390266,-1.0,-0.058131,-0.608301,-0.99267,-0.169716,-0.474278,-0.939289,-0.094074,-0.277366,-0.884071,-0.176223,-0.201444,-0.86387,-0.093802,-0.062582,-0.844558,-0.228905
B,0.0,0.0,0.0,0.19479,0.038473,0.040362,0.289282,-0.070111,0.023287,0.308025,-0.287264,0.017436,0.46022,-0.303886,0.046231,0.473085,-0.315521,-0.027936,0.484501,-0.374638,-0.052002,0.290024,-0.471789,-0.003639,0.094153,-0.754045,-0.029145,0.050623,-0.771494,-0.018849,0.106785,-0.838771,0.056448,-0.028227,-0.776897,0.011387,-0.392664,-0.892107,0.085123,-0.357635,-0.829032,0.093751,-0.380082,-0.888728,0.075833,-0.631217,-1.0,0.150246,-0.50276,-0.965582,-0.007962,-0.270318,-0.805212,-0.004979,-0.305658,-0.944726,0.085034,-0.170284,-0.806789,0.04297,0.130634,-0.910014,-0.124235
B,0.0,0.0,0.0,0.087731,-0.006019,0.061656,0.315318,-0.044955,0.135379,0.431591,-0.14763,0.136298,0.446234,-0.328734,-0.023863,0.458512,-0.251619,0.289383,0.417344,-0.332948,0.101979,0.361651,-0.375152,-0.062634,0.271565,-0.440198,0.095817,0.240068,-0.734297,0.062538,-0.014502,-0.929474,-0.020249,-0.234098,-0.769041,0.141621,-0.254536,-0.8157,0.084935,-0.292452,-0.905372,0.124034,-0.471381,-0.868561,0.109097,-0.41284,-1.0,0.072133,-0.426084,-0.908069,0.121984,-0.362921,-0.921586,0.131878,-0.241288,-0.733144,0.2446,-0.252537,-0.723861,0.036556,-0.167666,-0.958226,0.208002
B,0.0,0.0,0.0,0.217934,-0.063366,-0.006154,0.303465,-0.193317,0.038853,0.216188,-0.266291,0.111093,0.272615,-0.353353,0.09578,0.3769,-0.217945,0.202313,0.331777,-0.403977,0.113397,0.291216,-0.629334,0.04404,0.231824,-0.648284,0.057071,0.08632,-0.774555,0.0265,0.040637,-0.845104,0.080392,-0.219456,-0.862099,0.013713,-0.256065,-0.902503,0.169126,-0.360365,-0.733584,0.096146,-0.361659,-0.872468,0.249844,-0.461087,-0.974032,0.048122,-0.387459,-1.0,0.100629,-0.237151,-0.856466,0.072451,-0.312977,-0.781185,0.022193,-0.053904,-0.685851,0.072672,-0.059116,-0.718612,0.108032
B,0.0,0.0,0.0,0.192852,0.029784,0.017403,0.23811,-0.159473,0.060733,0.379445,-0.192783,0.10522,0.286633,-0.216081,0.118104,0.356021,-0.328796,0.120043,0.326784,-0.502761,0.20572,0.281112,-0.505401,0.135219,0.46164,-0.665288,0.083102,0.084156,-0.698825,-0.000564,-0.060336,-0.734979,-0.048069,-0.04626,-0.783861,0.083399,-0.245288,-0.851537,0.091808,-0.379026,-0.876707,0.038199,-0.423124,-1.0,0.19652,-0.438656,-0.78863,0.190449,-0.470022,-0.919546,0.28792,-0.233847,-0.830506,0.132969,-0.313086,-0.774403,0.055185,-0.304959,-0.858796,0.082929,-0.133604,-0.753124,-0.005906
B,0.0,0.0,0.0,0.154801,-0.042227,0.032059,0.337008,-0.179645,-0.009098,0.24408,-0.246054,0.080676,0.444365,-0.239762,-0.088657,0.442535,-0.491584,0.061659,0.332893,-0.424875,-0.089762,0.371605,-0.640794,-0.068307,0.160437,-0.739549,-0.037666,0.228999,-0.547524,-0.045809,0.076747,-0.757982,-0.020936,-0.122501,-0.811988,-0.009084,-0.238926,-0.866648,-0.028916,-0.238207,-0.950364,-0.009903,-0.230823,-0.826741,0.091001,-0.371293,-0.875592,0.080693,-0.272312,-1.0,-0.056838,-0.247972,-0.879061,-0.025282,-0.333456,-0.870932,-0.083778,-0.040182,-0.812737,-0.021205,-0.02366,-0.729546,0.021566
B,0.0,0.0,0.0,0.099748,-0.041632,0.039518,0.1799,-0.017103,-0.063632,0.28125,-0.160753,0.108651,0.333919,-0.123602,0.148066,0.384354,-0.227023,0.064259,0.271915,-0.360658,0.074589,0.189407,-0.486653,0.002904,0.063668,-0.517754,-0.008001,0.146243,-0.79432,-0.058027,-0.11104,-0.680907,0.006538,-0.216076,-0.889377,-0.086722,-0.328578,-0.94759,-0.02726,-0.409594,-0.948986,0.135928,-0.425596,-1.0,-0.014935,-0.689529,-0.945295,0.110101,-0.557382,-0.84867,-0.040433,-0.432826,-0.894083,0.053973,-0.416007,-0.91431,-0.039867,-0.243285,-0.773885,0.086783,-0.167609,-0.76443,-0.11795
B,0.0,0.0,0.0,0.174299,0.052841,-0.066751,0.185271,-0.096588,-0.075288,0.246936,-0.200011,-0.097064,0.453787,-0.388462,-0.011314,0.304851,-0.431288,-0.025231,0.386875,-0.355798,-0.067275,0.414206,-0.489598,-0.147218,0.220957,-0.531771,-0.202637,0.052829,-0.707663,-0.295132,-0.013601,-0.874546,-0.158,-0.084731,-0.839855,-0.045323,-0.339131,-0.774596,-0.091828,-0.443339,-0.703995,-0.118998,-0.451199,-0.975414,-0.111418,-0.43203,-0.878,-0.105232,-0.377049,-0.896027,-0.206698,-0.385095,-1.0,-0.069555,-0.365305,-0.813889,-0.024114,-0.266745,-0.729658,-0.153833,0.016432,-0.794686,-0.198094
B,0.0,0.0,0.0,0.045862,-0.024301,0.179403,0.054211,-0.087673,0.143931,0.294849,-0.076672,0.100459,0.320088,-0.221324,0.109023,0.318684,-0.326968,0.040671,0.27592,-0.505888,0.164914,0.022669,-0.541806,0.047427,0.037125,-0.645675,0.060989,0.080886,-0.948492,0.115366,-0.147999,-0.784087,0.071031,-0.291864,-0.848138,0.001083,-0.500883,-0.857424,-0.007819,-0.5136,-1.0,0.090171,-0.525569,-0.943975,-0.006316,-0.607347,-0.989694,0.240256,-0.554054,-0.888094,0.108248,-0.53343,-0.96011,0.084677,-0.372303,-0.813124,0.105384,-0.219723,-0.95074,0.027442,-0.229389,-0.829587,0.010293
B,0.0,0.0,0.0,0.123037,-0.130382,0.166543,0.16518,-0.193729,0.044887,0.271617,-0.137103,0.110055,0.372553,-0.200474,0.068308,0.325958,-0.194067,-0.080405,0.317053,-0.414157,0.060115,0.185462,-0.640309,-0.007384,0.170409,-0.508559,-0.125097,0.114995,-0.53322,-0.072251,-0.185175,-0.801925,-0.044002,-0.185012,-0.875097,0.075014,-0.421485,-1.0,0.062258,-0.600266,-0.920703,0.224726,-0.509252,-0.997193,0.021722,-0.543258,-0.905271,0.084417,-0.604826,-0.783983,0.057453,-0.435274,-0.922678,0.122017,-0.42413,-0.830317,-0.050319,-0.3689,-0.77113,-0.037367,-0.234398,-0.836511,0.022122
B,0.0,0.0,0.0,0.034535,-0.140483,0.041914,0.220321,-0.033621,0.099754,0.399857,-0.058698,0.035462,0.444214,-0.307721,0.202901,0.546903,-0.361041,0.050333,0.4797,-0.468474,-0.039387,0.386479,-0.549157,-0.003461,0.180698,-0.761666,-0.017004,0.185724,-0.743988,0.05471,-0.047152,-0.871684,-0.046011,-0.130257,-0.806595,-0.083097,-0.146988,-0.768715,-0.015446,-0.24901,-1.0,0.080646,-0.327677,-0.88225,0.025654,-0.627971,-0.981749,-0.003692,-0.487213,-0.91633,0.012445,-0.432604,-0.973435,-0.015627,-0.22407,-0.918688,-0.018388,-0.22742,-0.821846,0.026615,-0.282126,-0.748913,0.072997
B,0.0,0.0,0.0,0.151714,0.033955,-0.086695,0.23937,0.06079,0.003474,0.497631,-0.107175,-0.053292,0.506271,-0.234521,0.040796,0.491495,-0.292033,0.110985,0.532221,-0.40063,-0.060653,0.347655,-0.319911,0.069226,0.456538,-0.529977,0.01587,0.186109,-0.722837,-0.137546,0.032214,-0.709468,-0.054244,-0.073454,-0.797825,-0.065233,-0.259053,-0.979334,-0.039597,-0.420559,-1.0,0.1452,-0.46336,-0.938327,0.025937,-0.343999,-0.850232,0.137696,-0.399324,-0.947106,-0.008931,-0.233218,-0.961124,0.116858,-0.214452,-0.916379,0.126485,-0.125107,-0.719476,-0.004786,-0.144848,-0.852472,0.023118
B,0.0,0.0,0.0,0.147937,0.109555,0.178761,0.262323,-0.047249,0.189399,0.364364,-0.134961,0.148458,0.29747,-0.263966,0.186689,0.342031,-0.31899,0.182058,0.394065,-0.350019,0.138791,0.190997,-0.553897,0.115961,0.066073,-0.528357,0.105566,0.10301,-0.612159,0.044679,-0.007207,-0.781894,0.075286,-0.221114,-0.720704,0.073076,-0.236285,-1.0,0.194909,-0.305846,-0.895025,0.121491,-0.413854,-0.760226,0.037221,-0.418189,-0.972162,0.165549,-0.479767,-0.926126,0.168328,-0.495214,-0.806245,0.041068,-0.306834,-0.869274,0.066597,-0.227175,-0.922498,0.127191,-0.216988,-0.760931,0.043122
B,0.0,0.0,0.0,0.150836,-0.174389,0.117142,0.384334,0.056804,0.095583,0.399922,-0.335767,0.199383,0.449129,-0.334943,0.177326,0.391057,-0.428503,0.111561,0.309889,-0.425255,-0.01343,0.249201,-0.655823,0.090299,0.18683,-0.778957,-0.021057,0.11254,-0.852071,-0.068102,0.13335,-0.90313,-0.010306,-0.164546,-0.932106,0.065545,-0.1909,-0.967902,-0.043923,-0.264266,-0.981115,0.181403,-0.572615,-0.973198,0.21335,-0.473191,-1.0,0.113788,-0.479824,-0.991848,0.072434,-0.439469,-0.862807,0.119179,-0.300456,-0.863293,0.052672,-0.265808,-0.93047,0.05003,-0.163143,-0.896071,-0.005749
B,0.0,0.0,0.0,0.105971,0.163991,0.093238,0.101882,0.032831,-0.116209,0.20089,-0.061171,0.000206,0.202624,0.032299,0.23847,0.270896,-0.239677,-0.047165,0.261832,-0.178014,0.001549,-0.021293,-0.369653,0.071537,-0.062659,-0.509238,0.011939,-0.07416,-0.675433,0.044218,-0.238377,-0.80834,-0.186765,-0.252609,-0.714445,-0.013113,-0.509752,-0.849193,-0.08099,-0.614443,-1.0,-0.031919,-0.678159,-0.806796,0.041624,-0.628312,-0.748517,0.137967,-0.644598,-0.834152,-0.013828,-0.574651,-0.682649,0.07721,-0.399148,-0.893838,-0.05423,-0.363863,-0.725588,0.109406,-0.295265,-0.781146,-0.028288
C,0.0,0.0,0.0,0.307065,0.048778,-0.177899,0.322486,-0.146576,0.05425,0.381716,-0.226347,-0.023722,0.41577,-0.134999,-0.08464,0.356464,-0.510456,-0.046757,0.374906,-0.563224,0.022664,0.385495,-0.562759,0.01283,0.27463,-0.718359,-0.184646,0.155778,-0.713529,-0.105054,-0.10656,-0.769787,-0.172949,-0.185732,-0.76346,-0.154145,-0.413388,-0.988096,-0.011354,-0.369172,-0.941104,-0.100108,-0.40873,-1.0,-0.019036,-0.515859,-0.994682,-0.076074,-0.464662,-0.911241,-0.008817,-0.646848,-0.939412,-0.064279,-0.163349,-0.927639,-0.041027,-0.041711,-0.913446,-0.046479,-0.076154,-0.826646,-0.157216
C,0.0,0.0,0.0,0.201061,-0.173106,-0.121484,0.242396,-0.199075,-0.066186,0.332346,-0.288379,0.092113,0.283301,-0.465839,-0.036019,0.385769,-0.587061,-0.14338,0.276471,-0.589787,-0.042274,0.263439,-0.67475,-0.165853,0.241528,-0.773234,-0.134215,0.089295,-0.803816,-0.085776,-0.051137,-0.775608,-0.100371,-0.094776,-1.0,-0.029685,-0.317964,-0.831433,-0.049532,-0.378174,-0.887951,0.010345,-0.347006,-0.987622,-0.051837,-0.396193,-0.925016,0.02776,-0.490945,-0.88833,-0.029147,-0.375859,-0.927699,-0.031623,-0.45774,-0.901043,-0.082607,-0.13127,-0.882987,-0.062493,0.029309,-0.761024,-0.015937
C,0.0,0.0,0.0,0.130511,-0.062261,-0.004079,0.33157,-0.165791,0.088591,0.394883,-0.167134,-0.035457,0.362998,-0.26492,0.108897,0.26033,-0.452841,0.103011,0.245056,-0.522055,0.122005,0.221098,-0.639144,-0.055472,0.149962,-0.761636,-0.031269,0.037196,-0.666624,0.018673,-0.150052,-0.736648,-0.042744,-0.299925,-0.871916,0.079137,-0.312234,-0.893691,0.109052,-0.494108,-0.995863,-0.080191,-0.427186,-0.907168,0.1406,-0.449951,-0.936129,0.052836,-0.436624,-1.0,0.229008,-0.355401,-0.854627,0.086659,-0.258832,-0.849471,-0.008985,-0.16004,-0.788389,-0.040045,0.010525,-0.771205,0.040093
C,0.0,0.0,0.0,0.077957,-0.107743,0.002502,0.129324,-0.194371,0.172078,0.094556,-0.300258,0.110381,0.274032,-0.373006,0.05848,0.32277,-0.401607,0.180885,0.065256,-0.449962,0.063869,0.169373,-0.606103,-0.056299,0.037631,-0.62511,-0.012769,-0.041294,-0.82867,-0.078709,-0.303213,-0.851544,0.006739,-0.355102,-0.699045,-0.038447,-0.466846,-0.904999,-0.076919,-0.558808,-0.855261,-0.004667,-0.660869,-1.0,-0.024283,-0.617121,-0.847524,-0.072955,-0.621248,-0.900326,-0.10436,-0.597573,-0.930597,-0.041808,-0.438325,-0.865888,-0.041863,-0.310086,-0.708726,0.086859,-0.345291,-0.76228,-0.056868
C,0.0,0.0,0.0,0.107221,-0.063226,-0.044457,0.159413,-0.077388,0.062693,0.304077,-0.198199,0.049148,0.342902,-0.178314,0.02439,0.266823,-0.327068,-0.055594,0.231857,-0.381875,0.038124,0.159454,-0.501452,-0.072287,0.127502,-0.600703,-0.053931,-0.048006,-0.67161,-0.073217,-0.100645,-0.752581,0.054523,-0.163057,-0.830384,-0.030425,-0.393852,-0.827796,0.106439,-0.449221,-0.803178,0.03474,-0.539838,-0.883316,-0.056822,-0.546704,-1.0,0.063062,-0.342985,-0.796369,-0.056979,-0.457227,-0.810495,-0.03959,-0.281985,-0.704697,-0.0632,-0.187899,-0.633715,0.108169,0.059429,-0.762491,0.147292
C,0.0,0.0,0.0,0.108344,0.011299,-0.097416,0.237171,0.00015,0.01025,0.338576,-0.1461,0.106056,0.245885,-0.235094,-0.001945,0.374776,-0.303066,-0.082936,0.246932,-0.623286,-0.056969,0.337761,-0.592893,-0.136377,0.098958,-0.785659,-0.139183,0.03532,-0.846403,0.012623,-0.132804,-0.825376,-0.087097,-0.202633,-0.829445,-0.031302,-0.332796,-0.939227,0.002928,-0.487171,-0.944793,-0.03378,-0.550954,-1.0,0.039851,-0.439415,-0.856835,-0.072104,-0.416883,-0.944691,0.064486,-0.513325,-0.883974,0.035113,-0.460236,-0.819122,0.092278,-0.24648,-0.734116,-0.040754,-0.039861,-0.966832,0.126636
C,0.0,0.0,0.0,0.037197,-0.142921,0.194662,0.149141,-0.181489,0.259324,0.250633,-0.131004,0.186622,0.128356,-0.226897,0.162663,0.127408,-0.301526,0.318554,0.181824,-0.346455,0.154177,0.07965,-0.646268,0.242912,-0.055555,-0.641499,0.067352,-0.158378,-0.70307,0.070302,-0.288086,-0.765129,0.212832,-0.342573,-0.94724,0.073127,-0.497152,-0.914823,0.058013,-0.539402,-0.952567,0.028006,-0.712445,-1.0,0.165516,-0.526622,-0.938202,0.123075,-0.622325,-0.960865,0.208894,-0.534808,-0.821775,0.175334,-0.3649,-0.812491,0.109078,-0.205985,-0.823746,0.078106,-0.114488,-0.672516,0.114583
C,0.0,0.0,0.0,0.246181,-0.006481,-0.021991,0.362593,-0.141506,0.059096,0.308997,-0.174406,-0.014376,0.361411,-0.325194,0.084102,0.311161,-0.450002,0.124935,0.389873,-0.666071,-0.083635,0.117834,-0.663265,-0.285792,0.131017,-0.767858,-0.079147,-0.096558,-0.762902,-0.122149,-0.008035,-0.73765,-0.037103,-0.263368,-0.750269,-0.190089,-0.450695,-0.9322,0.095768,-0.452906,-0.959623,-0.14191,-0.425865,-0.884948,0.034033,-0.55219,-0.993002,-0.099763,-0.478774,-1.0,-0.089391,-0.453944,-0.93186,-0.052889,-0.299354,-0.861755,-0.052303,-0.203675,-0.907132,-0.046065,-0.077259,-0.917788,-0.004144
C,0.0,0.0,0.0,0.236977,-0.059766,-0.082305,0.334924,-0.086618,-0.084289,0.286635,-0.35217,-0.02595,0.368913,-0.226878,-0.015897,0.461323,-0.44478,0.023323,0.296865,-0.442038,-0.170003,0.275229,-0.720801,-0.110707,0.189259,-0.709766,-0.180256,0.09879,-0.759173,-0.151894,-0.08026,-0.640369,-0.040924,-0.126479,-0.838539,-0.096496,-0.471927,-0.948378,-0.12203,-0.519646,-1.0,-0.201914,-0.447644,-0.87232,0.023672,-0.432345,-0.983782,-0.168344,-0.555645,-0.985901,-0.09623,-0.39077,-0.943346,-0.021888,-0.307597,-0.845736,0.015653,-0.260728,-0.789932,-0.082176,-0.080961,-0.734522,-0.041942
C,0.0,0.0,0.0,0.160447,-0.004549,0.020031,0.397391,-0.21554,0.008174,0.28249,-0.153921,-0.085234,0.400785,-0.326029,-0.029887,0.278325,-0.40964,0.078708,0.333958,-0.432459,0.098383,0.280628,-0.605,-0.002219,0.127188,-0.688218,-0.15203,0.108187,-0.757465,-0.04747,-0.147716,-0.767269,-0.109804,-0.208928,-0.788126,0.004585,-0.307386,-1.0,0.169603,-0.271609,-0.852958,-0.060165,-0.446923,-0.942434,0.093143,-0.436819,-0.950498,-0.011079,-0.357146,-0.772787,0.124712,-0.323905,-0.87126,-0.202141,-0.266888,-0.825695,0.007778,-0.173056,-0.885894,0.015324,-0.011797,-0.727568,0.021751
C,0.0,0.0,0.0,0.087279,-0.022833,0.098433,0.230483,0.04397,0.201601,0.263445,-0.468562,0.13888,0.255868,-0.34667,0.017311,0.259807,-0.346806,-0.080156,0.172052,-0.469295,0.056238,0.217546,-0.650859,-0.081027,0.028021,-0.67044,0.077909,-0.208988,-0.786574,-0.134687,-0.314739,-0.770819,0.00116,-0.293754,-0.828337,-0.061119,-0.471713,-0.775018,-0.025198,-0.476385,-0.952702,-0.118158,-0.731166,-1.0,0.110577,-0.543609,-0.883984,-0.02373,-0.460137,-0.99941,0.06487,-0.515142,-0.915213,0.137253,-0.470699,-0.968788,0.025056,-0.330307,-0.598346,0.050369,-0.199108,-0.891323,-0.154584
C,0.0,0.0,0.0,0.273195,-0.050857,-0.102329,0.314512,-0.177,0.05762,0.354316,-0.23204,-0.212982,0.390175,-0.261484,-0.135894,0.348262,-0.364417,-0.178438,0.434266,-0.559005,-0.121855,0.203748,-0.593159,0.057363,0.233246,-0.772413,-0.053935,0.032027,-0.69592,-0.086866,-0.284803,-0.931997,-0.076333,-0.194177,-0.986554,-0.176458,-0.451636,-0.95749,0.042934,-0.347361,-0.817314,-0.028951,-0.385475,-0.837672,-0.045101,-0.487016,-0.895598,0.043218,-0.48417,-1.0,-0.047264,-0.330918,-0.866035,-0.165918,-0.16215,-0.937163,-0.101198,-0.244489,-0.671726,-0.086909,-0.111504,-0.775739,-0.070404
C,0.0,0.0,0.0,0.090072,-0.233589,-0.012612,0.327032,-0.068134,0.089797,0.38265,-0.259146,0.076382,0.313464,-0.341854,0.074677,0.379872,-0.414134,0.121154,0.335439,-0.489928,-0.003598,0.115482,-0.593466,0.027554,0.112511,-0.686243,0.186049,-0.088527,-0.884476,0.034646,-0.146312,-0.799723,0.051321,-0.155776,-0.963039,-0.010924,-0.310894,-0.851862,0.180235,-0.355621,-0.922748,0.004392,-0.500293,-0.961291,0.119844,-0.462504,-1.0,0.061828,-0.402071,-0.876471,0.127521,-0.378828,-0.771623,0.098884,-0.344367,-0.905425,0.084441,-0.370213,-0.832205,0.036279,-0.185799,-0.856558,0.082062
C,0.0,0.0,0.0,0.104345,0.020092,0.007668,0.096978,-0.022836,0.038751,0.221218,-0.291916,0.046837,0.286037,-0.194218,-0.005514,0.236167,-0.331772,0.065229,0.263553,-0.440392,-0.016806,0.196453,-0.499894,0.006551,0.07228,-0.572928,-0.206543,0.10293,-0.849651,-0.101451,-0.157113,-0.810837,0.006617,-0.342805,-0.833605,-0.087074,-0.358535,-0.889366,-0.025491,-0.495026,-0.937754,0.007579,-0.447025,-0.948298,-0.05022,-0.483498,-0.903242,0.072942,-0.561418,-1.0,-0.014518,-0.495673,-0.86334,-0.029175,-0.31042,-0.848795,0.006681,-0.240562,-0.78921,-0.024794,-0.096912,-0.830655,0.049468
C,0.0,0.0,0.0,0.082924,0.085145,0.173113,0.19504,-0.017307,-0.105729,0.363801,-0.198593,-0.014131,0.2862,-0.177891,0.103483,0.367171,-0.402542,0.132416,0.265524,-0.606271,0.026738,0.158051,-0.475293,-0.058803,0.174559,-0.541392,-0.13946,-0.043544,-0.737642,0.055079,-0.189579,-0.848575,-0.023065,-0.318506,-0.849084,-0.162627,-0.229075,-1.0,-0.051047,-0.48858,-0.778566,-0.102806,-0.395112,-0.870137,0.047704,-0.633269,-0.875053,-0.024262,-0.440526,-0.969636,0.023651,-0.512164,-0.942544,0.078481,-0.332913,-0.746599,-0.12756,-0.17066,-0.618292,-0.051213,0.02808,-0.797949,-0.141739
C,0.0,0.0,0.0,0.092937,-0.083724,0.074053,0.263235,-0.174367,0.119673,0.263587,-0.253476,0.034677,0.408683,-0.396683,0.164565,0.307361,-0.434289,0.046556,0.218337,-0.653734,-0.00837,0.192725,-0.617242,0.105756,0.088288,-0.772569,-0.069941,0.034482,-0.700461,0.096944,-0.071694,-0.811666,0.125693,-0.213696,-0.860105,0.004961,-0.427021,-0.980399,0.042475,-0.414683,-0.829888,0.068407,-0.391632,-0.987854,0.060827,-0.569015,-1.0,0.126663,-0.46064,-0.872828,0.106306,-0.428097,-0.769942,0.080702,-0.244523,-0.907465,0.117183,-0.152882,-0.840372,-0.10147,-0.092903,-0.750691,0.066573
C,0.0,0.0,0.0,0.117094,0.089785,0.154652,0.178163,0.017446,0.087386,0.190639,-0.250665,0.122828,0.306592,-0.230089,-0.022865,0.335437,-0.303679,0.11428,0.380085,-0.532711,0.007547,0.161397,-0.380339,-0.078558,0.206939,-0.561522,0.010481,-0.062169,-0.68099,0.08011,-0.251515,-0.693926,-0.018204,-0.355561,-0.591042,0.048341,-0.37058,-0.727476,-0.060589,-0.377065,-1.0,0.005961,-0.582891,-0.79112,0.093409,-0.578237,-0.823895,0.022746,-0.647256,-0.753827,0.140655,-0.374381,-0.832496,0.132338,-0.412821,-0.66563,0.138405,-0.264605,-0.742172,0.113106,-0.107549,-0.741149,-0.06556
C,0.0,0.0,0.0,0.056487,-0.220156,0.026771,0.145052,-0.180342,-0.07738,0.381266,-0.336298,0.038815,0.323855,-0.356176,-0.159466,0.172006,-0.474339,-0.032884,0.202578,-0.618395,-0.031087,0.240208,-0.646145,-0.036638,0.03846,-0.741091,0.001776,0.006407,-0.783139,0.034322,-0.202168,-0.801817,-0.00512,-0.248184,-0.845033,-0.160779,-0.370471,-0.907479,-0.032698,-0.334495,-0.85158,-0.067547,-0.377687,-0.97574,0.010401,-0.453468,-0.918917,-0.008556,-0.546021,-1.0,-0.026631,-0.497288,-0.853888,0.014024,-0.289095,-0.949097,0.030737,-0.079046,-0.843213,-0.042732,-0.079149,-0.796723,-0.100496
C,0.0,0.0,0.0,0.02237,-0.114306,-0.19992,0.296914,-0.20878,-0.202179,0.301159,-0.13942,-0.065593,0.306196,-0.305199,-0.02246,0.236923,-0.425198,-0.150215,0.182222,-0.527475,-0.071239,0.222361,-0.553607,-0.14985,0.127532,-0.723638,-0.193828,-0.001728,-0.728355,-0.163358,-0.137798,-0.828955,0.013187,-0.185184,-0.82668,-0.187115,-0.368001,-0.89281,-0.138018,-0.532944,-1.0,-0.176474,-0.450865,-0.922062,-0.02831,-0.569493,-0.946349,-0.014827,-0.448876,-0.827989,0.020074,-0.446617,-0.865441,-0.131299,-0.443398,-0.851828,-0.074788,-0.186746,-0.767965,-0.17152,-0.147268,-0.705391,-0.197225
C,0.0,0.0,0.0,0.163359,-0.155881,-0.159674,0.234456,-0.142958,-0.094526,0.333609,-0.208257,-0.053403,0.352561,-0.337569,0.045879,0.243364,-0.363638,0.023524,0.163284,-0.529069,-0.015719,0.261677,-0.612153,-0.164159,0.146935,-0.608357,-0.210625,-0.119092,-0.751918,-0.098084,-0.184385,-0.786887,-0.188322,-0.430764,-0.913087,-0.125004,-0.414018,-0.998578,-0.234588,-0.513982,-0.878637,-0.00483,-0.450179,-1.0,-0.149833,-0.512431,-0.89323,-0.0323,-0.660415,-0.976682,-0.059331,-0.431898,-0.839821,-0.055617,-0.353318,-0.856923,-0.035237,-0.242622,-0.829412,-0.120764,-0.133738,-0.776505,-0.104264
C,0.0,0.0,0.0,0.04163,-0.077339,-0.079573,0.101757,-0.172257,0.046437,0.153067,-0.287659,-0.014807,0.229134,-0.288488,0.060329,0.254743,-0.46208,-0.074139,0.305543,-0.479767,-0.052799,0.19875,-0.602664,-0.0461,0.092897,-0.720403,-0.064647,-0.030702,-0.774908,-0.012371,-0.037755,-0.848012,-0.15115,-0.377189,-0.856976,-0.081818,-0.340312,-0.871332,-0.122075,-0.534834,-0.878979,0.000282,-0.497421,-1.0,0.036858,-0.409421,-0.877194,-0.031453,-0.462855,-0.959062,0.084319,-0.409157,-0.960395,-0.00399,-0.307925,-0.848904,-0.016939,-0.310367,-0.769819,-0.057398,-0.256484,-0.804362,0.022465
C,0.0,0.0,0.0,0.145747,-0.160569,-0.011745,0.195465,-0.23276,0.037314,0.216263,-0.350816,-0.055199,0.424056,-0.335009,0.026379,0.237304,-0.41362,-0.010193,0.277871,-0.593947,-0.010728,0.175365,-0.664284,0.005105,0.020774,-0.662429,-0.012926,-0.044408,-0.813354,-0.075063,-0.086248,-0.831252,-0.035348,-0.105798,-0.897148,-0.153645,-0.256137,-0.798027,-0.012531,-0.443144,-0.922753,-0.083984,-0.38563,-1.0,-0.018929,-0.496902,-0.905009,-0.012425,-0.406906,-0.894934,-0.047386,-0.328958,-0.876592,-0.054587,-0.155004,-0.819774,-0.019296,-0.106202,-0.713425,-0.036926,-0.060674,-0.860236,-0.054453
C,0.0,0.0,0.0,0.171092,-0.05386,-0.085626,0.166989,-0.179477,-0.006132,0.374303,-0.305397,-0.004594,0.403002,-0.338248,0.047909,0.32511,-0.397379,-0.012886,0.34008,-0.620135,-0.041845,0.239771,-0.573027,0.064774,0.090065,-0.597354,-0.100834,0.087649,-0.722382,-0.127845,-0.111106,-0.84886,-0.021099,-0.272201,-0.918377,0.040984,-0.373247,-0.876361,-0.050441,-0.33658,-1.0,-0.055928,-0.398884,-0.988911,0.115575,-0.457924,-0.960659,-0.107375,-0.497717,-0.924156,0.100009,-0.327745,-0.952165,0.0666,-0.294035,-0.801466,0.029153,-0.367077,-0.856872,-0.105697,-0.121068,-0.753951,-0.025307
C,0.0,0.0,0.0,-0.128079,-0.067795,0.091261,0.068588,-0.258369,0.07184,0.187592,-0.182288,0.139155,0.340386,-0.382855,0.181177,0.234902,-0.362109,0.08149,0.263601,-0.483008,0.046623,0.120491,-0.610216,0.103408,-0.054567,-0.682021,0.080486,-0.090304,-0.667379,0.096361,-0.215991,-0.805773,0.065586,-0.308245,-0.990149,0.036651,-0.53772,-0.819987,0.070082,-0.533872,-0.864351,0.122322,-0.645849,-0.932927,0.090584,-0.701294,-0.965846,0.112163,-0.57188,-1.0,0.20232,-0.514235,-0.87475,0.144933,-0.472907,-0.81873,0.078389,-0.371473,-0.783055,0.18087,-0.143642,-0.73629,0.02886
C,0.0,0.0,0.0,0.299428,-0.163721,-0.179001,0.227459,-0.31068,-0.10065,0.454706,-0.290415,-0.069444,0.472215,-0.389019,0.033796,0.507746,-0.459318,-0.138919,0.391837,-0.560861,-0.192127,0.360911,-0.55043,-0.13032,0.112898,-0.780842,-0.148903,0.051882,-0.797195,-0.101113,0.012962,-0.751014,-0.224217,-0.164607,-0.835486,-0.125962,-0.147188,-0.888503,-0.023443,-0.284082,-0.866951,-0.138031,-0.363364,-0.880703,-0.001902,-0.333219,-0.934474,-0.005594,-0.492447,-1.0,-0.046421,-0.303728,-0.851885,-0.091734,-0.188707,-0.91274,-0.075455,-0.061336,-0.761461,-0.00541,0.005324,-0.797572,-0.241028
C,0.0,0.0,0.0,0.113041,0.010584,-0.051636,0.241565,-0.098425,-0.062841,0.294448,-0.315754,-0.046319,0.326278,-0.326151,-0.004471,0.401753,-0.371964,0.021905,0.355614,-0.506583,-0.097806,0.262995,-0.542659,0.008805,0.221209,-0.708377,-0.111557,0.065066,-0.677131,-0.049577,-0.113427,-0.90299,-0.18179,-0.214554,-0.84517,-0.177767,-0.339507,-0.861252,-0.163094,-0.351334,-0.950486,0.023456,-0.516157,-1.0,-0.075352,-0.501514,-0.947955,-0.046678,-0.449199,-0.914235,-0.034187,-0.530315,-0.849537,-0.04396,-0.212371,-0.911343,-0.178527,-0.167441,-0.793971,-0.14453,-0.188992,-0.687546,0.001632
C,0.0,0.0,0.0,0.262743,-0.060985,-0.115792,0.318545,-0.219487,-0.006026,0.339653,-0.167515,-0.010837,0.403364,-0.344075,0.008245,0.540091,-0.422004,-0.006178,0.546031,-0.460505,-0.174052,0.355777,-0.557303,-0.145645,0.346306,-0.776284,-0.25526,0.169674,-0.784438,-0.203999,-0.098457,-0.816598,-0.162814,-0.055463,-0.866117,-0.157295,-0.130598,-1.0,-0.09155,-0.417448,-0.987152,-0.192767,-0.298645,-0.937902,-0.089065,-0.447216,-0.945927,-0.129435,-0.319056,-0.975267,0.019959,-0.40324,-0.935602,0.035994,-0.223773,-0.941055,-0.083474,-0.110845,-0.877584,-0.19731,0.246066,-0.811229,-0.276229
C,0.0,0.0,0.0,-0.048447,-0.053464,0.056672,-0.017604,-0.048413,0.059384,0.289828,-0.167507,0.026904,0.293445,-0.393739,-0.036799,0.189898,-0.419098,0.046889,0.157274,-0.466705,0.066494,0.044998,-0.593718,0.051533,-0.17399,-0.70253,0.047409,-0.119548,-0.750325,-0.035758,-0.226727,-0.987427,0.039726,-0.240101,-1.0,-0.030045,-0.5345,-0.958385,-0.032598,-0.54152,-0.928947,0.099293,-0.745782,-0.923687,0.146279,-0.581574,-0.95843,0.108815,-0.544541,-0.832199,0.029871,-0.481786,-0.944964,0.078579,-0.571853,-0.928899,0.001852,-0.383715,-0.955841,0.01872,-0.252855,-0.848291,-0.082207
C,0.0,0.0,0.0,0.274264,-0.062768,0.110042,0.388893,-0.164536,0.048366,0.42011,-0.189947,0.079668,0.486918,-0.323124,0.090323,0.395905,-0.461206,0.080671,0.446695,-0.464727,0.059205,0.275855,-0.562155,0.085766,0.229603,-0.688864,0.04193,0.107921,-0.807026,0.022909,-0.183155,-0.77337,0.055443,-0.112178,-0.878736,0.042983,-0.171339,-0.795711,0.03834,-0.333923,-0.834086,-0.036743,-0.413061,-0.824247,0.141005,-0.382876,-1.0,0.086142,-0.423312,-0.863671,0.039167,-0.395826,-0.993885,0.162644,-0.270616,-0.822555,0.067993,-0.207376,-0.886639,-0.016459,-0.066705,-0.758416,-0.021849
C,0.0,0.0,0.0,-0.009124,-0.022746,-0.047488,0.090665,-0.178601,0.027405,0.201134,-0.299999,-0.046913,0.234961,-0.309796,-0.04139,0.086883,-0.462587,0.012364,0.270078,-0.621033,-0.074934,0.055646,-0.545275,-0.069433,-0.075377,-0.682259,-0.110173,-0.210763,-0.852531,0.020566,-0.22756,-0.850445,-0.108316,-0.351844,-0.888436,-0.062546,-0.467489,-0.884172,-0.062725,-0.619452,-1.0,-0.173358,-0.472958,-0.908328,-0.080233,-0.63852,-0.998473,0.086285,-0.69112,-0.931472,-0.019508,-0.488018,-0.920935,-0.135104,-0.472676,-0.949515,-0.030791,-0.254935,-0.971949,-0.108184,-0.264936,-0.859719,-0.026677
C,0.0,0.0,0.0,0.144339,-0.032068,0.013086,0.2792,-0.151754,0.14889,0.281882,-0.211645,0.081901,0.323888,-0.310758,0.117294,0.24309,-0.327085,-0.058267,0.241438,-0.527804,0.076326,0.321015,-0.741837,-0.006855,-0.030696,-0.701806,0.028763,0.102317,-0.77399,0.071752,-0.092345,-0.877297,-0.093686,-0.23592,-1.0,0.100293,-0.373448,-0.853358,-0.00197,-0.427784,-0.939905,0.048464,-0.527022,-0.932396,0.007469,-0.594905,-0.866631,0.131409,-0.485911,-0.819446,0.066163,-0.342371,-0.894654,0.006782,-0.217814,-0.810224,0.051659,-0.182172,-0.875987,0.09541,-0.269211,-0.893363,0.085724
C,0.0,0.0,0.0,0.248061,0.009585,0.093783,0.195266,-0.068366,0.25008,0.349705,-0.072938,0.067974,0.26807,-0.377887,0.152886,0.330085,-0.402449,0.164123,0.360417,-0.584587,0.054361,0.263188,-0.606415,0.021364,0.179589,-0.743998,0.037118,0.021007,-0.772446,0.098534,-0.158236,-0.70668,0.04033,-0.195193,-0.798563,0.018052,-0.475243,-0.857501,0.080725,-0.385946,-0.914495,0.068164,-0.341205,-1.0,0.16161,-0.523359,-0.91848,0.104823,-0.516596,-0.841871,0.217684,-0.378113,-0.847586,0.055748,-0.28992,-0.686469,0.079377,-0.241008,-0.835244,0.05257,-0.275744,-0.749241,0.010458
C,0.0,0.0,0.0,0.187398,-0.007624,-0.001722,0.202697,-0.147503,0.172353,0.263989,-0.214652,0.142915,0.265855,-0.273999,0.157946,0.372639,-0.334116,0.162046,0.361749,-0.530249,0.012338,0.285033,-0.553578,0.033665,0.057072,-0.591095,0.049957,0.061016,-0.688964,0.124741,-0.207001,-0.77594,-0.059002,-0.113797,-0.842207,0.079805,-0.275735,-1.0,0.028566,-0.296151,-0.837655,0.00279,-0.305072,-0.946137,0.115952,-0.415201,-0.886747,0.160022,-0.439205,-0.923505,0.117843,-0.158558,-0.911226,0.226344,-0.10133,-0.836429,0.065095,-0.166938,-0.80811,-0.023231,-0.013823,-0.687803,0.008183
C,0.0,0.0,0.0,0.175052,0.072917,-0.022845,0.244191,0.025654,0.009651,0.372049,-0.09197,0.107679,0.440815,-0.198834,0.134338,0.417622,-0.222643,0.047606,0.193971,-0.335139,-0.011819,0.249135,-0.524794,-0.073597,0.15437,-0.695192,0.033509,-0.009987,-0.769311,-0.149811,-0.126332,-0.800601,-0.045883,-0.369951,-1.0,-0.014859,-0.297831,-0.995959,0.081633,-0.488706,-0.938859,-0.049977,-0.679415,-0.866501,-0.057969,-0.649629,-0.85675,-0.131053,-0.681844,-0.914486,0.042166,-0.456751,-0.906951,0.20828,-0.409679,-0.867591,-0.071651,-0.252911,-0.767999,0.061381,-0.235606,-0.807317,-0.020972
C,0.0,0.0,0.0,0.021844,0.047331,0.049559,0.081507,-0.195475,-0.070284,0.282773,-0.289478,-0.016524,0.302032,-0.297523,0.018821,0.198963,-0.347398,-0.051657,0.209013,-0.465781,-0.023208,0.160232,-0.623265,-0.070138,0.060503,-0.750401,-0.097681,-0.029995,-0.820233,0.000212,-0.09501,-0.882116,0.014267,-0.308029,-0.821985,-0.097819,-0.342781,-0.857392,-0.101201,-0.562271,-1.0,-0.014542,-0.497848,-0.865241,-0.016509,-0.627021,-0.945405,0.079057,-0.560568,-0.872739,-0.066074,-0.449362,-0.887369,0.066313,-0.33372,-0.861411,-0.027198,-0.312428,-0.894442,-0.095624,-0.141702,-0.75536,-0.048504
C,0.0,0.0,0.0,0.163162,-0.211579,-0.220195,0.224044,-0.252899,0.014929,0.250115,-0.14541,0.057337,0.308811,-0.270294,0.052163,0.269237,-0.340848,-0.047742,0.280693,-0.582954,0.013655,0.208002,-0.473667,-0.110372,0.071749,-0.60227,-0.01202,0.013594,-0.77747,-0.075581,-0.034247,-0.781292,-0.017174,-0.223608,-0.893915,0.025644,-0.281788,-0.716781,-0.074891,-0.336348,-0.950248,0.013634,-0.372726,-1.0,0.008491,-0.478136,-0.91098,0.054233,-0.357655,-0.860645,0.045415,-0.366316,-0.829893,-0.039055,-0.228519,-0.786636,0.035178,-0.244534,-0.806375,-0.017122,-0.178457,-0.858291,-0.05999
C,0.0,0.0,0.0,0.027205,-0.044542,0.067404,0.33599,-0.011755,0.179552,0.337766,-0.239986,0.02934,0.214725,-0.170594,0.072668,0.201906,-0.392887,0.080657,0.266937,-0.445445,0.019484,0.220158,-0.605087,0.044952,0.116317,-0.696055,-0.001645,-0.012949,-0.791798,0.001611,-0.145828,-0.656009,0.071617,-0.278106,-0.815132,-0.034614,-0.414332,-0.890872,0.081461,-0.50041,-0.882616,0.058823,-0.557768,-1.0,0.077531,-0.480395,-0.88353,0.110697,-0.421811,-0.981755,0.036875,-0.374435,-0.856915,0.089114,-0.486182,-0.79874,0.127237,-0.363787,-0.810202,0.044465,-0.141274,-0.853477,0.134917
C,0.0,0.0,0.0,0.046466,-0.086165,0.005005,0.136387,0.006896,0.11639,0.289873,-0.162327,-0.019121,0.258072,-0.213303,-0.032633,0.302112,-0.217681,0.113863,0.315091,-0.461518,0.087695,0.093292,-0.517813,0.044901,0.060257,-0.571498,-0.054811,-0.093538,-0.73515,-0.098142,-0.193575,-0.926934,0.045761,-0.330723,-0.896324,-0.072973,-0.459841,-0.84906,0.040626,-0.577247,-0.974869,0.069448,-0.63098,-0.91742,0.051739,-0.5752,-0.854125,-0.03172,-0.705454,-0.933494,0.181674,-0.375038,-0.74203,0.036006,-0.546737,-1.0,-0.009651,-0.324088,-0.71969,0.07148,-0.168394,-0.845854,-0.074727
C,0.0,0.0,0.0,0.02892,-0.058237,0.022042,0.121574,-0.221779,0.054335,0.244343,-0.1451,0.048399,0.261686,-0.339286,0.015842,0.243142,-0.492409,0.045154,0.308178,-0.486973,0.080038,0.144769,-0.508372,-0.099882,0.015424,-0.821051,-0.08658,-0.066871,-0.746295,-0.050134,-0.235642,-0.870964,-0.090015,-0.39371,-0.959619,-0.105934,-0.286883,-0.916741,0.006319,-0.562014,-0.869745,0.068943,-0.645421,-1.0,0.033987,-0.485709,-0.990293,-0.007341,-0.545734,-0.920081,0.094043,-0.500305,-0.836178,-0.044556,-0.418647,-0.819759,0.052029,-0.197626,-0.932747,-0.059769,-0.078365,-0.819324,-0.119273
C,0.0,0.0,0.0,0.19227,0.033059,-0.00915,0.189443,-0.027048,0.014293,0.271671,-0.179692,-0.196553,0.284386,-0.197578,-0.019177,0.321878,-0.387613,-0.232203,0.21329,-0.469436,-0.138014,0.215142,-0.408223,-0.129196,0.056406,-0.650458,-0.146482,-0.105331,-0.703415,-0.1336,-0.161901,-0.746562,-0.133972,-0.421044,-0.78583,-0.198657,-0.483678,-0.940616,-0.104958,-0.508247,-1.0,-0.080791,-0.643576,-0.880424,-0.078288,-0.500028,-0.759994,-0.175859,-0.541377,-0.881931,-0.050744,-0.464175,-0.861186,-0.11868,-0.465499,-0.740127,-0.073663,-0.213902,-0.799884,-0.170759,-0.224992,-0.729553,-0.216963
C,0.0,0.0,0.0,0.10293,0.076341,0.014367,0.024799,-0.138937,0.072835,0.273944,-0.158156,-0.056233,0.028171,-0.292255,0.012895,0.31446,-0.27528,0.028888,0.130048,-0.466959,0.086933,0.095436,-0.67456,-0.083104,-0.085963,-0.656238,-0.013092,-0.157494,-0.70503,0.030554,-0.332379,-0.635746,-0.110025,-0.40535,-0.842306,-0.042121,-0.493483,-0.828646,-0.085596,-0.692989,-0.70197,-0.0444,-0.617526,-1.0,-0.010164,-0.692432,-0.843218,-0.171693,-0.647802,-0.939298,0.047666,-0.672103,-0.891279,-0.003436,-0.579715,-0.833518,-0.086169,-0.518017,-0.696908,-0.115182,-0.269489,-0.690166,-0.087534
C,0.0,0.0,0.0,0.090712,-0.079506,-0.167383,0.236048,-0.135703,-0.094929,0.298948,-0.309932,-0.027391,0.431984,-0.377468,-0.076926,0.393129,-0.318831,-0.146797,0.310417,-0.473894,-0.074268,0.087657,-0.551094,0.011954,0.160254,-0.736889,-0.138069,0.153592,-0.685257,-0.071451,-0.061586,-0.851913,-0.125848,-0.208852,-0.821934,-0.00328,-0.234848,-0.985477,-0.07012,-0.34078,-0.870843,-0.105827,-0.247966,-1.0,-0.117493,-0.438624,-0.76941,-0.08976,-0.449539,-0.819644,-0.033955,-0.397528,-0.828301,-0.022728,-0.221811,-0.752404,-0.036311,-0.162219,-0.79528,-0.044344,-0.057407,-0.785768,-0.017148
C,0.0,0.0,0.0,-0.035459,0.02679,0.051313,0.17189,-0.035627,-0.103603,0.126508,-0.050755,-0.157691,0.324243,-0.177941,0.138968,0.2186,-0.474363,0.058894,0.284144,-0.359298,-0.043334,0.115513,-0.570737,-0.077735,0.069658,-0.716333,-0.102075,-0.213115,-0.823606,-0.035183,-0.183469,-0.798639,-0.156808,-0.341488,-0.715848,-0.081345,-0.557296,-0.841388,0.106551,-0.651748,-1.0,0.056036,-0.61053,-0.906122,-0.011679,-0.612729,-0.858524,-0.01425,-0.658115,-0.97757,0.09595,-0.617336,-0.881508,0.033818,-0.497583,-0.750921,0.062175,-0.390075,-0.729222,0.025484,-0.274152,-0.768418,-0.036939
C,0.0,0.0,0.0,0.22891,0.033837,-0.005063,0.231844,-0.099787,0.093851,0.274091,-0.109933,0.097553,0.296712,-0.21669,0.085536,0.307088,-0.370526,0.048139,0.256758,-0.538067,-0.019558,0.106462,-0.695915,-0.050844,0.058898,-0.681856,-0.025394,-0.223557,-0.659091,0.062138,-0.156405,-0.704709,-0.085126,-0.182812,-0.964944,0.013504,-0.523943,-0.932179,0.043194,-0.532094,-0.902912,0.044768,-0.613228,-1.0,0.11567,-0.638795,-0.885019,0.157823,-0.687726,-0.849749,0.220239,-0.488087,-0.860808,0.13824,-0.431739,-0.859805,-0.047806,-0.283848,-0.806719,0.061684,-0.085752,-0.872251,-0.034603
C,0.0,0.0,0.0,-0.016334,-0.104274,0.119263,0.051357,-0.19746,-0.008642,0.020096,-0.248448,-0.037702,0.236996,-0.342744,0.086937,0.288358,-0.340049,-0.002864,0.160556,-0.598922,-0.017,0.016023,-0.54183,0.149049,0.007241,-0.817619,-0.071585,-0.140328,-0.753647,-0.106713,-0.260955,-0.912731,-0.120726,-0.358502,-0.949207,-0.007114,-0.608201,-0.792981,-0.079521,-0.614218,-0.912411,-0.043669,-0.641617,-0.900476,0.081062,-0.612331,-0.943875,0.016582,-0.48147,-0.847276,-0.034849,-0.57752,-0.909934,0.011329,-0.578678,-0.885433,0.129366,-0.339519,-1.0,0.067117,-0.177258,-0.827552,0.012266
C,0.0,0.0,0.0,0.169078,-0.16327,-0.092219,0.288302,-0.01515,-0.070014,0.337936,-0.11495,-0.055112,0.351543,-0.204841,-0.053815,0.403707,-0.379657,-0.160382,0.321899,-0.497169,-0.117264,0.374021,-0.583426,-0.063043,0.17309,-0.617055,-0.115,0.045178,-0.779529,-0.223855,-0.055073,-0.852264,-0.18995,-0.143501,-0.995746,-0.172571,-0.265599,-0.919585,-0.125741,-0.412412,-0.950814,-0.210472,-0.512009,-0.851099,-0.127657,-0.526183,-1.0,-0.073011,-0.521196,-0.904849,-0.049892,-0.359142,-0.98945,-0.09789,-0.336239,-0.847903,-0.148621,-0.132529,-0.763538,-0.185166,-0.10131,-0.862804,0.057998
C,0.0,0.0,0.0,0.069032,-0.189295,0.042633,0.196854,-0.252183,0.05758,0.341732,-0.209591,0.16799,0.334644,-0.355807,0.079157,0.244943,-0.423574,0.027633,0.207675,-0.461685,0.19261,0.225456,-0.546935,0.047423,0.035057,-0.653045,0.080637,0.01462,-0.771894,0.095722,-0.158321,-0.860642,-0.020164,-0.202054,-0.923828,0.008368,-0.343053,-0.905843,-0.023392,-0.369073,-0.833864,0.090911,-0.328179,-0.833012,0.145249,-0.428262,-0.9035,0.154816,-0.436147,-1.0,0.140634,-0.42893,-0.923079,0.10448,-0.28997,-0.924212,0.099971,-0.129746,-0.882342,0.147447,-0.170717,-0.669032,0.030491
C,0.0,0.0,0.0,0.136066,0.072993,-0.015138,0.155893,0.086223,0.046538,0.419819,-0.129577,0.018858,0.403991,-0.312823,-0.043843,0.422258,-0.385361,-0.103992,0.435938,-0.50989,0.025151,0.218902,-0.721295,-0.031916,0.135594,-0.58099,0.037048,-0.059225,-0.640852,-0.093109,-0.27645,-0.864861,-0.150348,-0.230564,-0.937857,-0.00788,-0.446233,-0.871034,0.094083,-0.551907,-0.839229,0.017608,-0.587742,-0.717701,-0.072838,-0.496285,-0.832264,0.012698,-0.445655,-1.0,0.011936,-0.594281,-0.801477,-0.041501,-0.372119,-0.814092,-0.012005,-0.251617,-0.78839,-0.080725,0.067724,-0.777777,-0.187661
C,0.0,0.0,0.0,0.212472,0.061072,-0.065906,0.274053,-0.072015,-0.028039,0.431151,-0.109189,0.021863,0.444303,-0.167404,0.002229,0.431094,-0.249098,-0.082124,0.298497,-0.529093,-0.040802,0.145248,-0.510447,-0.084876,0.255607,-0.689321,-0.11045,0.125695,-0.6231,-0.155645,-0.080587,-0.774339,-0.077322,-0.246301,-0.757202,-0.232066,-0.37502,-0.856942,-0.039958,-0.335239,-0.823201,-0.071839,-0.395212,-0.969092,0.037885,-0.374211,-0.818457,-0.00986,-0.507211,-1.0,0.007553,-0.501481,-0.91802,-0.11158,-0.35684,-0.830102,-0.021683,-0.246077,-0.718274,-0.079491,-0.12503,-0.753804,0.058619
C,0.0,0.0,0.0,0.079814,-0.01617,0.098036,0.079318,-0.160975,0.238902,0.360023,-0.24602,0.192301,0.217148,-0.181276,0.159431,0.359433,-0.490129,0.175649,0.254114,-0.412971,0.172338,0.185111,-0.606875,0.142195,0.075254,-0.713874,0.009147,-0.140755,-0.767795,0.137514,-0.155101,-0.835087,0.118023,-0.347166,-0.843854,0.061761,-0.34586,-0.993402,0.034231,-0.594445,-0.923506,0.195684,-0.569256,-0.94553,0.191357,-0.477382,-0.908602,0.190583,-0.600814,-0.790066,0.292472,-0.43331,-1.0,0.099995,-0.337669,-0.857417,0.208208,-0.227193,-0.847953,0.103024,-0.203232,-0.787778,0.0431
C,0.0,0.0,0.0,-0.080783,-0.188278,0.012512,0.119966,-0.191026,0.20329,0.189326,-0.317949,0.004491,0.209322,-0.38132,0.155414,0.163752,-0.494531,0.019275,0.035818,-0.61867,-0.003,0.126607,-0.666033,0.039684,-0.038809,-0.902447,0.145285,-0.143105,-0.804319,-0.037384,-0.136829,-0.828632,0.000324,-0.323789,-0.782635,0.054029,-0.40519,-0.96776,-0.037582,-0.476524,-0.910297,0.15699,-0.64448,-1.0,0.074281,-0.525492,-0.935196,0.111666,-0.48163,-0.963721,0.175748,-0.429398,-0.906986,0.207996,-0.285927,-0.807822,-0.078329,-0.187596,-0.790986,0.199719,-0.099692,-0.723644,0.116029
C,0.0,0.0,0.0,-0.070635,-0.185505,0.027974,0.111855,-0.30259,-0.078163,0.124055,-0.252818,0.117521,0.252527,-0.317314,0.016023,0.092994,-0.490488,-0.005989,0.131783,-0.545141,0.018514,0.147359,-0.647288,-0.138357,-0.01959,-0.705086,0.031536,-0.128387,-0.745619,-0.031782,-0.202542,-0.778182,-0.087331,-0.346187,-0.878497,-0.076742,-0.376302,-0.950918,-0.009751,-0.485171,-0.913259,-0.032044,-0.544418,-0.924567,0.023427,-0.537918,-0.822289,-0.036727,-0.521768,-1.0,0.045766,-0.532984,-0.90094,-0.005297,-0.372786,-0.891697,-0.03278,-0.207092,-0.817105,-0.048764,-0.198391,-0.71536,-0.046822
C,0.0,0.0,0.0,0.130685,-0.102599,-0.019763,0.217067,-0.04301,0.049783,0.335067,-0.081338,0.177057,0.366617,-0.313908,0.018154,0.433774,-0.384908,0.038509,0.283408,-0.528346,0.068696,0.169431,-0.50179,-0.014635,0.146374,-0.762329,0.004575,0.007642,-0.75281,0.101164,-0.089917,-0.875737,-0.054642,-0.18983,-0.779623,0.02799,-0.297377,-0.866608,0.128694,-0.575139,-0.883387,0.119636,-0.58605,-1.0,0.007818,-0.558427,-0.962396,0.098875,-0.420118,-0.830583,0.023654,-0.481037,-0.786509,0.121617,-0.320286,-0.816051,0.055745,-0.170425,-0.843708,0.055319,-0.184869,-0.843136,-0.033573
C,0.0,0.0,0.0,0.042517,0.046395,0.054418,0.132981,-0.129349,0.101205,0.291345,-0.207264,0.078465,0.392928,-0.358027,0.119757,0.307179,-0.357825,0.063226,0.284278,-0.534695,0.024362,0.361535,-0.660285,0.145466,0.117075,-0.65319,-0.07439,-0.047217,-0.775885,-0.081417,-0.141697,-0.839151,0.1294,-0.342281,-0.85685,0.024679,-0.450786,-0.85244,-0.002858,-0.643241,-0.875515,-0.032546,-0.593824,-0.878723,0.043278,-0.467644,-0.832154,0.034424,-0.452524,-0.954787,0.245389,-0.49782,-0.798109,0.136025,-0.329506,-0.889874,0.046375,-0.389157,-0.794262,0.060618,-0.09042,-1.0,-0.07772
C,0.0,0.0,0.0,0.161832,-0.034526,-0.071347,0.317677,-0.118888,0.043129,0.333834,-0.108822,0.058099,0.314759,-0.314078,0.072436,0.338724,-0.354436,0.032778,0.174146,-0.510599,-0.04264,0.300063,-0.563262,-0.02201,0.274846,-0.73336,-0.009658,0.091196,-0.808705,-0.008534,-0.138116,-0.899567,-0.154582,-0.206502,-0.899991,0.031529,-0.279729,-0.979584,-0.115324,-0.391462,-0.902036,0.042157,-0.399279,-1.0,-0.024252,-0.542989,-0.980609,0.015332,-0.453332,-0.966523,0.013721,-0.461898,-0.864647,0.020101,-0.327413,-0.953012,-0.095768,-0.107655,-0.831798,-0.137662,-0.017131,-0.780706,-0.035463
C,0.0,0.0,0.0,0.031945,-0.052231,0.072044,0.138543,-0.243368,0.189842,0.110756,-0.277667,0.124678,0.228919,-0.290055,0.080412,0.165621,-0.465614,0.101363,0.229821,-0.485372,0.153025,0.18411,-0.6134,0.065432,0.134189,-0.565948,-0.047153,-0.094841,-0.73409,0.105643,-0.288855,-0.851153,0.009153,-0.39479,-0.792836,-0.01329,-0.501131,-0.995255,0.145574,-0.458358,-0.919493,0.081114,-0.560662,-0.807577,0.144716,-0.649698,-1.0,0.057467,-0.578258,-0.919911,0.144333,-0.563033,-0.921405,0.047818,-0.341174,-0.767508,0.220364,-0.300761,-0.825433,0.174302,-0.219163,-0.760033,0.066919
C,0.0,0.0,0.0,0.310212,-0.155112,-0.001732,0.341931,-0.177582,-0.078878,0.453888,-0.256181,-0.004107,0.497256,-0.435564,-0.05509,0.486522,-0.419801,-0.123497,0.467684,-0.584468,-0.036929,0.284889,-0.690048,0.015865,0.277774,-0.74153,-0.066993,0.197269,-0.76205,-0.072976,0.119029,-0.789247,-0.041973,-0.057567,-0.855402,-0.038299,-0.093915,-0.872829,-0.104405,-0.30345,-0.990145,0.038415,-0.381156,-0.926674,0.017494,-0.225284,-0.93252,-0.077376,-0.3362,-1.0,-0.025458,-0.234651,-0.975429,0.091683,-0.224088,-0.793,0.059009,0.015886,-0.893189,-0.012123,-0.00531,-0.771395,-0.056112
C,0.0,0.0,0.0,0.085339,0.11676,0.184653,0.264827,0.000258,0.374008,0.460551,-0.220656,0.090088,0.581041,-0.072809,0.251533,0.295693,-0.284456,0.21337,0.339896,-0.401334,0.225542,0.171949,-0.604599,0.227046,0.188197,-0.660005,0.228486,-0.016087,-0.756252,-0.117359,-0.168019,-0.786068,0.115707,-0.310064,-0.9851,0.236417,-0.354996,-0.88061,0.044847,-0.506,-0.989244,0.181314,-0.600764,-1.0,0.29069,-0.719116,-0.825519,0.2759,-0.547739,-0.871908,0.127857,-0.529151,-0.922317,0.337691,-0.378979,-0.844397,0.166858,-0.209425,-0.715987,0.266449,-0.111003,-0.765921,0.211149
C,0.0,0.0,0.0,0.069071,-0.082504,-0.075085,0.109699,-0.205892,-0.04139,0.12764,-0.211128,-0.205319,0.436789,-0.255293,-0.050387,0.263326,-0.420551,-0.083407,0.237668,-0.539446,-0.070194,0.168277,-0.701506,-0.081167,0.073141,-0.692455,-0.113349,0.023817,-0.795907,-0.094059,-0.084027,-0.839794,-0.094137,-0.286514,-0.804215,-0.113972,-0.299957,-0.92205,-0.135172,-0.41605,-0.953173,-0.022092,-0.679731,-0.938157,-0.072907,-0.588639,-0.965862,-0.069018,-0.503413,-1.0,-0.010736,-0.35958,-0.871817,0.012867,-0.293776,-0.784191,0.064675,-0.290422,-0.880962,-0.023259,-0.098192,-0.763786,0.028114
C,0.0,0.0,0.0,0.268359,-0.111367,0.067731,0.195641,-0.205394,0.054144,0.254561,-0.340154,0.057046,0.462764,-0.287105,0.172468,0.40626,-0.30921,-0.029062,0.197438,-0.593004,0.041738,0.18647,-0.665325,0.068333,0.106232,-0.775097,-0.116263,-0.087725,-0.843443,0.008527,-0.227286,-0.906878,-0.052266,-0.283462,-1.0,-0.021569,-0.476886,-0.972381,-0.00423,-0.408395,-0.953701,0.07283,-0.580346,-0.960505,0.145085,-0.5305,-0.866884,0.141221,-0.453556,-0.95025,0.158515,-0.512728,-0.965041,0.127459,-0.341862,-0.867692,0.162972,-0.350241,-0.941437,0.081055,-0.173604,-0.61304,0.080574
D,0.0,0.0,0.0,0.122039,-0.021825,0.022708,0.191004,-0.014548,0.168011,0.285997,-0.293278,0.115407,0.398215,-0.199986,0.125302,0.370408,-0.393131,0.104177,0.166476,-0.476287,0.133384,0.084211,-0.652603,0.025189,-0.003625,-0.633223,-0.031352,0.005226,-0.844608,0.07892,-0.300252,-0.941171,0.008343,-0.386747,-0.938159,-0.115412,-0.472268,-0.820441,0.062583,-0.541811,-0.868229,0.041282,-0.685061,-1.0,0.048325,-0.595857,-0.826279,0.128171,-0.503229,-0.882481,-0.019829,-0.442659,-0.796953,-0.099047,-0.427412,-0.851873,0.060166,-0.30287,-0.777881,0.015648,-0.126642,-0.803827,-0.035058
D,0.0,0.0,0.0,0.127673,0.013348,-0.038616,0.363919,-0.203535,-0.136511,0.34405,-0.229217,0.005714,0.294635,-0.339039,-0.033871,0.299648,-0.375649,-0.000846,0.307146,-0.540087,-0.054355,0.107804,-0.638477,-0.270908,0.038665,-0.700854,-0.031656,-0.060015,-0.742984,-0.221516,-0.168831,-0.933728,-0.156737,-0.292132,-0.781371,-0.042227,-0.375004,-0.893799,-0.096159,-0.481537,-0.876408,-0.120054,-0.442978,-0.928533,0.043822,-0.418715,-1.0,-0.037323,-0.502028,-0.987353,-0.064922,-0.215291,-0.800634,0.121585,-0.225096,-0.861029,-0.045814,-0.126231,-0.75697,-0.078767,-0.141723,-0.548798,-0.069335
D,0.0,0.0,0.0,0.138731,0.015742,0.027915,0.138674,-0.156454,0.020327,0.366705,-0.152959,0.065053,0.205813,-0.405547,0.055197,0.296092,-0.444334,0.009127,0.180667,-0.51588,-0.137086,0.062383,-0.646744,0.082244,-0.026145,-0.675293,-0.000249,-0.006598,-0.674413,-0.028444,-0.24957,-0.861088,-0.039931,-0.363116,-0.822743,0.014837,-0.392331,-0.803021,0.12901,-0.493999,-0.825923,0.001705,-0.460026,-0.826802,0.111024,-0.5329,-0.929017,-0.037785,-0.504966,-0.759787,0.036829,-0.379357,-0.77833,0.030606,-0.246097,-1.0,-0.048268,-0.278893,-0.833717,0.035545,-0.07385,-0.731978,0.033325
D,0.0,0.0,0.0,0.152105,-0.100756,0.068301,0.410571,0.055332,0.024723,0.415043,-0.059281,-0.032352,0.475891,-0.252789,0.084781,0.383093,-0.28488,0.015715,0.190326,-0.383773,-0.098051,0.305517,-0.610012,0.043765,0.170359,-0.665802,-0.028173,-0.027306,-0.940118,-0.069416,-0.29296,-0.837248,-0.166999,-0.434287,-0.775541,0.018129,-0.456332,-0.918492,-0.063944,-0.493858,-1.0,0.05715,-0.601214,-0.978056,0.002812,-0.627598,-0.903991,-0.02713,-0.501729,-0.808808,-0.038833,-0.466137,-0.835605,-0.026013,-0.305412,-0.79431,0.073756,-0.253032,-0.880072,-0.058634,-0.135778,-0.738236,-0.148218
D,0.0,0.0,0.0,0.010979,-0.261723,0.190031,-0.00072,-0.235519,-0.090781,0.12795,-0.388757,0.048177,0.078179,-0.480377,-0.016811,0.11241,-0.590967,-0.026191,0.087999,-0.424505,0.037406,-0.104194,-0.71692,-0.013539,-0.174834,-0.714531,-0.018128,-0.212827,-0.869131,0.047464,-0.411457,-0.972205,0.105847,-0.641314,-1.0,-0.073064,-0.447245,-0.855631,0.088355,-0.710511,-0.826127,0.033147,-0.659388,-0.976348,0.023569,-0.742478,-0.989153,0.079933,-0.663287,-0.954686,0.143028,-0.817388,-0.890256,0.081424,-0.440288,-0.899722,0.030625,-0.33345,-0.767469,-0.024347,-0.256074,-0.733898,-0.167459
D,0.0,0.0,0.0,0.179462,-0.180218,-0.10581,0.190261,-0.125388,-0.075505,0.286238,-0.351711,0.023609,0.264398,-0.397674,-0.139478,0.179835,-0.481487,-0.129119,0.364319,-0.70207,-0.11401,0.152646,-0.680503,-0.15264,-0.010814,-0.798042,-0.117027,0.058096,-0.798064,-0.032891,-0.15092,-0.787433,-0.283797,-0.312182,-0.81588,-0.13301,-0.274033,-0.830646,-0.109701,-0.483807,-1.0,-0.100311,-0.564758,-0.9073,-0.135078,-0.448726,-0.882077,-0.136944,-0.354063,-0.868359,0.017407,-0.433265,-0.835487,0.03367,-0.299106,-0.720858,-0.04997,-0.110797,-0.803562,-0.035001,-0.170743,-0.779103,-0.136946
D,0.0,0.0,0.0,0.091658,-0.189488,-0.049038,0.32355,-0.280787,0.079066,0.370197,-0.348385,0.085312,0.239869,-0.251042,0.107071,0.275613,-0.540794,0.029522,0.216678,-0.459566,-0.057544,0.167636,-0.666818,-0.007656,0.051997,-0.749846,0.038246,-0.016638,-0.783115,-0.213785,-0.151997,-0.966434,0.016247,-0.187279,-0.961083,-0.030466,-0.407655,-0.851971,0.008359,-0.328332,-0.914568,0.036803,-0.466152,-0.887836,-0.069366,-0.465073,-0.930708,0.095045,-0.447679,-0.970403,0.052304,-0.437725,-1.0,0.089718,-0.243001,-0.823852,0.110549,-0.212034,-0.917206,0.006029,-0.076154,-0.861261,-0.012841
D,0.0,0.0,0.0,0.085345,0.08739,0.006559,0.358626,0.106224,0.127371,0.216577,-0.000464,0.204255,0.360798,-0.1216,0.035416,0.194565,-0.393521,0.196844,0.161815,-0.444756,0.043594,0.139862,-0.583856,0.022758,0.01131,-0.755082,0.014173,-0.002896,-0.660494,-0.075775,-0.32687,-0.816871,0.109049,-0.314812,-0.790211,0.068856,-0.445391,-0.867092,0.071856,-0.601775,-1.0,0.100461,-0.506463,-0.975165,0.129478,-0.472175,-0.873364,0.016201,-0.549964,-0.890128,0.034255,-0.444363,-0.939768,-0.038966,-0.363177,-0.783797,0.080632,-0.084911,-0.743049,0.07677,-0.1613,-0.667817,-0.032895
D,0.0,0.0,0.0,0.017992,-0.227084,-0.069077,0.24148,-0.131742,0.052908,0.299505,-0.277414,-0.199547,0.271765,-0.262223,-0.062507,0.271899,-0.410949,-0.122154,0.257044,-0.426004,-0.081541,0.037124,-0.649176,-0.253658,0.026429,-0.701414,0.012379,-0.145035,-0.7826,-0.182784,-0.292834,-0.986989,-0.133307,-0.416127,-0.900831,-0.153039,-0.494522,-0.976934,-0.112296,-0.571683,-0.963003,-0.010021,-0.626612,-0.989678,-0.0586,-0.669939,-0.97582,0.115603,-0.644096,-0.945699,-0.058523,-0.518573,-0.919511,-0.018582,-0.518547,-0.787949,-0.01042,-0.357419,-1.0,-0.150083,-0.148493,-0.623632,-0.060538
D,0.0,0.0,0.0,0.239136,-0.101318,0.014122,0.259442,-0.160808,0.054366,0.409691,-0.117745,0.081091,0.346378,-0.215629,0.06032,0.3702,-0.394405,-0.004513,0.314548,-0.288783,0.028693,0.188347,-0.588723,-0.042638,0.26457,-0.640689,0.031572,-0.018846,-0.667168,0.015168,-0.152327,-0.781895,0.072128,-0.164283,-0.730801,0.025897,-0.293153,-0.677867,-0.005024,-0.353882,-0.914566,-0.041309,-0.504907,-0.736326,-0.135389,-0.453135,-1.0,-0.012434,-0.423087,-0.694689,0.06924,-0.37689,-0.688687,0.036954,-0.225597,-0.807557,-0.044027,-0.168657,-0.700668,0.005453,0.105691,-0.658686,-0.194093
D,0.0,0.0,0.0,0.044112,-0.012066,-0.008735,0.227543,-0.161684,0.147411,0.455605,-0.257297,0.104057,0.099473,-0.28562,0.173602,0.337133,-0.369632,0.177771,0.419022,-0.352659,0.042396,-0.000354,-0.629649,-0.015969,0.022764,-0.789925,0.033504,-0.091469,-0.789002,-0.047152,-0.213197,-1.0,0.003098,-0.449034,-0.900211,0.05626,-0.513707,-0.937036,0.033754,-0.678985,-0.997568,0.150553,-0.742045,-0.8793,0.111289,-0.73204,-0.881566,0.06577,-0.595547,-0.887474,0.078786,-0.520161,-0.828035,0.209132,-0.368579,-0.797776,0.007652,-0.111522,-0.916993,0.148982,-0.123802,-0.874046,0.040004
D,0.0,0.0,0.0,0.089423,-0.283448,0.170064,0.118888,-0.188491,0.070423,0.230229,-0.23785,0.186175,0.270086,-0.333066,0.09968,0.301171,-0.490881,0.133859,0.257503,-0.483247,0.008749,0.10025,-0.619295,-0.054266,0.109577,-0.711304,0.032447,-0.137444,-0.858828,-0.03105,-0.203488,-0.788725,0.017069,-0.303349,-0.891095,0.047571,-0.323588,-0.852019,0.083445,-0.462439,-1.0,-0.012187,-0.486638,-0.906107,0.096787,-0.411021,-0.848117,0.15835,-0.474742,-0.922492,0.078839,-0.46512,-0.750614,0.123957,-0.292524,-0.743656,-0.064936,-0.180576,-0.876521,0.040793,-0.120945,-0.735314,0.037228
D,0.0,0.0,0.0,0.034803,-0.154145,-0.103845,0.110843,-0.027568,0.021935,0.095895,-0.225631,0.151076,0.218906,-0.348439,0.02744,0.249273,-0.47047,0.013097,0.101429,-0.489752,-0.035282,0.066162,-0.711312,-0.136807,-0.023681,-0.754712,-0.070144,-0.263812,-0.761813,-0.150744,-0.39615,-0.838471,-0.010593,-0.562629,-0.797016,-0.065433,-0.717627,-0.953485,-0.099049,-0.684598,-1.0,-0.039126,-0.832966,-0.917295,-0.113739,-0.848368,-0.95035,0.115722,-0.746064,-0.898337,0.076829,-0.572309,-0.945304,-0.101735,-0.6942,-0.907528,0.05681,-0.47335,-0.800956,-0.133413,-0.231461,-0.776196,-0.1336
D,0.0,0.0,0.0,0.119062,-0.032803,0.081083,0.239443,-0.164722,-0.018645,0.245649,-0.200576,0.17181,0.297782,-0.446731,-0.047801,0.117235,-0.427439,-0.163062,0.135682,-0.611222,-0.016373,0.108268,-0.578261,-0.072369,-0.103251,-0.650302,0.052333,-0.104353,-0.791558,-0.193007,-0.328052,-0.790763,-0.016272,-0.368285,-0.811629,-0.030836,-0.453912,-0.94307,-0.049646,-0.62338,-0.908401,-0.016868,-0.484449,-1.0,0.013151,-0.49833,-0.840446,0.050221,-0.522337,-0.779181,-0.082591,-0.586954,-0.841999,-0.166497,-0.299999,-0.725118,-0.061958,-0.290175,-0.787937,-0.04924,-0.1241,-0.721848,-0.085651
D,0.0,0.0,0.0,0.139741,-0.18971,0.056344,0.203139,-0.223857,0.09979,0.23101,-0.321949,0.080107,0.202966,-0.396307,0.240541,0.14275,-0.38767,0.040693,0.065125,-0.548463,0.092998,0.116684,-0.54124,0.230581,-0.041227,-0.780622,0.040598,-0.202828,-0.744639,-0.090016,-0.149471,-0.809503,-0.115974,-0.482811,-0.856788,0.092866,-0.622996,-0.892314,-0.104811,-0.614118,-0.877368,0.013137,-0.750367,-0.942469,0.028562,-0.602548,-1.0,0.029096,-0.747716,-0.904055,0.073638,-0.617134,-0.873935,0.147571,-0.448596,-0.838713,0.078718,-0.396548,-0.687321,0.006167,-0.138932,-0.755,0.008811
D,0.0,0.0,0.0,0.044754,-0.116696,0.081562,0.065078,-0.077055,0.230327,0.26701,-0.150874,0.110205,0.181274,-0.373871,0.170852,0.22022,-0.421323,0.200528,0.179903,-0.563171,0.053589,0.115925,-0.529043,0.113689,0.090093,-0.570721,0.090017,-0.205787,-0.831474,0.027239,-0.223423,-0.684077,0.080278,-0.309527,-0.86048,0.103904,-0.427011,-0.999808,0.05389,-0.487311,-0.865266,0.023099,-0.742721,-0.905246,0.114117,-0.642264,-0.8592,0.163073,-0.5054,-1.0,0.046883,-0.50023,-0.783052,0.156295,-0.354724,-0.816886,0.087542,-0.319586,-0.716096,0.029245,-0.096007,-0.732418,0.067079
D,0.0,0.0,0.0,0.155887,-0.15563,0.059808,0.358369,-0.011484,0.05402,0.354304,-0.203189,0.113233,0.496869,-0.19194,0.138507,0.313699,-0.323557,-0.053048,0.269201,-0.450227,0.117733,0.242113,-0.58133,0.018557,0.102993,-0.779312,-0.053435,-0.080067,-0.774756,-0.142666,-0.197289,-0.796139,-0.00231,-0.183065,-0.96355,-0.012313,-0.520619,-0.947896,0.011507,-0.685408,-1.0,0.054588,-0.519246,-0.778805,0.190901,-0.679046,-0.993979,0.085697,-0.430852,-0.925237,-0.004905,-0.529012,-0.81885,0.146473,-0.388307,-0.790051,-0.109094,-0.225207,-0.744021,-0.018516,-0.151586,-0.936861,0.151329
D,0.0,0.0,0.0,0.264945,-0.091486,-0.057908,0.26121,-0.070263,-0.017033,0.240518,-0.352028,-0.082484,0.385593,-0.363247,-0.044141,0.25902,-0.433677,-0.032212,0.234608,-0.444509,0.070165,0.056242,-0.607638,-0.109817,0.03903,-0.693648,-0.088514,-0.052972,-0.742052,-0.063164,-0.241071,-0.890978,-0.181398,-0.374774,-0.757295,-0.126074,-0.498494,-0.898175,-0.061011,-0.502392,-0.835982,0.005467,-0.563219,-0.960123,-0.047762,-0.466792,-0.938415,-0.124285,-0.492246,-1.0,0.150905,-0.482805,-0.877372,0.010524,-0.335902,-0.856329,0.005181,-0.091839,-0.756298,0.056804,-0.140537,-0.76598,-0.054131
D,0.0,0.0,0.0,0.055657,-0.113706,-0.080335,0.148477,-0.228478,-0.011091,0.283906,-0.369537,0.045243,0.253923,-0.303616,0.049726,0.278143,-0.436766,0.045878,0.09776,-0.663973,0.026538,0.052088,-0.600179,0.047738,-0.028036,-0.811707,0.016512,-0.197454,-0.854481,-0.087477,-0.260293,-0.786714,-0.0245,-0.390952,-1.0,0.021202,-0.505939,-0.921268,-0.019676,-0.469916,-0.950504,0.018926,-0.527672,-0.804305,0.097074,-0.564345,-0.925901,0.018023,-0.584092,-0.940231,0.004279,-0.414307,-0.947061,0.131131,-0.314538,-0.849565,0.030574,-0.286961,-0.808082,0.0806,-0.177266,-0.90353,0.0373
D,0.0,0.0,0.0,0.035104,-0.042828,0.056018,0.183343,-0.126144,0.039576,0.25159,-0.162625,0.082171,0.384413,-0.245007,-0.022834,0.313439,-0.350382,0.053124,0.090945,-0.509869,0.064273,0.020792,-0.732118,0.033689,-0.036381,-0.747982,0.013976,-0.248722,-0.833782,0.051786,-0.336417,-1.0,-0.026742,-0.530774,-0.897687,0.048272,-0.6928,-0.891258,-0.043705,-0.521958,-0.969499,-0.029894,-0.778849,-0.936199,0.059442,-0.696284,-0.820536,0.048993,-0.640308,-0.809587,0.12811,-0.688611,-0.849304,0.005484,-0.335079,-0.919864,0.31276,-0.192801,-0.88621,0.055788,-0.102019,-0.737007,0.065997
D,0.0,0.0,0.0,0.001974,0.002954,0.070291,0.132992,-0.078264,-0.078936,0.190587,-0.20481,0.181185,0.085365,-0.207876,0.068853,0.20487,-0.297351,0.088688,0.144419,-0.491944,-0.001946,0.029209,-0.649546,0.007013,-0.237905,-0.655698,-0.015538,-0.225601,-0.742797,-0.114328,-0.198195,-0.823898,-0.025788,-0.514073,-0.859114,0.08945,-0.4774,-0.830493,0.050321,-0.644281,-1.0,0.020451,-0.673525,-0.828027,0.074051,-0.547574,-0.80427,0.03383,-0.742134,-0.768858,0.159754,-0.641025,-0.732391,0.085033,-0.437265,-0.695573,0.134169,-0.285191,-0.746111,0.06379,-0.229865,-0.76105,-0.059666
D,0.0,0.0,0.0,0.152558,-0.065112,0.104517,0.118052,-0.131883,0.094015,0.273545,-0.229295,-0.023745,0.343475,-0.270282,0.123423,0.373906,-0.406849,0.108215,0.251647,-0.474924,-0.062086,0.083542,-0.508064,-0.148674,0.021062,-0.628019,0.005021,-0.130494,-0.781596,-0.023909,-0.234302,-0.903805,0.083243,-0.259649,-0.910607,-0.086697,-0.507653,-0.944137,0.070266,-0.619556,-1.0,0.093118,-0.518101,-0.987464,-0.020893,-0.347535,-0.870754,0.069418,-0.48301,-0.912655,0.154233,-0.457902,-0.86704,0.074235,-0.468332,-0.701114,-0.003538,-0.33536,-0.828457,-0.027136,-0.104708,-0.740483,0.093857
D,0.0,0.0,0.0,0.082189,-0.16087,0.055233,0.043113,0.018793,0.004833,0.184378,-0.25652,-0.003778,0.3697,-0.234546,-0.069357,0.300128,-0.313896,0.00291,0.165784,-0.490928,0.135364,0.006615,-0.571297,-0.04691,-0.144775,-0.516727,-0.114699,-0.155948,-0.85334,-0.071318,-0.267772,-0.850088,-0.004181,-0.431457,-0.759812,0.058637,-0.551316,-0.860354,-0.002744,-0.541118,-0.876866,0.018514,-0.636328,-0.868408,0.111657,-0.576448,-0.815508,0.084787,-0.593118,-0.81893,-0.034758,-0.426368,-1.0,0.024386,-0.336486,-0.875225,0.040906,-0.341908,-0.781336,0.057168,-0.157347,-0.872634,-0.091941
D,0.0,0.0,0.0,0.156761,-0.116074,0.070801,0.131684,-0.233491,-0.124577,0.034031,-0.146948,0.031554,0.137117,-0.362995,-0.07278,0.123111,-0.561625,-0.106358,0.112422,-0.565344,-0.096475,0.145227,-0.650577,-0.120622,-0.010184,-0.675924,-0.190341,-0.174621,-0.748121,-0.2341,-0.221349,-0.747021,-0.206095,-0.41003,-0.843202,-0.183572,-0.488915,-0.90291,-0.227605,-0.561213,-1.0,-0.045276,-0.674134,-0.935313,0.002333,-0.595745,-0.983525,-0.146121,-0.632226,-0.862315,-0.051787,-0.57778,-0.939533,-0.064945,-0.435164,-0.687192,-0.097599,-0.184298,-0.883718,-0.226103,-0.256192,-0.704584,-0.022289
D,0.0,0.0,0.0,0.042096,0.016949,0.118977,0.260598,-0.211436,0.234548,0.282584,-0.165492,0.023762,0.325297,-0.279842,0.145191,0.331021,-0.366257,0.029012,0.277865,-0.493056,0.104714,0.18032,-0.685909,-0.025886,-0.093917,-0.62571,0.107161,-0.0068,-0.736813,-0.11078,-0.269388,-0.807428,0.049596,-0.335289,-0.838728,0.052023,-0.414033,-0.93849,0.139001,-0.526995,-1.0,0.037447,-0.560019,-0.834758,0.108124,-0.548589,-0.978426,0.178694,-0.542512,-0.874319,0.229811,-0.386683,-0.952859,-0.007137,-0.324068,-0.893058,0.145946,-0.194117,-0.768005,0.029207,0.056436,-0.557973,0.03871
D,0.0,0.0,0.0,0.03067,-0.146837,-0.039907,0.205312,-0.185858,-0.124144,0.265288,-0.241191,0.154414,0.280712,-0.436755,-0.097067,0.186782,-0.476799,0.1092,0.180694,-0.453483,-0.067654,0.160767,-0.5759,-0.136962,0.073844,-0.70487,0.012377,-0.20362,-0.697054,-0.106446,-0.215136,-0.788624,-0.090982,-0.255972,-0.873982,0.032729,-0.600396,-0.771787,-0.078911,-0.496699,-1.0,-0.015571,-0.551266,-0.858235,-0.041618,-0.530359,-0.843182,-0.006372,-0.456927,-0.993472,0.017539,-0.461411,-0.923197,0.070813,-0.376549,-0.846934,0.093465,-0.288487,-0.790252,0.094124,-0.088882,-0.73045,-0.085144
D,0.0,0.0,0.0,0.075858,-0.070879,0.174419,0.235507,-0.227311,0.072,0.129026,-0.215577,0.173562,0.240221,-0.32668,0.231651,0.069134,-0.297645,0.081718,0.17417,-0.531975,0.214192,-0.003417,-0.591982,0.116904,-0.149956,-0.751309,0.048555,-0.230472,-0.82225,0.023577,-0.254523,-0.851284,0.129472,-0.503707,-0.965475,0.203477,-0.586318,-1.0,-0.04672,-0.536421,-0.942149,0.085468,-0.667779,-0.84073,0.111233,-0.483669,-0.890682,0.215439,-0.556227,-0.878814,0.096546,-0.513453,-0.808356,0.088831,-0.418015,-0.722983,0.26541,-0.239371,-0.647495,0.044498,-0.113553,-0.663318,0.003314
D,0.0,0.0,0.0,0.049974,-0.074264,0.159894,0.247801,-0.2491,0.068738,0.291553,-0.226776,0.118851,0.432555,-0.476586,0.098578,0.251162,-0.581328,0.077379,0.250636,-0.569213,0.209208,0.172048,-0.616385,0.053176,0.146237,-0.615513,0.066842,-0.144236,-0.87534,0.041798,-0.171028,-0.850784,0.054083,-0.312741,-0.97876,0.060508,-0.287841,-0.898172,0.086379,-0.409468,-1.0,0.0389,-0.560155,-0.982495,0.062347,-0.433595,-0.992204,0.049079,-0.350364,-0.969203,0.113021,-0.378595,-0.986917,0.1753,-0.271903,-0.784431,0.035806,-0.194068,-0.856833,0.077118,-0.17404,-0.832213,-0.051198
D,0.0,0.0,0.0,0.176679,0.054472,0.098431,0.323635,0.032956,0.274943,0.271969,0.123619,0.158261,0.458549,-0.225356,0.064758,0.329484,-0.314676,0.099356,0.143043,-0.463719,0.193714,-0.094735,-0.487175,0.096272,-0.134809,-0.601133,0.114642,-0.073151,-0.734141,0.10484,-0.34662,-0.803766,0.070963,-0.553132,-0.847451,0.107126,-0.601949,-0.841613,0.132249,-0.692744,-1.0,0.204479,-0.711108,-0.870953,0.142402,-0.779425,-0.863227,0.227601,-0.770642,-0.791648,0.065274,-0.538359,-0.974423,0.358437,-0.61159,-0.733101,0.171546,-0.36461,-0.78107,0.20615,-0.25246,-0.839627,0.182854
D,0.0,0.0,0.0,0.168573,0.056542,-0.23691,0.365225,-0.058973,-0.098681,0.373567,-0.055122,-0.214094,0.425474,-0.277805,-0.255947,0.369654,-0.385726,-0.220657,0.506964,-0.55821,-0.126257,0.30428,-0.59597,-0.293744,0.07376,-0.719797,-0.377363,-0.072528,-0.864595,-0.16419,-0.089715,-0.764847,-0.217269,-0.245835,-0.762627,-0.291413,-0.354315,-0.842671,-0.323038,-0.216503,-0.906863,-0.196837,-0.386801,-0.841978,-0.184571,-0.467021,-1.0,-0.214401,-0.400136,-0.837672,-0.085533,-0.370429,-0.938764,-0.105737,-0.155384,-0.745056,-0.209833,-0.059296,-0.536376,-0.211667,-0.094389,-0.800282,-0.196195
D,0.0,0.0,0.0,0.340782,0.014495,0.056028,0.1683,-0.093996,0.060831,0.400239,-0.375012,-0.038144,0.319595,-0.494259,0.013227,0.327114,-0.264934,-0.012512,0.419535,-0.666369,-0.058768,0.243799,-0.715979,-0.073031,0.106039,-0.756047,0.071601,0.018627,-0.781457,-0.03228,-0.097796,-0.883669,-0.092946,-0.254093,-0.841058,0.021795,-0.387773,-0.898197,-0.053574,-0.443545,-1.0,-0.030557,-0.389538,-0.957777,0.011833,-0.588833,-0.972194,-0.00253,-0.505188,-0.924842,-0.013664,-0.364811,-0.888294,-0.059826,-0.294433,-0.860374,0.075872,-0.123144,-0.884633,-0.002023,0.113731,-0.749709,-0.012352
D,0.0,0.0,0.0,0.095193,-0.084835,-0.120364,0.044366,-0.217035,-0.031168,0.16001,-0.256669,-0.150002,0.179683,-0.43125,-0.138893,0.29409,-0.580669,-0.083579,0.204333,-0.542884,-0.135782,0.10796,-0.653767,0.067267,-0.014572,-0.761705,-0.155838,-0.206838,-0.875318,-0.020441,-0.278181,-0.841408,-0.010413,-0.544963,-0.836866,-0.094676,-0.458761,-1.0,-0.129937,-0.523606,-0.803673,0.004026,-0.509038,-0.969013,-0.081978,-0.641615,-0.975254,-0.164716,-0.602215,-0.95844,-0.040991,-0.478357,-0.871984,-0.038325,-0.429751,-0.994512,-0.090281,-0.342273,-0.811189,-0.013821,-0.097719,-0.772315,-0.100377
D,0.0,0.0,0.0,0.233818,-0.027209,0.041736,0.194095,-0.162733,0.154533,0.396553,-0.219402,-0.00905,0.324946,-0.308098,0.137746,0.272696,-0.38685,0.14495,0.258119,-0.478158,0.086766,0.129842,-0.507002,0.137503,0.107588,-0.610363,0.116131,-0.020248,-0.898701,0.081916,-0.241607,-0.72088,0.136625,-0.404493,-0.865884,0.091853,-0.43265,-1.0,0.125987,-0.561925,-0.916773,0.068287,-0.629556,-0.848588,0.064492,-0.658767,-0.924905,0.098375,-0.61077,-0.888569,0.0462,-0.541411,-0.712894,0.183526,-0.413052,-0.802283,0.173582,-0.15391,-0.813109,0.181368,-0.24095,-0.859256,0.099082
D,0.0,0.0,0.0,0.049992,-0.02247,0.078933,0.258803,-0.159499,-0.058607,0.222215,-0.182485,-0.021781,0.351642,-0.257302,0.052991,0.161093,-0.302654,-0.200523,0.257597,-0.425321,-0.044738,0.196598,-0.599675,-0.030849,0.007904,-0.450344,0.04536,-0.100124,-0.833396,-0.053866,-0.350452,-0.769119,-0.053236,-0.502563,-0.871733,-0.114864,-0.516451,-0.971838,-0.030133,-0.550198,-0.925661,-0.038233,-0.631653,-0.868218,-0.070853,-0.627386,-0.80742,0.06674,-0.601497,-0.83308,0.060139,-0.47174,-1.0,-0.097375,-0.344663,-0.929337,0.029623,-0.316186,-0.861967,0.003206,-0.137094,-0.608817,-0.090735
D,0.0,0.0,0.0,0.065893,-0.048374,0.06652,0.116068,-0.201338,0.024108,0.204154,-0.261909,0.080395,0.191795,-0.321611,-0.01335,0.241368,-0.426809,0.055566,0.130965,-0.514038,0.101216,0.053882,-0.572363,0.119673,-0.030688,-0.713423,-0.062406,-0.099777,-0.789933,-0.028239,-0.451419,-0.809389,0.014057,-0.552839,-0.844683,-0.018566,-0.369782,-0.940346,0.003417,-0.678159,-0.829252,0.028216,-0.704992,-0.865707,-0.020608,-0.614861,-0.780637,0.121082,-0.577146,-0.819337,0.19953,-0.468546,-0.820597,0.137776,-0.510766,-0.769105,-0.005805,-0.359904,-1.0,0.067786,-0.254003,-0.699426,0.047475
D,0.0,0.0,0.0,0.173406,0.060449,0.003429,0.130106,-0.100188,0.016527,0.073678,-0.178164,-0.14525,0.146562,-0.199679,0.002347,0.179171,-0.326155,-0.169449,0.097976,-0.477242,-0.106927,0.078724,-0.579183,-0.123742,-0.206938,-0.623598,-0.172706,-0.183875,-0.738278,-0.102645,-0.322558,-0.621634,-0.075781,-0.550858,-0.859538,-0.094628,-0.587624,-1.0,0.009071,-0.548056,-0.780307,-0.100416,-0.604162,-0.860077,-0.028101,-0.693735,-0.699239,-0.134377,-0.513995,-0.775371,-0.060432,-0.514685,-0.701886,0.054978,-0.407742,-0.780908,-0.048185,-0.192143,-0.605607,-0.011734,-0.136183,-0.628142,-0.014594
D,0.0,0.0,0.0,0.095186,-0.047924,-0.036784,0.43982,-0.043238,0.061514,0.223368,-0.288169,-0.01988,0.445365,-0.228488,0.08248,0.372988,-0.405591,0.127187,0.209975,-0.362358,0.03467,0.028314,-0.625993,-0.155748,0.128964,-0.664424,-0.208122,-0.066864,-0.783223,-0.162553,-0.109014,-0.799992,-0.072252,-0.395867,-0.970081,-0.136315,-0.379247,-0.922833,-0.016645,-0.708582,-1.0,0.050729,-0.568083,-0.767393,0.126553,-0.613777,-0.848563,0.015073,-0.400593,-0.772863,0.054017,-0.460656,-0.719724,0.075848,-0.248685,-0.960404,0.048816,-0.273699,-0.633616,0.107461,-0.092529,-0.62698,0.103229
D,0.0,0.0,0.0,0.079369,-0.150791,-0.001352,0.173282,-0.185477,0.034169,0.116742,-0.323139,-0.002461,0.285949,-0.385655,0.122755,0.272818,-0.447165,-0.015631,0.219352,-0.479402,-0.033732,0.203577,-0.708953,-0.061635,0.018881,-0.70715,0.027863,-0.163506,-0.787185,-0.074989,-0.305192,-0.919417,-0.078173,-0.289215,-0.834218,-0.111599,-0.385991,-0.996586,0.028794,-0.50627,-1.0,0.057224,-0.536856,-0.954943,-0.105387,-0.445953,-0.875707,0.036929,-0.559869,-0.833029,-0.000982,-0.433672,-0.74328,-0.010268,-0.276073,-0.821233,0.040251,-0.200152,-0.808538,0.015192,-0.109502,-0.722951,-0.096099
D,0.0,0.0,0.0,0.107943,-0.116049,-0.142027,0.113913,-0.243022,-0.056638,0.092388,-0.291033,-0.042061,0.039737,-0.303937,0.130911,0.21009,-0.450175,-0.023743,0.095745,-0.520893,-0.040534,-0.009595,-0.506,-0.150611,-0.012925,-0.695074,0.045684,-0.1505,-0.778224,-0.097518,-0.286045,-0.881597,-0.129305,-0.509371,-0.908134,-0.065477,-0.470415,-1.0,-0.063271,-0.519977,-0.897698,-0.075014,-0.615639,-0.919809,-0.057902,-0.578926,-0.728888,-0.053602,-0.575154,-0.855889,-0.048062,-0.420378,-0.975366,-0.045745,-0.34626,-0.818068,-0.079018,-0.260862,-0.717839,-0.03349,-0.221948,-0.726673,-0.090216
D,0.0,0.0,0.0,0.06268,-0.262167,0.337218,0.107167,-0.176817,0.195266,0.138164,-0.362792,0.303647,0.267671,-0.269325,0.203664,0.208905,-0.499052,0.16981,0.074679,-0.56659,0.120112,0.088674,-0.646624,0.168642,0.06475,-0.737602,0.182219,-0.026241,-0.720233,0.198521,-0.292476,-0.842875,0.043388,-0.351466,-0.880634,0.13799,-0.410423,-1.0,0.256417,-0.484843,-0.939824,0.163425,-0.546206,-0.83789,0.196629,-0.567421,-0.920052,0.313684,-0.564943,-0.902143,0.295617,-0.465879,-0.802619,0.138327,-0.395808,-0.753292,0.137915,-0.282598,-0.805502,0.09898,-0.181641,-0.795093,0.145826
D,0.0,0.0,0.0,0.028698,-0.112888,0.167098,0.147003,-0.207448,0.128106,0.195888,-0.363728,0.104579,0.263417,-0.405204,0.09717,0.140506,-0.626473,0.078214,0.12461,-0.602755,-0.013154,-0.028244,-0.607656,0.163177,0.012434,-0.816734,0.0774,-0.229249,-0.835923,-0.013561,-0.260145,-0.793783,0.009926,-0.41824,-0.86498,0.061479,-0.431111,-1.0,0.043867,-0.637403,-0.93431,0.047799,-0.608047,-0.979585,-0.013795,-0.736088,-0.925272,0.063244,-0.612849,-0.813627,0.038459,-0.41601,-0.769052,-0.037256,-0.407323,-0.868406,-0.112447,-0.394562,-0.769942,0.176869,-0.131249,-0.778836,0.030939
D,0.0,0.0,0.0,-0.12619,-0.31841,0.13563,0.072647,-0.247617,-0.041634,0.080037,-0.355659,0.087096,0.119901,-0.486197,0.02276,0.20239,-0.495391,0.096611,0.023932,-0.77918,0.009332,-0.051586,-0.659553,0.224375,-0.054706,-0.588794,0.041924,-0.247814,-0.80111,0.10788,-0.211199,-0.911102,0.014783,-0.51827,-0.864641,0.104361,-0.517904,-0.981488,0.047434,-0.559478,-0.946753,0.055275,-0.629685,-0.889045,0.106477,-0.679377,-1.0,0.056425,-0.539829,-0.908475,0.034519,-0.504233,-0.912612,0.120769,-0.409965,-0.884956,0.06608,-0.242722,-0.876017,0.057887,-0.213377,-0.795825,-0.025042
D,0.0,0.0,0.0,0.01271,-0.225327,0.004455,0.229398,-0.309263,0.078661,0.286749,-0.272664,0.079326,0.277776,-0.38698,0.086496,0.232839,-0.339956,0.143163,0.36065,-0.62046,0.063483,0.018017,-0.733056,0.176876,-0.036164,-0.632183,-0.052621,-0.194872,-0.856982,0.01771,-0.187224,-0.86209,-0.005309,-0.376097,-0.957517,-0.028264,-0.525837,-0.894288,-0.07196,-0.427885,-0.999201,0.020184,-0.524399,-0.874089,0.16645,-0.540449,-0.887484,-0.013047,-0.572282,-1.0,0.1877,-0.491716,-0.853614,0.13314,-0.425243,-0.920971,0.168012,-0.301825,-0.845909,0.007258,-0.144855,-0.836588,-0.01255
D,0.0,0.0,0.0,0.117727,-0.143258,0.070623,0.318971,-0.056057,0.042695,0.453602,-0.307147,0.168978,0.282915,-0.389912,0.044255,0.309764,-0.388648,0.125069,0.197847,-0.586765,0.001079,0.169421,-0.624878,-0.021501,0.087863,-0.542904,-0.008806,-0.079166,-0.726459,-0.021524,-0.129548,-0.868561,0.137577,-0.266305,-0.904652,-0.012245,-0.420051,-0.799869,-0.039643,-0.500094,-0.940085,0.063804,-0.510359,-1.0,0.056654,-0.498985,-0.929601,0.140241,-0.39494,-0.87124,0.112154,-0.529076,-0.866684,0.155528,-0.317103,-0.85883,0.223828,-0.053303,-0.752562,0.12825,-0.197778,-0.815211,0.002302
D,0.0,0.0,0.0,0.167988,0.007138,0.332362,0.176221,-0.182696,0.029563,0.274863,-0.146049,0.19126,0.4788,-0.335788,0.243795,0.1973,-0.402088,0.070537,0.291246,-0.475621,0.298462,0.069086,-0.618891,0.216116,0.057864,-0.787678,-0.023515,-0.085075,-0.814268,0.102466,-0.193058,-0.871017,0.047149,-0.524284,-1.0,0.336133,-0.435354,-0.932274,0.163788,-0.586525,-0.872872,0.163799,-0.566182,-0.984179,0.365902,-0.553821,-0.85024,0.190527,-0.48901,-0.941817,0.244772,-0.367177,-0.96561,0.242824,-0.347293,-0.81647,0.175964,-0.094238,-0.922119,0.295805,-0.020165,-0.660437,0.046424
D,0.0,0.0,0.0,0.057729,-0.189213,0.15358,0.348416,-0.242751,0.116366,0.318954,-0.283313,0.190735,0.306318,-0.530235,0.099055,0.392841,-0.484178,0.125044,0.32148,-0.661788,0.112811,0.176093,-0.70499,0.114022,0.050437,-0.847167,0.102802,-0.141472,-0.815006,0.171187,-0.194377,-0.957958,0.074611,-0.34298,-0.885179,0.083517,-0.273044,-0.874934,0.100455,-0.40588,-0.9877,0.132623,-0.511494,-0.9109,0.241239,-0.436264,-0.887854,0.219563,-0.416501,-1.0,0.272084,-0.266851,-0.914614,0.130026,-0.249257,-0.835546,0.12531,-0.257124,-0.82551,0.154412,-0.008201,-0.802643,0.082079
D,0.0,0.0,0.0,0.031917,-0.1936,0.040998,0.183546,-0.126223,0.176822,0.174748,-0.205986,0.132438,0.378944,-0.327515,-0.000771,0.255121,-0.307158,0.036358,0.19842,-0.452128,0.110549,0.059201,-0.683214,0.011575,-0.030883,-0.657033,0.022943,-0.217996,-0.757133,0.050273,-0.295706,-0.916193,-0.022235,-0.378273,-1.0,-0.145683,-0.441838,-0.895522,0.063154,-0.698075,-0.892485,0.061578,-0.772659,-0.842387,0.072814,-0.688987,-0.955198,-0.067874,-0.580449,-0.886805,0.062603,-0.457942,-0.973698,0.025853,-0.504771,-0.865287,0.055617,-0.29207,-0.841932,-0.032344,-0.072456,-0.625952,0.018882
D,0.0,0.0,0.0,0.124814,-0.189326,0.035731,0.20636,-0.268283,0.120877,0.275383,-0.331458,0.103485,0.277602,-0.328561,0.113651,0.325808,-0.429378,0.145658,0.311478,-0.619784,0.064646,0.257507,-0.649799,-0.096662,0.03961,-0.7011,-0.100056,0.022424,-0.817852,0.070892,-0.185998,-0.905667,-0.013582,-0.33517,-0.800305,0.052255,-0.399093,-0.948301,0.150281,-0.34238,-0.830405,0.126254,-0.447481,-0.97506,0.09812,-0.506752,-1.0,0.188138,-0.47386,-0.79585,0.17942,-0.333371,-0.806294,0.081008,-0.165054,-0.814513,0.122152,-0.211682,-0.849485,0.114286,-0.045472,-0.822032,-0.020195
D,0.0,0.0,0.0,0.161961,-0.043277,-0.013244,0.218702,-0.255167,0.174508,0.443183,-0.239984,0.127852,0.298927,-0.251872,0.091725,0.372956,-0.47242,0.045523,0.373679,-0.521587,0.136254,0.204717,-0.695202,-0.011983,0.093015,-0.759314,-0.061215,0.0474,-0.821801,0.008892,-0.127825,-0.879455,0.092704,-0.327458,-0.866401,0.026481,-0.352789,-0.991021,0.082875,-0.369043,-0.963276,0.0921,-0.427299,-1.0,0.010756,-0.378972,-0.886711,0.040202,-0.470399,-0.917927,0.049818,-0.402842,-0.9695,0.142551,-0.195251,-0.912331,0.063743,-0.203591,-0.822991,0.01402,-0.055636,-0.660106,-0.010575
D,0.0,0.0,0.0,0.061854,-0.073993,0.055428,0.312748,-0.087735,0.127336,0.378125,-0.259738,-0.055407,0.292358,-0.213946,0.007817,0.449807,-0.330277,-0.085502,0.223603,-0.542213,-0.14422,0.211599,-0.55572,-0.11289,0.08322,-0.749828,-0.056325,-0.124784,-1.0,-0.093384,-0.141164,-0.859974,-0.180111,-0.445943,-0.90694,-0.105957,-0.481747,-0.834567,-0.170793,-0.414994,-0.99025,-0.216519,-0.612675,-0.915115,-0.07874,-0.714856,-0.988005,-0.103704,-0.516172,-0.887866,-0.116877,-0.52743,-0.856727,-0.110714,-0.441686,-0.975093,-0.034247,-0.1946,-0.904531,-0.085637,0.048453,-0.903027,-0.263108
D,0.0,0.0,0.0,0.130868,0.000834,-0.085951,0.129428,0.025898,0.130463,0.283971,-0.148,0.096845,0.313734,-0.279832,0.130322,0.214597,-0.421659,0.035547,0.181347,-0.619766,0.000545,0.069695,-0.700816,-0.001021,-0.03745,-0.692846,0.085067,-0.189403,-0.702605,0.074411,-0.253611,-0.849545,0.030822,-0.329479,-0.818968,0.115022,-0.516556,-0.896347,0.134736,-0.639868,-0.972098,0.061706,-0.570205,-0.88186,0.063805,-0.742881,-0.915493,0.027103,-0.701944,-1.0,0.118661,-0.421858,-0.877071,0.10186,-0.329697,-0.959435,0.106687,-0.2905,-0.779416,0.012877,-0.214707,-0.787768,0.144795
D,0.0,0.0,0.0,-0.065053,0.062977,0.048739,0.122724,-0.016911,0.017987,0.31072,-0.219913,0.058002,0.207975,-0.351624,0.167085,0.160726,-0.537958,0.106251,0.053589,-0.488627,0.017208,0.025622,-0.586511,0.064646,-0.036524,-0.638919,-0.020615,-0.188244,-1.0,0.069486,-0.337526,-0.894891,0.075175,-0.356541,-0.904567,-0.003185,-0.532206,-0.994863,0.035972,-0.532007,-0.908494,-0.028726,-0.78591,-0.899628,0.185845,-0.773144,-0.864962,0.231602,-0.484655,-0.849812,0.175333,-0.695539,-0.694818,0.089904,-0.506203,-0.831337,0.221126,-0.159065,-0.775845,0.16296,-0.180503,-0.836571,0.176156
D,0.0,0.0,0.0,0.177797,-0.040011,0.076568,0.208544,-0.273825,-0.163689,0.410067,-0.330397,0.028551,0.242991,-0.293502,-0.088791,0.198652,-0.490818,-0.0904,0.260077,-0.569344,-0.036168,0.126662,-0.691558,-0.130444,0.171568,-0.712947,-0.233116,-0.100595,-0.787267,-0.003979,-0.12011,-0.904358,0.03231,-0.293975,-0.809721,-0.179681,-0.531736,-1.0,-0.293219,-0.317219,-0.91061,-0.129661,-0.45449,-0.910635,-0.016574,-0.407492,-0.927973,-0.098834,-0.396911,-0.839586,-0.035971,-0.247637,-0.891025,-0.105489,-0.266018,-0.878756,-0.03386,-0.235601,-0.836879,0.033852,-0.0934,-0.842437,-0.029044
D,0.0,0.0,0.0,0.284783,0.07679,-0.080626,0.358957,-0.144848,-0.051667,0.471821,-0.25222,0.025592,0.412529,-0.402175,0.075406,0.423621,-0.586971,0.005897,0.255798,-0.456188,-0.152235,0.189245,-0.620731,-0.058371,0.150424,-0.865981,0.04742,-0.011512,-0.723551,-0.024663,-0.200455,-1.0,-0.136937,-0.211459,-0.840494,-0.128882,-0.673652,-0.998621,-0.081787,-0.554466,-0.954672,0.034175,-0.500286,-0.95924,-0.15483,-0.605093,-0.797198,0.030223,-0.505803,-0.924183,0.03599,-0.639323,-0.938943,-0.009085,-0.235624,-0.882107,-0.154734,-0.165583,-0.917659,-0.144879,-0.118422,-0.787337,0.026939
D,0.0,0.0,0.0,0.087237,-0.061109,-0.181431,0.177831,-0.262029,0.085094,0.217601,-0.276347,-0.094817,0.319681,-0.331446,0.04565,0.173143,-0.529718,0.008721,0.125549,-0.544666,-0.178182,0.051712,-0.544189,-0.017694,-0.015355,-0.617426,-0.229713,-0.211421,-0.859271,-0.015794,-0.223482,-0.952535,-0.005209,-0.434852,-0.852158,-0.13625,-0.517661,-1.0,0.028581,-0.619432,-0.98147,0.011774,-0.583303,-0.914683,0.010408,-0.650727,-0.987244,0.00972,-0.565333,-0.94986,0.011514,-0.615164,-0.864047,0.014497,-0.336423,-0.880315,-0.136755,-0.309772,-0.86633,0.0156,-0.299169,-0.827821,-0.020954
D,0.0,0.0,0.0,0.104705,-0.095384,0.014497,0.285786,-0.193067,0.016784,0.414041,-0.165194,-0.041015,0.263806,-0.306278,0.101966,0.197387,-0.340894,0.122586,0.276181,-0.423047,0.078367,0.189243,-0.500513,0.101289,-0.005589,-0.645452,-0.034248,-0.037372,-0.727711,-0.091782,-0.204459,-0.800137,-0.027425,-0.292013,-0.807043,0.010436,-0.39627,-0.79583,0.062128,-0.468652,-0.965279,0.096154,-0.497012,-0.813138,0.072796,-0.641072,-1.0,0.130819,-0.520367,-0.83431,0.091261,-0.422485,-0.842473,0.017499,-0.314122,-0.846055,0.03439,-0.21792,-0.795197,0.100834,-0.079838,-0.690521,0.12249
D,0.0,0.0,0.0,0.104008,-0.087801,0.060776,0.169606,-0.187973,0.069508,0.188893,-0.253151,-0.011401,0.212318,-0.27099,0.07176,0.207467,-0.387074,0.083726,0.124822,-0.586225,0.067449,0.020605,-0.645261,-0.14869,-0.011865,-0.782758,-0.098402,-0.126272,-0.701855,-0.100903,-0.290414,-0.858157,-0.093607,-0.375517,-0.875461,-0.064244,-0.578278,-0.797751,0.000546,-0.501908,-0.79937,-0.064598,-0.610026,-1.0,0.204677,-0.596758,-0.80108,-0.062132,-0.488956,-0.728048,0.014679,-0.549414,-0.828658,-0.130425,-0.394751,-0.740131,-0.006667,-0.299856,-0.733371,0.014615,-0.268906,-0.741602,0.112307
D,0.0,0.0,0.0,0.292591,-0.098267,-0.103303,0.305418,-0.196353,-0.107196,0.344884,-0.22654,-0.148677,0.29437,-0.337157,0.024581,0.373145,-0.461046,-0.058531,0.298398,-0.405111,-0.133625,0.269401,-0.691264,-0.119268,0.122791,-0.729877,-0.209812,-0.073769,-0.782398,-0.138395,-0.171061,-0.844463,-0.185531,-0.280069,-0.925844,-0.170118,-0.198317,-0.918534,-0.105829,-0.436768,-0.973023,-0.036927,-0.528924,-0.876431,-0.134191,-0.577024,-0.91166,-0.176983,-0.429705,-1.0,-0.118154,-0.495348,-0.681319,-0.222772,-0.286371,-0.770963,-0.046601,-0.100578,-0.847264,-0.045871,0.037932,-0.786935,-0.146841
D,0.0,0.0,0.0,0.233068,-0.065553,-0.078402,0.22078,-0.085476,-0.046478,0.358483,-0.228804,-0.104895,0.400457,-0.307761,-0.138792,0.257809,-0.401102,0.049705,0.301737,-0.397116,-0.023635,0.212618,-0.626342,-0.1189,-0.042333,-0.680745,-0.073714,-0.09224,-0.648197,-0.214777,-0.199834,-0.894435,-0.125172,-0.307661,-0.866397,-0.080966,-0.534913,-1.0,-0.061408,-0.416433,-0.96518,0.008585,-0.578254,-0.987799,-0.140672,-0.580226,-0.906531,-0.141086,-0.663393,-0.914482,-0.030533,-0.46636,-0.860097,-0.038523,-0.28605,-0.764537,-0.079091,-0.169007,-0.83308,-0.108414,-0.116264,-0.830783,-0.143473
D,0.0,0.0,0.0,0.31953,-0.169887,0.10886,0.271784,-0.227819,0.127703,0.39139,-0.27093,0.072044,0.340012,-0.497634,0.122575,0.418485,-0.390198,0.097666,0.258549,-0.676266,0.124891,0.120101,-0.676179,0.029836,0.127004,-0.728039,0.036403,-0.124622,-0.793895,-0.114974,-0.047033,-0.880735,-0.109889,-0.245634,-0.920516,0.101926,-0.272958,-0.890064,0.117443,-0.354356,-0.876364,0.106069,-0.459606,-0.831441,-0.004366,-0.326454,-1.0,0.128372,-0.23603,-0.901183,0.078501,-0.247906,-0.883356,0.19663,-0.184767,-0.856532,0.039553,-0.147556,-0.850955,0.032609,-0.008084,-0.834121,0.162889
E,0.0,0.0,0.0,0.222784,-0.087231,-0.037548,0.288453,-0.149331,-0.02291,0.190292,-0.295086,-0.078507,0.258178,-0.359325,0.02354,0.396302,-0.500419,0.039136,0.222438,-0.469686,0.00506,0.030107,-0.77384,-0.03522,-0.056758,-0.803188,-0.164179,-0.138922,-0.696741,-0.113446,-0.237753,-0.86361,-0.174603,-0.343456,-0.97082,-0.071204,-0.511555,-0.851977,-0.128446,-0.520609,-0.979496,-0.068201,-0.827334,-0.765139,0.025942,-0.609667,-0.97253,-0.03532,-0.451511,-1.0,-0.008146,-0.29059,-0.916391,-0.000921,-0.148071,-0.762196,-0.014709,-0.140099,-0.809364,0.046454,-0.072568,-0.901663,-0.093158
E,0.0,0.0,0.0,0.266082,-0.004197,0.059598,0.259657,-0.218938,-0.101229,0.312919,-0.181477,0.056132,0.271009,-0.307937,0.053948,0.396864,-0.356238,0.115473,0.257348,-0.640424,0.07325,0.126831,-0.597401,0.038605,0.008069,-0.529633,-0.021034,-0.091514,-0.830324,0.031813,-0.224252,-0.824953,0.096359,-0.475861,-0.925209,0.002211,-0.443044,-0.898547,0.099346,-0.617312,-1.0,0.050874,-0.599055,-0.869658,0.046569,-0.601773,-0.894906,0.063382,-0.543892,-0.876862,0.034355,-0.370268,-0.81689,0.218593,-0.305255,-0.840073,0.231096,-0.155686,-0.702046,0.058309,-0.005239,-0.717112,-0.085774
E,0.0,0.0,0.0,0.032016,0.050283,0.062713,0.211941,-0.048876,0.007253,0.202345,-0.103488,0.14478,0.139037,-0.403451,0.001225,0.271521,-0.301682,-0.029202,0.136947,-0.361989,0.052605,0.113316,-0.527974,-0.074117,-0.144786,-0.692784,-0.015094,-0.203044,-0.739455,-0.261739,-0.518339,-1.0,-0.01937,-0.525581,-0.849489,-0.095105,-0.59378,-0.839082,-0.097424,-0.826684,-0.900826,0.163012,-0.606829,-0.848227,-0.011254,-0.652425,-0.906138,-0.000535,-0.828392,-0.833822,0.012637,-0.558844,-0.986835,0.065438,-0.631397,-0.69098,0.07402,-0.323901,-0.70359,-0.066015,-0.151881,-0.666439,-0.252981
E,0.0,0.0,0.0,0.234274,-0.146721,-0.008603,0.078926,-0.048713,0.032697,0.222921,-0.24792,0.100027,0.281713,-0.159547,0.083715,0.192581,-0.478572,0.0122,0.052922,-0.53322,0.07337,0.016495,-0.680959,0.102571,-0.157153,-0.847231,-0.098216,-0.292562,-0.745642,-0.053269,-0.327806,-0.745274,-0.075185,-0.372591,-0.757139,-0.048114,-0.465375,-0.898119,0.064975,-0.683128,-1.0,-0.004158,-0.659092,-0.9146,0.026614,-0.533074,-0.888587,-0.002839,-0.554251,-0.887517,-0.0082,-0.556208,-0.800361,0.008701,-0.269591,-0.875366,-0.006061,-0.087079,-0.815561,-0.005991,-0.166987,-0.8267,0.096429
E,0.0,0.0,0.0,0.125434,-0.000788,0.232988,0.230717,-0.259633,0.187799,0.276474,-0.407909,0.088773,0.297996,-0.314841,0.053039,0.255189,-0.478921,0.211206,0.075507,-0.541645,0.194686,-0.008603,-0.68465,0.061373,0.012769,-0.780781,0.022317,-0.300148,-0.834727,0.136195,-0.481902,-0.763652,0.10412,-0.470374,-0.947051,0.094413,-0.613126,-0.886604,0.112127,-0.609105,-1.0,0.1501,-0.750114,-0.86929,0.094307,-0.697946,-0.962762,0.142856,-0.56382,-0.934958,0.274702,-0.58663,-0.867105,0.105151,-0.376853,-0.849343,0.133243,-0.185935,-0.869763,0.165614,-0.192735,-0.794675,0.011905
E,0.0,0.0,0.0,0.169937,0.052608,-0.096964,0.216661,-0.04647,-0.063788,0.243837,-0.226637,-0.111128,0.148248,-0.297683,-0.011339,0.398558,-0.443594,-0.12652,0.248831,-0.516166,-0.006603,0.0767,-0.689815,-0.205916,-0.008106,-0.880229,-0.113207,-0.143414,-0.793503,-0.171311,-0.209965,-0.829034,-0.226258,-0.492226,-1.0,-0.127644,-0.621301,-0.875366,-0.049903,-0.676716,-0.976338,-0.124592,-0.569596,-0.833354,-0.231387,-0.642754,-0.953616,-0.196901,-0.598091,-0.873417,-0.110467,-0.585096,-0.657998,-0.078595,-0.34177,-0.923638,-0.09709,-0.226878,-0.955684,-0.219579,-0.01532,-0.650175,-0.133873
E,0.0,0.0,0.0,0.09976,0.052374,0.112695,0.029924,-0.143814,0.059443,0.125113,-0.202724,0.102228,0.214111,-0.210474,0.021735,0.023648,-0.394953,0.156585,0.016356,-0.46629,0.058141,-0.033757,-0.598745,-0.07054,-0.313448,-0.750932,-0.051881,-0.211789,-0.748702,-0.069692,-0.467075,-0.748797,0.056477,-0.446518,-0.787653,-0.12223,-0.628696,-0.718042,0.069053,-0.765409,-0.85711,0.039012,-0.735845,-1.0,0.039807,-0.722504,-0.880114,0.021247,-0.627837,-0.803182,-0.011962,-0.551261,-0.891236,0.059888,-0.620954,-0.764797,0.084378,-0.380045,-0.673383,0.079836,-0.405621,-0.714868,-0.209005
E,0.0,0.0,0.0,0.259026,-0.0541,0.141103,0.306638,-0.294183,0.129872,0.076985,-0.129237,0.250966,0.298062,-0.341938,0.264564,0.220246,-0.448831,0.216358,0.09741,-0.573953,0.20761,0.046348,-0.773535,0.067029,-0.007822,-0.772732,0.189357,-0.30212,-0.929041,0.075034,-0.372497,-0.925635,0.231902,-0.463339,-0.780896,0.178534,-0.748334,-0.860589,0.058273,-0.618262,-1.0,0.347414,-0.554296,-0.989261,0.201878,-0.625072,-0.852417,0.226121,-0.662021,-0.940291,0.226009,-0.40711,-0.825302,0.161177,-0.333641,-0.853747,0.264994,-0.064408,-0.825216,0.236284,-0.167089,-0.789214,0.158542
E,0.0,0.0,0.0,0.131487,-0.312146,0.059711,0.227358,-0.300938,-0.096489,0.195024,-0.34649,0.095131,0.316923,-0.45066,0.001071,0.106279,-0.499906,0.066714,0.084713,-0.54684,0.049471,0.036989,-0.718473,-0.022689,-0.203839,-0.719714,-0.008056,-0.160061,-0.760364,0.004685,-0.282712,-0.830357,-0.097601,-0.404638,-0.860798,-0.050048,-0.397081,-0.918772,0.020029,-0.489366,-0.842531,0.077172,-0.47529,-1.0,0.109926,-0.414406,-0.891103,0.064959,-0.509581,-0.953745,0.01071,-0.418498,-0.837367,-0.008815,-0.338018,-0.793142,-0.011851,-0.160483,-0.732445,0.151833,-0.019706,-0.74348,-0.037595
E,0.0,0.0,0.0,0.124816,-0.172559,0.035559,0.180096,-0.178631,0.052065,0.175396,-0.296514,0.144513,0.12472,-0.312792,0.093518,0.098742,-0.41783,-0.001393,0.182763,-0.580975,-0.003276,-0.069531,-0.676172,0.11791,-0.066244,-0.655019,-0.038543,-0.15957,-0.776343,0.043529,-0.38559,-0.812719,0.042045,-0.379981,-0.768259,-0.061124,-0.544031,-0.81451,-0.031934,-0.484201,-0.979503,-0.008192,-0.622622,-1.0,-0.029539,-0.537551,-0.803378,0.167157,-0.432279,-0.754606,0.090368,-0.447681,-0.920852,-0.023903,-0.345901,-0.689681,0.06633,-0.294815,-0.646896,0.121882,-0.063653,-0.628203,-0.024137
E,0.0,0.0,0.0,0.061126,-0.100053,-0.082396,0.112181,-0.107691,-0.032831,0.234708,-0.229644,-0.014379,0.278172,-0.422326,0.120399,0.167524,-0.506475,-0.078814,0.05079,-0.628278,-0.129265,-0.068206,-0.774576,-0.011131,-0.082854,-0.89625,0.055941,-0.335894,-0.95186,-0.028038,-0.501287,-0.941718,-0.116468,-0.656326,-0.920608,-0.095226,-0.804864,-0.95688,-0.145417,-0.849268,-0.913657,-0.120948,-0.964254,-0.948669,-0.031116,-0.785602,-1.0,0.02355,-0.768059,-0.833375,-0.105266,-0.581222,-0.864429,-0.059354,-0.571689,-0.802921,-0.095689,-0.400501,-0.785022,-0.040262,-0.348603,-0.699972,-0.106199
E,0.0,0.0,0.0,0.27265,-0.207873,0.035266,0.265158,-0.185657,0.048485,0.322214,-0.367559,0.123173,0.151485,-0.449813,-0.022445,0.36279,-0.492607,-0.019938,0.257868,-0.590457,-0.120861,0.027603,-0.564534,-0.054497,0.072236,-0.690843,-0.122804,-0.191047,-0.871678,-0.134189,-0.008255,-0.793433,-0.025599,-0.483784,-0.792034,0.002352,-0.399772,-0.794528,-0.160564,-0.67122,-1.0,-0.10108,-0.593673,-0.961159,0.130924,-0.466381,-0.902683,0.135037,-0.441951,-0.907416,-0.142043,-0.475284,-0.890782,0.005671,-0.341422,-0.810967,0.011005,-0.305613,-0.760866,-0.078328,-0.074635,-0.70501,-0.154271
E,0.0,0.0,0.0,0.186527,-0.113592,0.017946,0.151955,-0.071602,0.038026,0.276115,-0.103063,0.073788,0.326238,-0.222358,0.146466,0.214215,-0.393391,-0.027704,0.092067,-0.576906,0.197374,-0.008682,-0.682845,-0.05199,-0.032428,-0.696013,0.078311,-0.153611,-0.869455,-0.062756,-0.232731,-0.840593,0.076541,-0.452222,-0.930528,-0.015964,-0.60015,-0.923365,0.037527,-0.557205,-1.0,0.04383,-0.656543,-0.926687,0.073419,-0.638389,-0.767006,0.158879,-0.46514,-0.871139,0.01181,-0.455891,-0.817366,0.028081,-0.432644,-0.780298,0.025532,-0.177582,-0.706061,0.108862,-0.183276,-0.707267,-0.038405
E,0.0,0.0,0.0,0.202278,0.082471,-0.018922,0.295947,-0.056145,-0.008369,0.302824,-0.110979,-0.015966,0.390595,-0.465756,0.058363,0.391772,-0.461428,-0.103312,0.333386,-0.557169,-0.141733,0.018017,-0.697558,-0.245889,0.005519,-0.885621,-0.027761,-0.200892,-0.835848,-0.188533,-0.238782,-0.819373,-0.235129,-0.441129,-0.805852,-0.124013,-0.573704,-1.0,-0.103318,-0.799722,-0.977267,-0.252413,-0.717419,-0.96099,-0.087194,-0.721849,-0.966024,-0.114602,-0.701676,-0.985591,-0.054422,-0.597557,-0.917492,-0.009037,-0.384732,-0.960732,-0.029282,-0.095978,-0.928827,-0.039615,0.010623,-0.807761,-0.117682
E,0.0,0.0,0.0,0.317196,-0.079057,0.057021,0.239721,-0.124963,0.127167,0.367816,-0.326264,-0.021855,0.409887,-0.328574,-0.069136,0.218218,-0.393921,0.076789,0.206281,-0.365834,0.04264,0.080493,-0.709812,-0.115077,-0.004527,-0.772169,0.064232,-0.058896,-0.7612,-0.159688,-0.356308,-0.771588,-0.112701,-0.345249,-0.869833,-0.054814,-0.580156,-0.934806,-0.024546,-0.514694,-1.0,-0.035281,-0.613557,-0.875512,-0.062945,-0.698615,-0.854483,-0.095428,-0.446683,-0.888387,-0.09524,-0.486543,-0.816132,-0.028189,-0.32983,-0.757276,-0.021523,-0.265973,-0.807915,0.076745,0.070035,-0.918296,0.03056
E,0.0,0.0,0.0,-0.03577,-0.095854,-0.006338,0.068306,-0.312869,0.117025,0.218047,-0.259563,0.128584,0.183832,-0.417728,0.042375,0.164703,-0.580372,0.091747,0.184881,-0.667306,0.133953,0.01881,-0.684435,-0.095456,-0.234816,-0.772116,0.060505,-0.28513,-0.733699,0.047057,-0.429601,-0.901185,0.169405,-0.567805,-0.903535,-0.014876,-0.523363,-0.872832,-0.000724,-0.554691,-0.811807,0.052411,-0.601208,-1.0,0.068399,-0.652573,-0.884396,0.163358,-0.594644,-0.806691,0.188298,-0.441883,-0.919692,0.030539,-0.44653,-0.787807,-0.028166,-0.216349,-0.90415,0.092588,-0.132207,-0.718465,0.094323
E,0.0,0.0,0.0,-0.063641,-0.207491,-0.112927,0.005775,-0.212536,-0.010373,0.094792,-0.26593,0.010278,0.043809,-0.380562,-0.027711,0.065231,-0.382807,-0.002345,0.126378,-0.459296,-0.037123,-0.125157,-0.622318,0.046231,-0.189112,-0.633965,0.034612,-0.314323,-0.783658,-0.002452,-0.367421,-0.828772,-0.06405,-0.476732,-0.911231,0.010589,-0.577365,-1.0,-0.02001,-0.643099,-0.743055,-0.034777,-0.683383,-0.805438,-0.023012,-0.651594,-0.789579,-0.034966,-0.646595,-0.696379,0.061657,-0.504704,-0.772379,0.050373,-0.339178,-0.791526,0.028078,-0.319882,-0.737151,-0.001749,-0.181525,-0.668651,0.000201
E,0.0,0.0,0.0,0.373893,-0.040779,0.035605,0.277132,-0.111045,0.082915,0.474453,-0.136279,0.014641,0.58428,-0.274596,0.027858,0.4433,-0.427631,0.185821,0.190128,-0.388838,0.050879,0.247495,-0.453036,-0.075831,0.113942,-0.798202,-0.088828,-0.189976,-0.725841,-0.016077,-0.282434,-0.81222,0.027925,-0.345073,-0.780036,0.135025,-0.499655,-0.927832,0.062434,-0.652836,-0.946121,0.11609,-0.59976,-0.97818,-0.054779,-0.569015,-0.775914,0.160947,-0.505282,-0.679858,0.068196,-0.42934,-1.0,0.032537,-0.229888,-0.648188,-0.015669,-0.120233,-0.660106,0.025785,-0.188171,-0.702797,0.061084
E,0.0,0.0,0.0,-0.008284,0.01747,0.102749,0.365476,-0.080032,0.093957,0.290268,-0.195283,0.194386,0.323954,-0.2572,0.101032,0.196201,-0.441603,0.122807,0.111204,-0.630521,0.119718,0.067062,-0.639888,0.040817,0.082107,-0.620928,-0.03928,-0.194726,-0.719126,0.081163,-0.28976,-0.913733,-0.008946,-0.439981,-0.851188,0.171197,-0.544938,-0.964596,0.061751,-0.484228,-1.0,0.194227,-0.593,-0.941466,-0.002412,-0.514851,-0.882514,0.135389,-0.574605,-0.866293,0.09113,-0.430665,-0.860662,0.008521,-0.117636,-0.879686,0.112882,-0.30811,-0.898865,0.085402,-0.038243,-0.650718,0.086016
E,0.0,0.0,0.0,0.184324,-0.094938,-0.082835,0.207644,-0.116829,-0.014353,0.300804,-0.201108,-0.082481,0.353384,-0.221842,-0.061219,0.095699,-0.366145,-0.030446,-0.055615,-0.472331,-0.130342,0.023906,-0.647959,-0.133119,0.01666,-0.697799,-0.071782,-0.272579,-0.681408,-0.15037,-0.320749,-0.789315,-0.103897,-0.646427,-0.928971,-0.108617,-0.702659,-0.886868,-0.123245,-0.677386,-0.904002,-0.077954,-0.570065,-0.914888,-0.118642,-0.678134,-1.0,-0.054993,-0.504873,-0.727899,-0.124916,-0.572871,-0.768198,-0.012174,-0.358962,-0.718785,-0.007104,-0.293632,-0.729237,0.006321,-0.12189,-0.786344,-0.178904
E,0.0,0.0,0.0,0.196436,-0.153941,-0.067129,0.279451,-0.177317,0.14034,0.253323,-0.341187,0.138981,0.416987,-0.386287,0.136665,0.248736,-0.602567,0.161886,0.26565,-0.540507,0.058042,0.140473,-0.621559,0.166187,0.04475,-0.765523,-0.064056,-0.149875,-0.822146,0.071921,-0.195857,-0.902681,0.173476,-0.54025,-0.903883,-0.024856,-0.645916,-0.970452,-0.053242,-0.581901,-0.959071,0.155484,-0.703374,-0.88759,0.101632,-0.503548,-0.965053,0.01085,-0.610854,-1.0,0.144137,-0.326687,-0.916297,0.146454,-0.428543,-0.831614,0.131835,-0.292135,-0.833168,0.113226,-0.264641,-0.703943,0.065814
E,0.0,0.0,0.0,0.095053,-0.050596,0.147602,0.214696,-0.076672,0.299581,0.192046,-0.277125,0.155021,0.215884,-0.256072,0.0592,0.151806,-0.316473,0.133383,0.146506,-0.497024,0.198777,-0.080484,-0.683942,0.109473,-0.255561,-0.728782,0.107953,-0.150682,-0.750542,0.124793,-0.326981,-0.903478,0.068849,-0.354692,-0.878014,0.172296,-0.553999,-1.0,0.133527,-0.674556,-0.875794,0.079248,-0.789246,-0.92549,0.146242,-0.607677,-0.74136,0.266224,-0.576175,-0.916989,0.138815,-0.534307,-0.859377,0.201091,-0.383205,-0.744868,0.215923,-0.369922,-0.69032,0.070415,-0.238498,-0.701386,0.186693
E,0.0,0.0,0.0,0.081128,-0.153321,-0.088088,0.144147,-0.153447,0.015964,0.24069,-0.268178,0.061596,0.187921,-0.224258,0.023821,0.328546,-0.428515,-0.010529,0.030752,-0.652864,-0.085294,-0.06758,-0.615291,-0.074199,-0.113124,-0.634454,-0.061223,-0.11065,-0.875782,-0.075334,-0.423614,-0.780817,-0.221375,-0.602896,-0.891527,0.056254,-0.577837,-1.0,-0.118231,-0.536638,-0.954227,-0.078636,-0.573776,-0.831459,0.096621,-0.728568,-0.990789,0.028769,-0.584574,-0.831449,0.125572,-0.643331,-0.76642,-0.063808,-0.349352,-0.830355,-0.060913,-0.325148,-0.873089,-0.022262,-0.205447,-0.698859,-0.000711
E,0.0,0.0,0.0,0.082752,-0.137849,-0.116164,0.076755,-0.273945,0.167127,0.204106,-0.121049,0.011227,0.147363,-0.395438,0.063241,-0.005608,-0.634525,-0.063702,-0.089619,-0.456173,0.094003,-0.182464,-0.557394,0.014371,-0.310318,-0.750521,-0.106959,-0.279006,-0.873792,-0.083626,-0.501079,-0.809856,-0.090849,-0.602745,-0.892614,0.073017,-0.683899,-0.969181,-0.007603,-0.723837,-1.0,0.125405,-0.760649,-0.921735,0.003383,-0.6038,-0.99189,0.023212,-0.527654,-0.84336,-0.077316,-0.627736,-0.808826,0.088973,-0.500535,-0.737814,-0.115429,-0.452583,-0.802155,0.059152,-0.222997,-0.732883,-0.039595
E,0.0,0.0,0.0,-0.034662,0.124413,-0.094882,0.049943,-0.086348,-0.006589,0.195792,-0.218747,-0.092185,0.304036,-0.27842,0.098867,0.094451,-0.430946,-0.009326,0.147125,-0.48305,-0.03248,-0.177224,-0.537614,-0.028052,-0.241455,-0.739732,-0.213249,-0.256876,-0.967402,-0.121298,-0.467912,-0.82786,-0.094246,-0.568149,-0.955385,-0.092679,-0.716728,-0.992077,-0.203443,-0.853568,-0.963783,-0.064074,-0.831241,-1.0,-0.09107,-0.840173,-0.977169,-0.007732,-0.708527,-0.937004,-0.087744,-0.753089,-0.681015,-0.105256,-0.555823,-0.813105,-0.005574,-0.328444,-0.860744,-0.039635,-0.21624,-0.830639,-0.062472
E,0.0,0.0,0.0,0.107069,-0.003583,0.133906,-0.013688,-0.092696,0.080596,0.091306,-0.233036,0.119168,0.100224,-0.319273,0.102606,0.048989,-0.461649,0.048691,-0.001873,-0.612084,-0.002207,0.010753,-0.596594,-0.0751,-0.120671,-0.7827,-0.145787,-0.323481,-0.713349,0.004269,-0.427001,-0.875593,-0.068644,-0.535324,-0.958994,-0.054541,-0.650736,-1.0,-0.070336,-0.667304,-0.909654,-0.011194,-0.783971,-0.791085,-0.029037,-0.686078,-0.917659,0.04499,-0.617734,-0.95329,0.044229,-0.479102,-0.702152,0.027117,-0.447825,-0.640459,0.099281,-0.366669,-0.814448,0.06523,-0.262888,-0.676716,0.000693
E,0.0,0.0,0.0,0.194909,-0.081495,0.041252,0.160671,-0.142581,0.009938,0.171312,-0.313457,0.16695,0.151336,-0.516464,-0.061175,0.066275,-0.38258,0.081152,0.143873,-0.55933,0.061592,-0.014819,-0.622589,0.044279,-0.033957,-0.748562,-0.036673,-0.33255,-0.93342,0.098363,-0.471108,-0.999638,0.027866,-0.577614,-0.954933,0.16537,-0.601659,-1.0,-0.075835,-0.782574,-0.951886,-0.03236,-0.598942,-0.998217,0.086659,-0.804375,-0.938399,0.00462,-0.518389,-0.843117,0.177605,-0.703139,-0.897369,0.185997,-0.418637,-0.959613,0.018879,-0.357783,-0.89904,0.167992,-0.326235,-0.779227,-0.079754
E,0.0,0.0,0.0,0.348285,0.10859,-0.030617,0.402413,0.087477,0.103235,0.545669,-0.065452,0.162435,0.303291,-0.206266,0.116818,0.376704,-0.446738,0.092043,0.172434,-0.69709,0.143209,-0.011812,-0.613811,0.058036,-0.001786,-0.749532,0.030406,-0.151744,-0.745793,0.146359,-0.333038,-0.871201,-0.083795,-0.459553,-0.864877,-0.007374,-0.564957,-0.975099,0.091536,-0.608129,-0.877742,0.070166,-0.808227,-1.0,0.13614,-0.48302,-0.95265,0.13932,-0.679292,-0.975081,0.042999,-0.704982,-0.733644,-0.103497,-0.406292,-0.918083,-0.006808,-0.104183,-0.765562,-0.040567,-0.112975,-0.828593,0.014491
E,0.0,0.0,0.0,0.08593,-0.214859,0.209362,0.185325,-0.23483,0.184524,0.141081,-0.282226,0.220997,0.268023,-0.372343,0.192136,0.273365,-0.525984,0.137123,0.108931,-0.645025,0.098317,0.123481,-0.710105,0.11862,-0.072347,-0.609229,0.020627,-0.276934,-0.962465,0.071017,-0.326134,-0.952277,0.051455,-0.441972,-0.989872,0.118204,-0.464522,-0.9316,0.173626,-0.5234,-0.962944,0.125261,-0.66844,-1.0,0.119377,-0.553959,-0.933299,0.211799,-0.628683,-0.83651,0.139531,-0.543061,-0.931905,0.32433,-0.390471,-0.896206,0.131196,-0.254819,-0.902406,0.133234,-0.050267,-0.813534,0.030792
E,0.0,0.0,0.0,0.241913,-0.04805,0.012059,0.360489,-0.061933,0.079641,0.42126,-0.193003,-0.107705,0.340979,-0.458902,0.07358,0.110424,-0.482424,-0.003246,0.106422,-0.579681,0.08122,0.002786,-0.610805,-0.094151,-0.087726,-0.715852,-0.115801,-0.314332,-0.777256,0.034926,-0.360052,-0.907361,-0.037771,-0.475065,-0.894499,-0.229868,-0.66043,-1.0,-0.005834,-0.630466,-0.89335,0.025792,-0.768846,-0.822987,0.123949,-0.74847,-0.887237,-0.004724,-0.584152,-0.803748,0.205024,-0.443786,-0.828724,0.008085,-0.365939,-0.715396,0.012164,-0.309523,-0.914428,0.031424,-0.081413,-0.821599,0.048151
E,0.0,0.0,0.0,0.117783,-0.049598,0.109661,0.141708,-0.120942,0.053399,0.284759,-0.192179,0.051505,0.314378,-0.309475,0.006022,0.264634,-0.488859,0.019277,0.143791,-0.539274,0.013934,0.091337,-0.673139,-0.134979,-0.063882,-0.753731,-0.015969,-0.249323,-0.92066,0.002265,-0.362407,-0.875432,-0.064559,-0.46544,-0.961471,-0.104025,-0.52765,-0.995297,0.000447,-0.596706,-1.0,-0.078653,-0.470975,-0.987053,0.078498,-0.490494,-0.868468,0.022598,-0.583382,-0.961516,0.113314,-0.443942,-0.905619,-0.039332,-0.465972,-0.761722,0.029482,-0.215977,-0.869809,-0.111603,-0.02074,-0.786756,0.043622
E,0.0,0.0,0.0,0.196807,0.0,-0.053166,0.271357,-0.067208,-0.021912,0.23314,-0.14995,-0.055825,0.324115,-0.361098,-0.148997,0.32519,-0.671147,-0.17426,0.205373,-0.529523,-0.094705,0.070502,-0.856663,-0.016918,-0.050444,-0.757209,-0.087413,-0.171461,-0.829107,-0.239883,-0.181262,-0.793979,-0.194825,-0.495384,-0.94158,-0.005656,-0.729888,-0.983724,-0.19865,-0.6539,-0.98768,-0.037438,-0.702839,-1.0,0.023774,-0.606468,-0.882095,-0.022797,-0.626203,-0.904085,0.030467,-0.654106,-0.83336,0.007117,-0.366728,-0.842233,-0.226647,-0.268627,-0.669616,-0.056055,-0.118756,-0.784059,-0.052392
E,0.0,0.0,0.0,0.183922,0.014631,0.161436,0.094884,-0.024555,-0.050265,0.213597,-0.190766,-0.022758,0.19934,-0.280852,-0.041315,0.279266,-0.552664,0.137661,0.157968,-0.560084,-0.053888,-0.055363,-0.658421,-0.050482,-0.051878,-0.589572,-0.050911,-0.340339,-0.843911,-0.088841,-0.487433,-0.945549,0.078194,-0.510312,-0.959054,-0.003592,-0.713903,-1.0,-0.102224,-0.570193,-0.944327,-0.199127,-0.626834,-0.939898,-0.135832,-0.721683,-0.859949,0.041206,-0.5119,-0.932591,0.017503,-0.604093,-0.951499,0.069942,-0.403269,-0.787441,0.018909,-0.355077,-0.854978,-0.031649,-0.084515,-0.646501,0.002223
E,0.0,0.0,0.0,0.030768,-0.08737,-0.071478,0.168265,-0.059793,0.091308,0.155937,-0.267741,-0.015196,0.219481,-0.28826,0.082604,0.360273,-0.37587,0.038679,0.168859,-0.56649,-0.071759,0.11491,-0.572756,-0.032222,-0.072616,-0.636111,0.024702,-0.318032,-0.770811,-0.053956,-0.267342,-0.769031,0.048323,-0.532114,-0.929241,0.045171,-0.5858,-1.0,0.023651,-0.641561,-0.77931,0.028614,-0.615971,-0.918934,0.135874,-0.587043,-0.903206,-0.014983,-0.564424,-0.916323,0.111687,-0.598692,-0.82973,0.074948,-0.343101,-0.840153,0.061881,-0.303373,-0.767936,0.040511,-0.08387,-0.795657,0.05776
E,0.0,0.0,0.0,0.182187,-0.047207,-0.074467,0.238797,-0.199054,-0.158913,0.247941,-0.292001,-0.023123,0.22203,-0.466669,-0.021855,0.102078,-0.410223,-0.099583,0.142484,-0.575201,-0.061067,-0.07825,-0.649731,-0.103801,-0.145817,-0.846067,-0.167794,-0.326853,-0.738574,-0.046967,-0.332837,-0.933006,-0.167032,-0.429103,-0.828851,-0.182469,-0.65809,-0.865418,-0.250732,-0.712102,-1.0,-0.212249,-0.583681,-0.912515,-0.12162,-0.555467,-0.850604,-0.075849,-0.624922,-0.765321,-0.013617,-0.48558,-0.798796,-0.052297,-0.425916,-0.860441,-0.016726,-0.402688,-0.860833,-0.013863,-0.162365,-0.711378,-0.032635
E,0.0,0.0,0.0,0.309812,0.103024,0.052105,0.151755,-0.113836,0.077317,0.150533,-0.214319,0.163337,0.114986,-0.263139,0.163137,0.170135,-0.304596,-0.002116,0.17053,-0.553099,0.005015,-0.010645,-0.574884,0.067064,-0.095602,-0.810274,0.01591,-0.195849,-0.797992,0.112902,-0.475222,-1.0,-0.076271,-0.429312,-0.953897,-0.082983,-0.50771,-0.864705,0.035823,-0.583091,-0.935431,0.003132,-0.605352,-0.994341,-0.105669,-0.679788,-0.808173,0.082588,-0.529568,-0.996152,0.089319,-0.454263,-0.916027,0.12057,-0.393758,-0.561497,-0.119387,-0.153082,-0.788435,-0.100697,-0.155308,-0.721268,0.07203
E,0.0,0.0,0.0,0.057659,-0.13028,0.038511,0.043128,-0.275938,0.096426,0.049484,-0.38035,0.130466,0.1396,-0.416541,0.183046,0.052919,-0.514304,0.126175,-0.001858,-0.577968,-0.092544,-0.081955,-0.780814,-0.029956,-0.275419,-0.804483,-0.003563,-0.339027,-0.758332,0.036391,-0.543964,-0.843019,0.043173,-0.548642,-0.885623,0.045092,-0.562477,-1.0,0.034474,-0.569879,-0.816264,0.123074,-0.652162,-0.794041,0.207808,-0.679956,-0.942586,0.08084,-0.428287,-0.956646,0.070231,-0.634993,-0.822635,0.016513,-0.452248,-0.926717,0.116122,-0.254079,-0.805025,0.049417,-0.223803,-0.753825,0.037046
E,0.0,0.0,0.0,0.028076,-0.089538,-0.020189,-0.007956,-0.212976,0.120385,0.114433,-0.353387,0.044403,0.10954,-0.362688,0.013235,0.117186,-0.561539,-0.017515,0.126329,-0.627828,0.071504,-0.122589,-0.727823,0.088563,0.033496,-0.884771,0.009176,-0.230833,-0.859546,0.069008,-0.434897,-0.858982,-0.020148,-0.406084,-0.948226,0.001392,-0.510071,-0.990878,0.046427,-0.747996,-1.0,0.087234,-0.715275,-0.956888,0.112613,-0.673524,-0.849571,0.105939,-0.556954,-0.797441,0.114872,-0.4038,-0.790866,0.051769,-0.315499,-0.805437,0.04438,-0.263367,-0.726036,0.080121,-0.039841,-0.711555,0.065375
E,0.0,0.0,0.0,0.232436,-0.015646,0.02862,0.270989,-0.096605,-0.029111,0.428926,-0.392113,0.144511,0.308639,-0.274347,0.061952,0.301903,-0.409898,0.08002,0.181589,-0.475856,-0.076888,0.102737,-0.583997,0.050694,0.012862,-0.756008,0.025346,-0.202207,-0.671811,-0.055243,-0.396887,-0.938735,-0.045167,-0.394526,-0.74915,-0.111676,-0.496246,-0.988756,-0.053202,-0.439839,-1.0,0.046786,-0.556745,-0.911701,0.061801,-0.652327,-0.771301,0.175632,-0.510464,-0.688948,0.010631,-0.396252,-0.729354,-0.002276,-0.409884,-0.917877,0.161758,-0.218193,-0.789096,-0.088657,0.022492,-0.814233,-0.065009
E,0.0,0.0,0.0,0.208278,0.036565,0.048609,0.202243,-0.125129,0.215644,0.169622,-0.18396,0.073225,0.320609,-0.225624,0.057082,0.224561,-0.402013,-0.137301,-0.005076,-0.588083,-0.023541,-0.087241,-0.583975,-0.003077,-0.145519,-0.836738,-0.027066,-0.486396,-0.827327,-0.029479,-0.403765,-1.0,-0.015645,-0.637722,-0.982391,0.036375,-0.498539,-0.937284,-0.064929,-0.713053,-0.872733,0.074581,-0.53565,-0.995709,0.067187,-0.613011,-0.798396,-0.094641,-0.676012,-0.768419,0.294449,-0.52109,-0.881994,-0.026475,-0.272954,-0.760486,-0.032891,-0.321816,-0.764944,0.053932,-0.228459,-0.819058,-0.144875
E,0.0,0.0,0.0,0.134989,-0.033807,-0.019992,0.126654,-0.13134,0.093349,0.179229,-0.270347,0.086143,0.249978,-0.428195,0.11687,0.153427,-0.414812,0.065367,0.015599,-0.466699,-0.053968,-0.150736,-0.699408,-0.008474,-0.235449,-0.595886,0.01787,-0.20529,-0.771798,-0.05858,-0.517051,-0.763958,-0.049029,-0.508876,-0.752418,-0.108182,-0.652279,-0.871133,-0.112697,-0.718229,-0.864911,-0.04699,-0.635023,-1.0,0.076285,-0.665225,-0.913377,-0.057513,-0.806646,-0.902602,0.085731,-0.573786,-0.731872,-0.041975,-0.405368,-0.835916,-0.083953,-0.334183,-0.806229,-0.146992,-0.206183,-0.733446,0.03303
E,0.0,0.0,0.0,0.058831,-0.227308,-0.017675,0.148621,-0.130807,0.032097,0.230981,-0.380499,-0.027626,0.182622,-0.329669,-0.019399,0.117588,-0.454193,-0.096071,0.162852,-0.647547,-0.166455,-0.033967,-0.564384,-0.023045,-0.09749,-0.748204,-0.087819,-0.368505,-0.961993,-0.07407,-0.301701,-0.841778,-0.045425,-0.391461,-0.87744,-0.083789,-0.633873,-0.786437,-0.024044,-0.698224,-1.0,0.043537,-0.72606,-0.795141,-0.200092,-0.550819,-0.866751,-0.001012,-0.605294,-0.750535,0.039484,-0.572321,-0.958029,-0.002872,-0.40952,-0.917298,-0.033815,-0.32879,-0.793839,-0.002702,-0.072187,-0.719036,-0.116276
E,0.0,0.0,0.0,0.110168,0.054486,0.119438,0.046964,-0.163262,0.046243,0.267746,-0.223708,0.128083,0.187021,-0.378093,0.136987,0.120574,-0.565405,0.204174,0.076837,-0.554056,0.12241,0.025789,-0.743818,-0.040402,-0.162616,-0.71441,0.009414,-0.279116,-0.660135,-0.080686,-0.439438,-0.731333,0.049392,-0.554097,-0.821686,0.067922,-0.622621,-0.913215,0.03584,-0.732445,-0.940862,0.032697,-0.682531,-0.899073,0.186299,-0.586175,-0.93428,0.173523,-0.576998,-0.854572,0.105574,-0.597636,-0.811211,0.008922,-0.428774,-1.0,0.018179,-0.342602,-0.711985,0.14162,-0.185512,-0.720646,0.134907
E,0.0,0.0,0.0,0.120913,-0.068027,0.067422,0.235734,-0.031804,0.078072,0.318105,-0.182991,0.079643,0.236576,-0.323231,0.163002,0.072315,-0.321161,-0.002974,0.095248,-0.476253,-0.092005,-0.019205,-0.662338,-0.017941,-0.150453,-0.562857,0.118095,-0.387493,-0.719512,0.035123,-0.331124,-0.870898,-0.048991,-0.557604,-0.893504,-0.11124,-0.609946,-1.0,-0.012863,-0.763726,-0.874317,-0.025983,-0.670722,-0.798074,0.17021,-0.870631,-0.924977,0.037856,-0.581424,-0.958827,-0.012013,-0.511809,-0.791911,0.083609,-0.364881,-0.739581,0.050812,-0.255258,-0.686475,-0.16022,0.003315,-0.888645,-0.093375
E,0.0,0.0,0.0,0.118665,-0.063678,0.29865,0.149477,-0.223873,0.202262,0.213751,-0.367845,0.190037,0.276207,-0.385292,0.282339,0.227112,-0.445286,0.295732,0.021582,-0.651049,0.198576,0.042493,-0.728958,0.256779,0.062557,-0.750091,0.181484,-0.145448,-0.960868,0.167989,-0.2641,-0.928748,0.081418,-0.45985,-0.925171,0.114578,-0.392349,-0.975088,0.116062,-0.604762,-0.884067,0.219118,-0.587599,-1.0,0.340713,-0.566609,-0.847606,0.274786,-0.495143,-0.955085,0.217382,-0.372978,-0.755764,0.163427,-0.338452,-0.864766,0.177947,-0.20999,-0.730068,0.236721,-0.122174,-0.756485,0.159808
E,0.0,0.0,0.0,0.123067,-0.258383,0.234642,0.102076,-0.316063,0.214675,0.207494,-0.388852,0.094218,0.176145,-0.494221,0.103095,0.16432,-0.572076,0.1873,0.188941,-0.609784,0.149405,0.130966,-0.76223,0.198456,-0.042271,-0.704815,0.188482,-0.214574,-0.86184,0.16667,-0.278454,-0.801512,0.099082,-0.505973,-0.895565,0.167818,-0.478111,-0.955441,0.144353,-0.686006,-0.868528,0.092962,-0.571369,-1.0,0.229049,-0.586864,-0.958506,0.218347,-0.596557,-0.834324,0.157598,-0.589896,-0.919064,0.139661,-0.285174,-0.768802,0.257648,-0.148793,-0.83865,0.119868,-0.161763,-0.831496,-0.006792
E,0.0,0.0,0.0,0.298875,-0.021219,0.043447,0.290873,-0.055573,0.070076,0.237401,-0.20755,-0.024856,0.34248,-0.447855,0.129338,0.11772,-0.343494,0.004471,0.049959,-0.489798,0.086397,-0.001405,-0.585297,-0.203031,-0.21486,-0.633626,-0.054453,-0.412014,-0.877463,-0.123306,-0.423315,-0.913072,-0.031745,-0.550729,-0.81449,0.00146,-0.615278,-0.855053,-0.0435,-0.827387,-0.85813,0.025025,-0.739561,-1.0,-0.014143,-0.662897,-0.844854,0.11542,-0.60458,-0.848023,0.064443,-0.582824,-0.75997,0.01311,-0.407095,-0.890593,-0.030211,-0.308147,-0.860774,0.064527,-0.246194,-0.766263,-0.014247
E,0.0,0.0,0.0,0.286959,-0.061117,0.05523,0.330917,-0.136943,0.039986,0.457708,-0.29219,-0.009124,0.340793,-0.374212,0.13323,0.398783,-0.545327,-0.036938,0.30713,-0.635132,-0.068409,0.272919,-0.712523,0.036757,0.13469,-0.810586,-0.124022,-0.124935,-0.912529,-0.057129,-0.260036,-0.859825,0.041521,-0.30781,-0.89066,-0.204016,-0.437035,-0.819062,-0.263637,-0.484159,-0.969332,-0.074401,-0.501089,-0.81737,0.071268,-0.573646,-1.0,0.036408,-0.419821,-0.928477,0.005537,-0.176028,-0.783229,0.106768,-0.382109,-0.887487,0.005866,-0.20825,-0.682889,0.084867,-0.029479,-0.649927,-0.045969
E,0.0,0.0,0.0,0.023688,0.007384,0.017542,-0.008469,-0.140269,-0.064905,0.059831,-0.36202,-0.129865,0.057454,-0.290291,0.068761,0.011227,-0.361431,-0.05777,-0.200927,-0.760378,-0.125037,-0.102365,-0.742093,-0.025055,-0.168644,-0.863825,-0.04275,-0.3907,-0.918957,0.012514,-0.589989,-0.940258,0.070122,-0.652627,-0.881983,0.0253,-0.838828,-0.880065,-0.09384,-0.895399,-1.0,-0.079689,-0.817938,-0.951049,-0.0492,-0.812118,-0.971485,-0.023822,-0.801821,-0.887909,0.032361,-0.740314,-0.826959,-0.022438,-0.642865,-0.968538,0.049781,-0.457291,-0.815603,0.03166,-0.354229,-0.915875,-0.063405
E,0.0,0.0,0.0,-0.095877,0.025935,-0.028497,0.205852,-0.395516,0.025009,0.141505,-0.284536,-0.07597,0.253412,-0.304398,-0.000937,0.247731,-0.4399,-0.050882,0.031717,-0.618542,-0.036469,0.069613,-0.60577,-0.164262,-0.052513,-0.83235,-0.064695,-0.27787,-0.693189,-0.268349,-0.263693,-0.902069,-0.182505,-0.502952,-0.966566,-0.147864,-0.670008,-0.989107,-0.086432,-0.746282,-1.0,-0.201818,-0.74145,-0.83673,-0.142062,-0.741625,-0.899841,-0.093635,-0.464575,-0.898307,-0.038708,-0.468397,-0.785412,-0.055171,-0.432102,-0.671962,-0.097924,-0.318292,-0.843648,-0.241662,-0.085454,-0.951961,-0.135395
E,0.0,0.0,0.0,0.050988,-0.214823,0.121807,0.143163,-0.287419,0.069163,0.239237,-0.512754,0.153022,0.183329,-0.391578,0.26174,0.169757,-0.458345,0.119024,0.067001,-0.523949,0.153735,0.038772,-0.672726,0.118838,-0.07386,-0.872618,0.06854,-0.147216,-0.858236,0.133729,-0.277816,-0.953773,-0.005471,-0.415605,-0.964935,0.108784,-0.533613,-0.989507,0.170708,-0.533279,-1.0,0.124956,-0.476714,-0.930032,0.17859,-0.59676,-0.866903,0.29832,-0.551153,-0.982253,0.165383,-0.368482,-0.886477,0.08047,-0.33015,-0.816268,0.105961,-0.17105,-0.757729,0.127549,-0.093545,-0.763315,0.040032
E,0.0,0.0,0.0,0.114906,0.073688,0.205497,0.223177,-0.13062,0.057551,0.367389,-0.139143,-0.045901,0.328453,-0.41835,0.195439,0.292357,-0.48429,0.043312,0.172709,-0.487633,0.112473,0.014752,-0.486909,0.130248,-0.08521,-0.689786,0.119941,-0.067791,-0.785818,0.048211,-0.072608,-0.807969,-0.05132,-0.382668,-0.834992,-0.032842,-0.455011,-0.959801,-0.024151,-0.492763,-1.0,0.106059,-0.707928,-0.990444,0.027981,-0.532894,-0.759799,0.078756,-0.516955,-0.78536,0.016596,-0.40469,-0.878905,0.074441,-0.312924,-0.822023,0.063413,-0.167418,-0.659592,-0.080487,-0.054319,-0.776714,0.070842
E,0.0,0.0,0.0,0.115285,-0.216336,-0.051531,0.041381,-0.195983,0.134131,-0.034782,-0.194618,0.102689,0.069305,-0.380214,0.166503,0.18777,-0.410934,-0.020305,0.046263,-0.651777,0.176709,0.020538,-0.477963,0.001196,-0.196227,-0.770149,0.113308,-0.301739,-0.820007,0.013348,-0.402298,-0.928315,-0.002309,-0.533707,-0.920307,0.084945,-0.489469,-1.0,0.009661,-0.73216,-0.933229,0.021119,-0.680611,-0.860648,-0.09938,-0.647001,-0.951778,0.123258,-0.691007,-0.808593,0.157405,-0.501043,-0.806694,0.032198,-0.472551,-0.779632,0.013637,-0.199684,-0.829858,0.081592,-0.022297,-0.839431,0.030459
E,0.0,0.0,0.0,-0.004253,-0.144734,0.135375,0.083769,-0.203204,0.02785,0.188344,-0.285358,-0.003404,0.083688,-0.518112,0.004227,0.167053,-0.394959,0.090503,0.086456,-0.580669,0.077686,-0.023592,-0.539718,0.000661,-0.066496,-0.676058,0.038503,-0.40645,-0.736088,-0.026787,-0.423813,-0.943096,-0.018075,-0.50008,-0.966004,-0.103484,-0.556139,-0.843645,0.022404,-0.568979,-0.911312,0.026609,-0.72557,-1.0,0.16915,-0.577256,-0.971474,0.069785,-0.607789,-0.873915,0.035039,-0.495961,-0.774623,0.080186,-0.424804,-0.810518,0.099295,-0.268645,-0.77186,0.015978,-0.154657,-0.791061,0.052794
E,0.0,0.0,0.0,0.100973,-0.153055,-0.017312,0.139181,-0.218113,0.046797,0.286258,-0.131165,-0.083116,0.298861,-0.29147,-0.084567,0.343534,-0.383703,-0.128689,0.199553,-0.489744,-0.077573,0.000155,-0.588069,0.096248,-0.043168,-0.578938,-0.127996,-0.130606,-0.702519,-0.085763,-0.294193,-0.758748,0.047467,-0.367261,-0.882346,-0.086554,-0.304068,-0.857809,-0.096196,-0.619515,-1.0,-0.007881,-0.517266,-0.892421,-0.015017,-0.628768,-0.836717,0.031827,-0.531288,-0.701877,-0.057841,-0.388288,-0.730603,-0.013197,-0.310178,-0.859691,0.069965,-0.182728,-0.697364,0.001021,-0.084646,-0.731392,0.02672
E,0.0,0.0,0.0,0.081442,-0.170963,0.183539,0.1029,-0.254523,0.098576,0.247521,-0.300446,0.036691,0.215732,-0.410155,0.010342,0.219696,-0.504649,0.036612,0.184091,-0.664249,0.034079,0.216711,-0.696334,0.102191,-0.007694,-0.734512,-0.059176,-0.107678,-0.673517,-0.014405,-0.223594,-0.741472,0.027445,-0.40065,-0.822869,0.102474,-0.388075,-1.0,0.05408,-0.445772,-0.952991,-0.045133,-0.398328,-0.884663,0.013993,-0.442643,-0.864477,0.080752,-0.409003,-0.874562,0.048074,-0.303011,-0.780226,0.065564,-0.128816,-0.717356,0.10466,-0.14537,-0.725717,0.015054,0.013133,-0.730448,0.035391
E,0.0,0.0,0.0,0.049586,-0.123651,-0.142107,0.136058,-0.18382,-0.255695,0.260681,-0.223371,-0.192205,0.282113,-0.499363,-0.224857,0.18202,-0.55407,-0.315197,0.099132,-0.519748,-0.114586,-0.022047,-0.612126,-0.184234,-0.018287,-0.776065,-0.380741,-0.237935,-0.895844,-0.312259,-0.399095,-0.902164,-0.248187,-0.446035,-0.943084,-0.21804,-0.59226,-0.869687,-0.241278,-0.662039,-0.97121,-0.216764,-0.737846,-1.0,-0.128028,-0.743281,-0.939117,-0.097683,-0.634111,-0.827671,-0.212737,-0.595043,-0.973367,-0.082322,-0.484913,-0.771136,-0.268987,-0.17327,-0.637956,-0.341422,-0.21248,-0.724703,-0.202086
E,0.0,0.0,0.0,0.064573,-0.127919,-0.148008,0.048571,-0.005893,-0.161802,0.225059,-0.265031,-0.150939,0.047183,-0.291352,-0.009153,0.086034,-0.564166,-0.061777,-0.045616,-0.459847,-0.213789,-0.112394,-0.633263,-0.24743,-0.212914,-0.713653,-0.372844,-0.17536,-0.811688,-0.29673,-0.517991,-0.797455,-0.151421,-0.46024,-0.965628,-0.162562,-0.633536,-0.883346,-0.078912,-0.786411,-0.95111,-0.187826,-0.7611,-0.880435,-0.246366,-0.655314,-1.0,-0.130288,-0.586851,-0.859373,-0.078513,-0.677708,-0.931209,-0.041727,-0.511166,-0.856917,-0.05841,-0.408287,-0.770992,-0.151863,-0.186177,-0.812243,-0.221695
E,0.0,0.0,0.0,0.257626,-0.126289,-0.006574,0.250752,-0.227365,0.159759,0.286088,-0.314539,0.196012,0.354776,-0.276478,0.180957,0.218437,-0.429275,0.186177,0.321676,-0.530686,0.125003,0.085706,-0.757556,0.007011,-0.137386,-0.683564,-0.006392,-0.057688,-0.940959,0.082652,-0.320183,-1.0,0.122978,-0.323407,-0.930021,0.018935,-0.467002,-0.952942,-0.021664,-0.591189,-0.830624,0.251965,-0.472121,-0.929839,0.053733,-0.626973,-0.998068,0.050841,-0.357759,-0.786647,0.147403,-0.493993,-0.821687,0.067335,-0.464971,-0.8348,0.006077,-0.236198,-0.847474,0.008909,-0.044805,-0.817399,-0.112226
E,0.0,0.0,0.0,-0.026111,-0.012125,0.206306,0.103998,-0.052671,0.133391,0.148177,-0.173941,-0.02716,0.11687,-0.21667,0.415733,0.00735,-0.382078,0.057485,0.179009,-0.623582,0.126746,-0.191866,-0.643975,0.053182,-0.133843,-0.789962,0.086965,-0.355136,-0.761454,0.098912,-0.593713,-0.778465,-0.016425,-0.538026,-0.855108,0.022975,-0.766199,-0.840664,0.155145,-0.827373,-0.995568,0.135537,-0.922374,-1.0,0.022854,-0.826609,-0.98183,-0.030451,-0.823315,-0.802551,0.022769,-0.668971,-0.670578,0.106712,-0.495812,-0.858361,0.256717,-0.425334,-0.776124,0.169129,-0.255998,-0.736349,0.025166
F,0.0,0.0,0.0,0.073684,-0.167656,-0.063992,0.085905,-0.323509,0.020044,0.289312,-0.24334,-0.171511,0.189946,-0.495934,0.011805,0.125286,-0.475852,-0.014695,-0.071906,-0.692303,-0.034054,-0.039906,-0.816825,-0.171299,-0.175334,-0.896448,-0.199934,-0.351127,-0.893449,-0.151536,-0.502201,-0.904501,-0.138932,-0.55814,-0.96479,-0.061307,-0.583009,-0.88841,0.041598,-0.634579,-0.93162,-0.063212,-0.733607,-1.0,-0.010224,-0.619907,-0.964377,-0.00029,-0.650442,-0.864597,-0.035911,-0.551681,-0.898312,0.033348,-0.377949,-0.849821,-0.00252,-0.264078,-0.711225,-0.116773,-0.110613,-0.886178,-0.091994
F,0.0,0.0,0.0,0.278281,-0.133886,-0.097972,0.230137,-0.117505,0.08694,0.326486,-0.366799,0.089156,0.255732,-0.416752,0.083934,0.194586,-0.476622,0.009319,0.166751,-0.708021,-0.102046,0.077572,-0.829476,-0.062199,-0.03444,-0.73247,-0.191899,-0.113927,-0.744449,-0.07037,-0.414504,-0.939028,-0.102824,-0.430496,-0.943985,-0.067386,-0.539901,-0.940143,-0.101968,-0.605548,-1.0,0.093496,-0.48236,-0.903531,0.070523,-0.498234,-0.906879,-0.12264,-0.505321,-0.914632,-0.093207,-0.493013,-0.822774,0.004151,-0.346249,-0.883636,0.047453,-0.190412,-0.794182,-0.072984,0.044185,-0.856273,-0.073943
F,0.0,0.0,0.0,0.11313,0.061711,0.204709,0.108633,-0.364073,0.076703,0.198924,-0.217027,0.061022,0.178086,-0.317346,0.129367,0.020326,-0.565251,0.013936,0.042812,-0.621733,0.032624,-0.005547,-0.569555,0.020648,-0.273388,-0.786283,-0.046171,-0.310244,-0.811249,0.100105,-0.512875,-0.859422,0.123355,-0.634443,-0.90783,-0.107799,-0.669426,-0.98993,0.058361,-0.712822,-1.0,0.06593,-0.718442,-0.84672,-0.060056,-0.671613,-0.835791,0.006166,-0.720519,-0.865609,0.130057,-0.4425,-0.862069,-0.063513,-0.432082,-0.835435,0.045988,-0.271764,-0.833362,0.071984,-0.118249,-0.733131,-0.157776
F,0.0,0.0,0.0,0.355703,-0.165345,0.193507,0.397855,0.032515,0.009825,0.457775,-0.184075,0.1567,0.384942,-0.269135,0.175405,0.293933,-0.404036,-0.084257,0.308141,-0.37515,-0.055099,0.116617,-0.563827,0.02387,-0.008541,-0.755177,-0.034298,-0.181383,-0.791231,-0.106974,-0.32464,-0.719828,-0.043864,-0.544774,-0.894184,-0.055045,-0.646196,-0.886008,-0.032974,-0.641412,-0.88335,-0.074872,-0.74135,-0.825274,-0.084779,-0.642509,-1.0,0.047349,-0.449417,-0.810661,0.284651,-0.282086,-0.860286,-0.017732,-0.011487,-0.66493,0.108249,-0.075041,-0.703752,-0.085499,0.081762,-0.706109,-0.062268
F,0.0,0.0,0.0,0.275723,-0.304027,-0.006757,0.088555,-0.355744,-0.012297,0.245756,-0.349132,0.004813,0.058386,-0.364426,0.028309,0.087049,-0.546761,0.048856,0.06026,-0.649836,-0.06538,0.027472,-0.815432,-0.048576,-0.104617,-0.737271,0.085952,-0.206045,-0.904104,-0.140724,-0.305207,-0.831649,-0.079577,-0.444917,-0.97892,0.08231,-0.623962,-0.831691,0.051147,-0.508883,-1.0,0.046148,-0.708535,-0.895676,0.099622,-0.443758,-0.898034,0.09967,-0.575999,-0.865465,0.025247,-0.438535,-0.860739,0.01888,-0.324268,-0.871003,0.00021,-0.125266,-0.811037,0.029527,-0.173398,-0.781776,0.021911
F,0.0,0.0,0.0,0.165278,-0.162095,0.203363,0.185712,-0.255528,0.239279,0.153194,-0.36158,0.177306,0.119192,-0.427398,0.148972,0.047552,-0.601476,0.121115,0.13505,-0.644732,0.244248,-0.076071,-0.678426,0.318943,-0.126011,-0.749081,0.16304,-0.362861,-0.82383,0.128934,-0.402823,-0.961622,0.154864,-0.548405,-0.792754,0.127485,-0.638936,-0.977116,0.119302,-0.445299,-1.0,0.149899,-0.644016,-0.897449,0.141487,-0.654021,-0.921262,0.16735,-0.555925,-0.91696,0.265846,-0.447718,-0.927379,0.151114,-0.313066,-0.914396,0.271076,-0.139894,-0.714349,0.171137,-0.212688,-0.696254,0.070527
F,0.0,0.0,0.0,0.229822,-0.026815,-0.099954,0.196885,-0.158835,-0.070621,0.313232,-0.223307,-0.01175,0.056534,-0.376663,-0.066049,0.199972,-0.542413,-0.167425,0.1364,-0.611437,-0.051424,-0.056899,-0.57315,-0.042874,-0.116106,-0.767557,-0.071803,-0.243499,-0.797962,-0.068029,-0.296946,-0.951961,-0.217672,-0.565457,-1.0,-0.135289,-0.54837,-0.907215,-0.150029,-0.557616,-0.894253,-0.064756,-0.563435,-0.899216,0.078545,-0.646453,-0.72315,-0.127005,-0.507816,-0.883513,0.025857,-0.479244,-0.785146,-0.109968,-0.255375,-0.824299,0.040456,-0.261182,-0.851394,-0.03405,-0.099786,-0.742715,-0.146686
F,0.0,0.0,0.0,0.290041,-0.064219,0.011594,0.200128,-0.208826,-0.027069,0.305082,-0.311552,-0.145298,0.138935,-0.340456,-0.035761,0.319137,-0.551719,-0.126488,0.15548,-0.556984,-0.111069,0.095567,-0.801507,-0.129797,-0.114496,-0.710202,-0.120702,-0.118569,-0.982233,-0.137712,-0.382339,-0.87839,-0.211196,-0.384176,-0.959265,-0.220294,-0.60843,-1.0,0.105983,-0.576011,-0.969936,-0.097993,-0.592387,-0.879706,-0.297032,-0.58141,-0.930415,-0.156946,-0.486726,-0.723134,-0.007081,-0.35947,-0.723698,-0.125894,-0.458799,-0.782481,-0.098985,-0.274559,-0.815772,-0.04609,-0.032732,-0.857991,-0.144218
F,0.0,0.0,0.0,0.003243,0.129809,-0.099082,0.293744,-0.077837,0.011135,0.265692,-0.240627,0.092556,0.160989,-0.339993,0.098888,0.0631,-0.528741,0.067763,0.057099,-0.522111,0.049479,-0.073155,-0.592991,0.001858,-0.414699,-0.896896,0.141517,-0.402338,-0.735398,-0.072089,-0.564922,-0.917403,0.177979,-0.672724,-0.961666,-0.172696,-0.621545,-0.945611,0.063098,-0.77856,-0.970519,0.084117,-0.91752,-1.0,0.152158,-0.838408,-0.837295,0.10097,-0.682576,-0.984799,0.015574,-0.644422,-0.882054,0.094849,-0.360094,-0.653652,0.005416,-0.275282,-0.705607,0.063513,-0.215881,-0.568465,0.064596
F,0.0,0.0,0.0,-0.04182,-0.166703,-0.127495,0.1181,-0.255035,-0.003296,0.198595,-0.367873,-0.01101,0.108154,-0.558156,-0.01568,-0.108656,-0.569576,0.047,0.009918,-0.66204,-0.027394,-0.198144,-0.705798,0.147198,-0.121775,-0.774777,-0.057271,-0.439113,-0.891701,-0.052938,-0.528556,-0.820385,0.029496,-0.573915,-0.902921,-0.179582,-0.62312,-1.0,-0.076189,-0.653073,-0.8518,-0.058569,-0.752958,-0.955546,-0.089347,-0.737991,-0.995157,0.04971,-0.603262,-0.820476,-0.058839,-0.616544,-0.82535,0.001962,-0.430836,-0.821361,0.096977,-0.266815,-0.647375,0.046511,-0.055987,-0.841553,-0.018999
F,0.0,0.0,0.0,0.124867,-0.042858,-0.134141,0.159855,-0.119026,-0.099231,0.403715,-0.231742,0.065508,0.317322,-0.262431,-0.014953,0.189598,-0.306862,-0.046213,-0.048366,-0.502376,-0.051946,-0.063285,-0.619755,-0.193859,-0.303097,-0.84889,-0.291948,-0.288205,-1.0,-0.230942,-0.55568,-0.870358,-0.32906,-0.585557,-0.987704,-0.066995,-0.766113,-0.905498,-0.138799,-0.748539,-0.892928,-0.148941,-0.749365,-0.840977,-0.154092,-0.705187,-0.753247,-0.016975,-0.582846,-0.804046,-0.151034,-0.611894,-0.755509,-0.004512,-0.171047,-0.666917,-0.200584,-0.312666,-0.532882,-0.146334,-0.091542,-0.788147,-0.022559
F,0.0,0.0,0.0,0.095264,-0.024801,0.173313,0.190048,-0.154021,0.079575,0.165149,-0.289961,0.121251,0.166849,-0.434965,0.178795,0.078336,-0.546452,0.082863,0.032125,-0.581778,0.122643,-0.041156,-0.583223,0.086435,-0.34766,-0.799227,-0.039423,-0.274405,-0.686568,0.084242,-0.487695,-0.881252,0.062013,-0.812558,-0.941843,-0.026768,-0.752537,-0.956193,0.225532,-0.754142,-0.926639,0.070231,-0.701088,-0.9364,0.141557,-0.797836,-0.940167,0.131811,-0.882716,-1.0,0.159959,-0.481282,-0.809949,0.062988,-0.588289,-0.741597,0.055788,-0.267153,-0.748259,0.116203,-0.166772,-0.734628,0.04357
F,0.0,0.0,0.0,0.149136,0.1117,0.280478,0.258505,-0.178206,0.321016,0.262982,-0.101989,0.166522,0.198406,-0.418494,0.120841,0.125652,-0.457335,0.168124,-0.211012,-0.489132,0.064816,0.026429,-0.676627,0.351808,-0.087217,-0.808944,0.099382,-0.199094,-0.960577,0.161395,-0.479292,-0.921034,0.175709,-0.578486,-0.889625,0.171095,-0.653606,-0.935159,0.127391,-0.741382,-1.0,0.142844,-0.778251,-0.935134,0.23252,-0.638638,-0.939327,0.260222,-0.625096,-0.91472,0.252746,-0.437997,-0.813685,0.255502,-0.438767,-0.634269,0.163801,-0.365665,-0.699627,0.182611,-0.102373,-0.800849,0.32171
F,0.0,0.0,0.0,0.088865,-0.019075,-0.007922,0.032894,-0.144807,0.05985,0.169743,-0.268564,0.006268,0.152845,-0.410086,-0.01293,0.185539,-0.598258,0.179013,0.08176,-0.718228,-0.020779,-0.099232,-0.653491,-0.095427,-0.209937,-0.764011,-0.095567,-0.403167,-0.75252,-0.171904,-0.432593,-0.806282,-0.068235,-0.568566,-0.809918,-0.091057,-0.693603,-0.938615,0.057628,-0.607379,-1.0,0.068066,-0.647889,-0.781185,0.044059,-0.676836,-0.786779,0.07812,-0.450496,-0.771244,0.042401,-0.591478,-0.848122,-0.076518,-0.406521,-0.715273,0.006353,-0.191534,-0.734447,-0.042638,-0.128439,-0.713019,-0.02529
F,0.0,0.0,0.0,0.277596,0.069978,-0.05931,-0.018681,-0.124333,0.148219,0.16124,-0.159184,0.089303,0.177352,-0.294946,0.03756,0.111552,-0.415715,0.062063,0.192851,-0.522498,0.092018,-0.088254,-0.607211,-0.008711,-0.205034,-0.836549,0.079969,-0.353832,-0.674598,0.177181,-0.458234,-0.879864,-0.089011,-0.569209,-0.901978,0.042412,-0.594626,-1.0,-0.053288,-0.804361,-0.866857,0.089802,-0.865813,-0.856445,-0.028615,-0.825391,-0.899976,0.037271,-0.610082,-0.835036,0.225396,-0.589588,-0.832928,0.171428,-0.441162,-0.67144,0.09853,-0.473923,-0.671718,0.10392,-0.062251,-0.904977,-0.045611
F,0.0,0.0,0.0,0.146121,-0.024002,-0.06711,0.259478,-0.368832,-0.140388,0.140333,-0.19137,-0.106091,0.236267,-0.486109,-0.111826,0.2665,-0.330476,-0.048924,-0.007138,-0.444168,-0.070084,-0.032508,-0.7852,-0.075952,-0.203347,-0.687498,-0.161809,-0.183542,-0.788988,-0.178503,-0.314498,-0.878245,-0.115102,-0.563678,-0.935728,-0.164462,-0.582701,-0.772456,-0.033308,-0.706434,-0.94754,-0.145201,-0.781476,-0.874825,-0.126111,-0.603859,-1.0,-0.142417,-0.64078,-0.713339,-0.16866,-0.463984,-0.779699,-0.015063,-0.308106,-0.730599,-0.153704,-0.353012,-0.697521,-0.09486,-0.193338,-0.796074,-0.137919
F,0.0,0.0,0.0,-0.062073,0.094917,-0.032492,0.189638,-0.110049,0.182187,0.118505,-0.208005,-0.038192,0.019253,-0.276322,-0.048997,0.096381,-0.353205,0.129215,-0.026811,-0.654969,0.089337,0.007651,-0.678861,-0.034194,-0.271281,-0.666758,0.10137,-0.468179,-0.891268,0.175594,-0.522706,-0.807406,-0.05468,-0.588355,-0.785377,0.033005,-0.580105,-0.897996,0.010411,-0.745124,-0.836237,0.071398,-0.868982,-0.833011,0.046546,-0.781254,-0.829354,0.015156,-0.750086,-1.0,0.224125,-0.514932,-0.776333,0.030946,-0.647066,-0.792327,0.117985,-0.214724,-0.663952,0.052263,-0.046805,-0.72475,0.100582
F,0.0,0.0,0.0,0.054365,0.033281,0.044877,0.130476,-0.064149,0.148332,0.321686,-0.19035,0.069877,0.238569,-0.335412,0.052236,0.088656,-0.513227,0.272506,0.049766,-0.468924,0.049874,0.029565,-0.594156,0.138717,-0.153285,-0.642034,0.072672,-0.196528,-0.950894,0.059269,-0.45239,-0.948328,0.078646,-0.715756,-0.959167,-0.114411,-0.563721,-0.940637,0.239134,-0.67624,-0.884962,0.044185,-0.832423,-0.863454,0.10727,-0.820115,-1.0,0.050512,-0.491206,-0.66978,0.145895,-0.513448,-0.838458,0.045489,-0.280141,-0.63012,0.029503,-0.248679,-0.790487,0.042954,-0.000649,-0.845422,0.090308
F,0.0,0.0,0.0,0.058091,0.017579,-0.157384,0.089803,-0.173238,-0.2261,0.064834,-0.331155,0.05048,0.081466,-0.437952,0.036655,-0.038285,-0.637061,-0.06551,-0.113363,-0.688882,-0.017217,-0.056167,-0.617548,-0.000263,-0.162262,-0.914558,-0.068117,-0.432938,-0.87689,-0.070196,-0.654486,-1.0,-0.063889,-0.603175,-0.890674,-0.164697,-0.669133,-0.864396,-0.073081,-0.860772,-0.945275,0.005893,-0.682547,-0.923443,-0.054463,-0.760037,-0.854303,-0.066051,-0.891655,-0.75554,0.113072,-0.618272,-0.891266,-0.03951,-0.460298,-0.707955,-0.04321,-0.367508,-0.856808,-0.005535,-0.127011,-0.666936,-0.163754
F,0.0,0.0,0.0,-0.182467,-0.012968,0.088006,0.097644,-0.091872,-0.053712,0.072474,-0.116388,0.089103,0.018007,-0.388349,0.001199,-0.035504,-0.473384,-0.002897,-0.107,-0.454349,-0.115896,-0.172371,-0.673263,-0.134301,-0.365115,-0.521587,-0.030413,-0.406992,-0.613301,0.174495,-0.62207,-0.662837,-0.022654,-0.665948,-0.66776,-0.120027,-0.867594,-0.793516,-0.081574,-0.855191,-0.69708,-0.080531,-0.91115,-0.788344,-0.040316,-1.0,-0.820949,0.043123,-0.670108,-0.833545,-0.095612,-0.671189,-0.870706,-0.050119,-0.676357,-0.576605,-0.093381,-0.275624,-0.572215,-0.10726,-0.343215,-0.658892,-0.088251
F,0.0,0.0,0.0,0.104594,-0.056094,-0.094641,0.143184,-0.199234,-0.013234,0.198055,-0.223933,0.13421,0.167558,-0.280143,0.004206,0.101854,-0.48817,-0.035215,0.047834,-0.667712,-0.173433,-0.048563,-0.617254,-0.017968,-0.235646,-0.71575,-0.041323,-0.336524,-0.920059,-0.200447,-0.577755,-0.904465,-0.129665,-0.824115,-0.796589,-0.119355,-0.750062,-0.851102,-0.26674,-0.859449,-0.982866,-0.077446,-0.840707,-0.817153,0.027579,-0.711768,-0.904707,-0.127368,-0.881197,-1.0,0.018925,-0.594968,-0.856734,-0.050303,-0.294528,-0.873946,0.035854,-0.30738,-0.786155,0.031303,-0.037752,-0.786581,-0.023457
F,0.0,0.0,0.0,0.021024,-0.097557,-0.032954,0.191627,-0.169898,-0.066286,0.10855,-0.474491,-0.005115,0.149675,-0.363658,0.159201,0.138712,-0.415052,-0.100067,-0.005193,-0.576364,-0.061266,-0.140343,-0.750293,-0.115407,-0.148314,-0.710218,-0.080385,-0.334892,-0.680643,-0.055077,-0.418538,-0.861644,-0.096586,-0.53499,-0.704018,0.053281,-0.59705,-0.835193,0.069419,-0.627143,-1.0,-0.076315,-0.665531,-0.952363,-0.046943,-0.705649,-0.826128,0.006422,-0.612343,-0.724856,0.01011,-0.524216,-0.842993,0.089586,-0.428337,-0.79789,0.018092,-0.309015,-0.738532,0.000491,-0.154093,-0.534051,-0.042044
F,0.0,0.0,0.0,-0.029477,-0.011649,0.135318,0.232018,-0.009684,0.099604,0.1234,-0.062241,0.305302,0.175814,-0.200097,0.152192,0.169095,-0.502988,0.064108,0.036899,-0.415497,0.011225,-0.305179,-0.668851,0.14182,-0.420412,-0.819449,0.046677,-0.454753,-0.742459,-0.084071,-0.625334,-0.746796,-0.079996,-0.601844,-0.977003,0.108977,-0.858819,-1.0,0.01624,-0.836241,-0.900699,0.181495,-0.769082,-0.984975,0.001288,-0.966011,-0.932436,0.219068,-0.723135,-0.866838,0.12605,-0.531031,-0.618845,0.139033,-0.734109,-0.722641,0.176291,-0.327391,-0.658908,0.100533,-0.294634,-0.782508,0.01713
F,0.0,0.0,0.0,0.04832,0.099024,-0.015947,-0.043181,-0.079465,0.177894,0.187934,-0.306301,-0.07367,0.041234,-0.196745,-0.017315,0.008334,-0.485581,-0.032127,0.092997,-0.66397,0.065495,-0.148731,-0.584865,0.073111,-0.296056,-0.794109,-0.069506,-0.461005,-0.9727,0.039124,-0.576771,-0.985378,-0.251586,-0.907228,-0.863293,-0.122125,-0.848414,-0.901372,-0.092375,-0.8205,-0.931548,-0.032676,-1.0,-0.989574,0.044895,-0.892207,-0.799996,0.19954,-0.706776,-0.743826,0.071153,-0.69046,-0.812931,0.165681,-0.552742,-0.880404,-0.107355,-0.378844,-0.852301,0.094354,-0.195587,-0.679199,-0.088185
F,0.0,0.0,0.0,0.231238,0.057323,0.146965,0.157101,-0.088472,0.033101,0.34309,-0.16164,0.029157,0.376449,-0.126854,0.187569,0.227964,-0.457879,0.087081,0.083718,-0.521932,-0.011547,-0.134096,-0.625201,0.057622,-0.172469,-0.83438,0.058819,-0.358066,-0.812553,0.16735,-0.369112,-0.965246,-0.078415,-0.533679,-0.999692,-0.124554,-0.595532,-0.877472,0.096088,-0.670547,-0.907331,0.030861,-0.658829,-0.76206,0.066338,-0.747264,-0.951729,0.050928,-0.569806,-1.0,0.159519,-0.420921,-0.936982,0.034725,-0.328851,-0.770071,0.136769,-0.196429,-0.63038,0.043814,-0.115364,-0.805263,0.105786
F,0.0,0.0,0.0,-0.0473,-0.199154,-0.09172,0.098898,-0.237407,0.062697,0.265004,-0.323589,-0.016567,0.123416,-0.395712,0.010843,0.179326,-0.444807,-0.174708,0.032306,-0.497918,-0.066209,0.014221,-0.699369,-0.045199,-0.265419,-0.827788,-0.024794,-0.255046,-0.810541,-0.168549,-0.434861,-0.770695,0.036466,-0.564721,-1.0,-0.014693,-0.640479,-0.834134,-0.034835,-0.727272,-0.893703,0.05704,-0.684264,-0.955461,-0.123142,-0.69635,-0.889965,0.054528,-0.654101,-0.726777,-0.09157,-0.32097,-0.685067,0.001863,-0.477755,-0.77987,-0.05104,-0.324727,-0.734537,-0.102007,-0.159718,-0.756626,-0.105054
F,0.0,0.0,0.0,-0.040983,-0.016827,0.020655,0.078026,-0.114588,0.022239,0.047792,-0.242734,-0.052327,0.028068,-0.31818,0.038001,-0.004762,-0.454341,-0.008892,-0.142056,-0.512606,-0.041174,-0.20094,-0.552219,-0.098267,-0.299617,-0.698792,0.079455,-0.49198,-0.714066,-0.074373,-0.703619,-0.848038,-0.011462,-0.744715,-1.0,-0.06553,-0.874041,-0.844884,0.067136,-0.787444,-0.742764,-0.062279,-0.860731,-0.913995,-0.051255,-0.884876,-0.90928,0.108438,-0.89936,-0.687801,0.102145,-0.613422,-0.834879,-0.109355,-0.566747,-0.681207,-0.012933,-0.469351,-0.621217,0.085857,-0.278652,-0.683319,-0.1643
F,0.0,0.0,0.0,0.091405,-0.137495,-0.036212,0.17443,-0.1792,-0.129481,0.218082,-0.284018,-0.02176,0.177683,-0.444854,-0.019143,0.162297,-0.505683,-0.150012,0.123921,-0.633773,0.120099,-0.121088,-0.76473,-0.056003,-0.134528,-0.920308,-0.119425,-0.256316,-0.911095,0.029134,-0.45976,-0.954518,-0.02479,-0.421333,-0.889828,0.033487,-0.498717,-1.0,0.029472,-0.776571,-0.901611,-0.021026,-0.585017,-0.833708,0.045086,-0.62086,-0.857917,0.02113,-0.577356,-0.761052,0.131637,-0.482743,-0.816551,0.016278,-0.466263,-0.828954,0.108287,-0.270625,-0.629742,0.055519,-0.054975,-0.729228,-0.116191
F,0.0,0.0,0.0,0.170289,-0.24971,-0.017992,0.281983,-0.244066,0.038137,0.273296,-0.251882,0.136767,0.140999,-0.43966,0.094683,0.176834,-0.543875,0.073449,0.075056,-0.516184,0.092321,-0.135856,-0.68978,-0.0338,-0.117891,-0.685872,0.015401,-0.289207,-0.795401,0.013463,-0.425386,-0.918254,-0.128924,-0.401378,-0.836091,0.033963,-0.473899,-0.959137,-0.082092,-0.571208,-0.859855,-0.062236,-0.579662,-0.891452,0.013815,-0.59523,-1.0,0.038609,-0.557701,-0.784061,0.068085,-0.38434,-0.953329,0.01739,-0.281969,-0.785901,0.108817,-0.314164,-0.700185,-0.004535,-0.129853,-0.672732,0.091005
F,0.0,0.0,0.0,-0.030706,-0.197864,-0.086966,0.214807,-0.218364,-0.060917,0.165691,-0.461966,-0.025756,0.036531,-0.585634,0.005637,0.111735,-0.538301,-0.07048,-0.108039,-0.733331,-0.140726,-0.142249,-0.667951,-0.027887,-0.352316,-0.854318,-0.161173,-0.532546,-0.829124,-0.139155,-0.490551,-0.820703,-0.11648,-0.611493,-0.898803,-0.042514,-0.638715,-0.903599,-0.103978,-0.706414,-0.940147,-0.123533,-0.745392,-0.844516,0.075462,-0.574555,-1.0,-0.137615,-0.693778,-0.877652,-0.226508,-0.563064,-0.76577,0.014066,-0.446547,-0.860016,-0.028958,-0.230546,-0.846049,-0.101431,-0.208305,-0.886986,-0.119673
F,0.0,0.0,0.0,0.185962,0.072396,-0.096816,0.051821,-0.058299,-0.068129,0.181641,-0.328061,-0.025884,0.382521,-0.387091,-0.101425,0.24144,-0.451817,-0.207732,0.139888,-0.399915,-0.274367,-0.160059,-0.939945,-0.081711,-0.122293,-0.776725,0.023708,-0.298433,-0.714021,-0.008411,-0.559992,-0.912658,-0.183648,-0.67779,-0.949415,-0.101806,-0.640417,-1.0,-0.152263,-0.889454,-0.912818,-0.166333,-0.840833,-0.837489,0.004963,-0.790988,-0.927435,-0.094634,-0.775292,-0.905677,0.021156,-0.497446,-0.842899,0.104742,-0.292807,-0.746936,0.072663,-0.357391,-0.888662,-0.015209,-0.227935,-0.798995,-0.018668
F,0.0,0.0,0.0,0.019297,-0.13956,0.05578,0.061996,-0.156126,0.090848,0.03146,-0.305582,0.037813,-0.036162,-0.331615,0.151819,0.087261,-0.47731,0.015303,-0.001221,-0.510129,0.06866,-0.041087,-0.647007,0.012489,-0.323862,-0.834511,0.060233,-0.436922,-0.748575,0.135145,-0.585135,-1.0,0.038203,-0.654884,-0.914688,0.043561,-0.692496,-0.94375,0.012501,-0.68993,-0.926267,0.061151,-0.992422,-0.966897,0.087522,-0.683483,-0.934721,0.094182,-0.729504,-0.738932,0.003628,-0.571502,-0.823133,0.098585,-0.475396,-0.76537,0.09954,-0.344109,-0.734335,0.017716,-0.209408,-0.696379,-0.048803
F,0.0,0.0,0.0,0.096201,0.060458,0.087051,0.147139,-0.115775,0.103569,0.245951,-0.296972,-0.036905,0.321119,-0.279789,0.034418,0.253453,-0.734841,0.149765,0.072635,-0.584443,-0.016553,0.072448,-0.794468,0.111376,-0.16756,-0.742154,-0.065563,-0.47478,-0.790914,-0.022334,-0.398036,-0.943608,-0.08417,-0.527198,-0.798488,-0.033692,-0.809582,-0.909573,-0.033438,-0.749634,-1.0,0.149495,-0.870678,-0.919627,-0.003289,-0.79627,-0.968182,0.117365,-0.610244,-0.849542,0.047318,-0.557354,-0.782899,0.126267,-0.654688,-0.848944,0.006292,-0.206456,-0.80436,0.061237,-0.198473,-0.761341,0.051603
F,0.0,0.0,0.0,0.18648,-0.293471,-0.070086,0.252546,-0.293934,0.054927,0.242137,-0.376682,-0.122243,0.236022,-0.48297,0.004515,0.167777,-0.630255,0.042309,0.216132,-0.67685,-0.219483,0.202618,-0.773338,-0.113227,-0.114501,-0.817953,-0.083953,-0.140453,-0.961056,-0.138968,-0.1863,-0.92823,-0.129004,-0.482103,-0.937227,-0.03949,-0.437835,-1.0,-0.066007,-0.428494,-0.9114,-0.120976,-0.712852,-0.949478,0.001203,-0.587709,-0.948004,-0.057073,-0.445954,-0.956296,0.04719,-0.351515,-0.949684,0.01483,-0.332683,-0.781062,0.003796,-0.036492,-0.855319,-0.113968,-0.001329,-0.839071,-0.143523
F,0.0,0.0,0.0,0.199131,-0.062118,0.089178,0.132658,-0.24521,0.278902,0.200592,-0.215269,0.150214,0.023701,-0.234407,0.186025,0.124211,-0.48354,0.030323,0.232832,-0.655363,0.056453,-0.082838,-0.674684,0.178244,-0.026963,-0.794058,0.082573,-0.301523,-0.90598,0.228968,-0.339661,-0.866085,0.165303,-0.468597,-0.906439,0.081018,-0.533308,-1.0,0.204967,-0.717014,-0.808848,0.099773,-0.68215,-0.913612,0.080539,-0.69447,-0.779882,-0.042844,-0.694907,-0.910035,0.054524,-0.376819,-0.724342,0.173638,-0.411307,-0.68753,-0.012329,-0.055581,-0.818595,0.066119,-0.111685,-0.835113,0.211575
F,0.0,0.0,0.0,0.051648,-0.12457,0.12297,0.022957,-0.174034,0.128253,0.064558,-0.469573,0.168188,0.287313,-0.510092,0.13451,0.147579,-0.625089,0.076614,-0.068336,-0.563665,0.180773,-0.10505,-0.773819,0.038496,-0.281949,-0.856799,0.044459,-0.327359,-0.816173,0.041433,-0.484681,-0.900003,-0.04612,-0.582372,-0.963083,-0.038702,-0.646261,-0.978054,0.087514,-0.658463,-1.0,0.099403,-0.848106,-0.816475,0.018864,-0.728648,-0.807302,0.107982,-0.709412,-0.822077,0.173587,-0.575248,-0.877121,0.088236,-0.429606,-0.943337,0.089093,-0.166171,-0.853549,0.04066,-0.243404,-0.738293,0.143038
F,0.0,0.0,0.0,0.12813,0.050358,0.022078,0.050162,-0.073865,0.100165,0.145482,-0.299942,-0.026373,0.203048,-0.288685,0.014883,0.00771,-0.333077,0.121922,0.058311,-0.420684,-0.061117,-0.20496,-0.645901,-0.053989,-0.193864,-0.626293,-0.03446,-0.569153,-0.922137,-0.06905,-0.526786,-0.846188,0.064726,-0.803771,-0.968931,-0.127346,-0.864273,-0.846403,-0.086969,-0.983325,-0.815965,-0.168624,-0.954135,-1.0,0.009358,-0.818898,-0.693174,0.079364,-0.642853,-0.78982,-0.068105,-0.636535,-0.731207,0.055783,-0.549405,-0.707535,-0.093246,-0.447722,-0.810014,-0.041427,-0.312351,-0.741428,0.005007
F,0.0,0.0,0.0,0.215178,-0.091207,0.082797,0.318487,-0.06159,0.030405,0.261235,-0.322946,0.070067,0.259615,-0.430448,0.003948,0.177604,-0.483899,-0.090572,0.161881,-0.555746,-0.046039,0.167117,-0.710639,-0.151112,-0.158781,-0.794676,-0.007805,-0.309224,-0.953687,-0.145022,-0.486559,-0.969794,-0.147336,-0.61771,-0.904608,0.092665,-0.589515,-0.867399,0.059381,-0.636612,-1.0,0.016621,-0.747769,-0.974427,0.033217,-0.618751,-0.895256,0.028782,-0.593852,-0.861,0.099052,-0.608648,-0.948779,0.12521,-0.351103,-0.862683,-0.006327,-0.21652,-0.757033,-0.100073,-0.042809,-0.768327,-0.001254
F,0.0,0.0,0.0,0.013018,0.054113,0.037772,0.124141,-0.147972,0.178235,0.126883,-0.350214,-0.003044,0.257985,-0.447472,0.073647,0.04176,-0.568752,0.043281,-0.033639,-0.608533,0.176402,-0.046348,-0.58317,0.077924,-0.199607,-0.744973,0.023059,-0.305337,-0.811374,0.006058,-0.480764,-0.828166,-0.023938,-0.61906,-1.0,-0.053399,-0.491386,-0.87756,0.077653,-0.79455,-0.922555,-0.042817,-0.674606,-0.682788,0.09548,-0.519493,-0.838117,0.166932,-0.430805,-0.80142,0.04311,-0.562951,-0.785861,0.076305,-0.2291,-0.824484,0.058862,-0.36091,-0.746358,0.055369,-0.085252,-0.667702,0.041676
F,0.0,0.0,0.0,-0.073757,-0.11818,0.08356,0.203767,-0.175364,0.094881,0.171602,-0.282179,0.170983,0.27069,-0.211242,0.11803,0.109401,-0.35146,0.087629,0.051728,-0.632008,0.056853,-0.022533,-0.688685,0.048265,-0.334047,-0.575089,0.126619,-0.341316,-0.738578,0.057375,-0.381362,-0.854149,0.08135,-0.507797,-0.763493,-0.113844,-0.702034,-0.930547,0.070466,-0.844762,-1.0,0.23096,-0.670806,-0.837315,0.125535,-0.672468,-0.754344,0.069009,-0.603334,-0.779159,0.04267,-0.432234,-0.795567,0.176667,-0.395265,-0.624625,0.018192,-0.350293,-0.778004,0.078139,-0.042547,-0.593908,-0.110375
F,0.0,0.0,0.0,0.202874,0.18648,-0.037429,0.191792,0.002676,0.014792,0.200569,0.033037,-0.025949,0.129139,-0.321529,-0.190214,0.263317,-0.352942,-0.007498,0.198839,-0.48606,-0.121392,-0.116873,-0.544958,0.079449,-0.125366,-0.58896,0.016502,-0.453965,-0.697817,-0.155344,-0.716855,-0.674755,-0.078483,-0.736861,-0.822555,-0.249479,-0.931392,-0.809063,-0.136355,-0.921857,-0.847499,-0.122187,-1.0,-0.966947,-0.048303,-0.814975,-0.939952,-0.021182,-0.758045,-0.843171,0.113309,-0.691967,-0.722785,-0.041599,-0.663435,-0.585227,-0.135827,-0.355321,-0.594155,0.056306,-0.264587,-0.673373,0.022505
F,0.0,0.0,0.0,0.037973,-0.143672,0.036093,0.010685,-0.262213,0.214657,0.167047,-0.225323,0.135735,0.095326,-0.337201,0.134137,0.170595,-0.613221,0.180429,0.092066,-0.613227,0.024342,-0.103434,-0.680458,0.078095,-0.187225,-0.729825,-0.005149,-0.452603,-0.87076,0.008087,-0.440634,-0.994382,0.107805,-0.510975,-0.946303,0.049129,-0.74998,-1.0,0.034283,-0.636072,-0.964182,-0.010002,-0.730998,-0.88415,0.10518,-0.60936,-0.863704,0.043077,-0.686794,-0.874068,0.000241,-0.519763,-0.987783,0.188461,-0.353564,-0.792384,0.046341,-0.271887,-0.844025,-0.001952,-0.174362,-0.742601,0.055282
F,0.0,0.0,0.0,-0.119449,-0.152914,-0.100124,0.045755,-0.271385,-0.0359,0.161514,-0.286332,0.068361,-0.036661,-0.41635,0.061641,0.132739,-0.629442,-0.044746,0.016571,-0.629608,-0.104168,-0.274573,-0.770012,-0.180553,-0.287437,-0.715856,-0.168302,-0.404804,-0.780981,-0.089498,-0.661259,-0.859079,-0.092334,-0.666475,-0.954129,-0.071246,-0.699982,-0.760892,-0.050715,-0.675619,-0.902597,-0.043876,-0.779112,-1.0,0.004065,-0.898226,-0.951672,0.002631,-0.606364,-0.761539,-0.019477,-0.5814,-0.762336,-0.104746,-0.444397,-0.861535,-0.040301,-0.374852,-0.750663,-0.010928,-0.150406,-0.744597,-0.058175
F,0.0,0.0,0.0,-0.060417,0.075082,-0.132949,-0.021033,-0.030129,-0.009851,0.100753,-0.21606,0.196083,0.144773,-0.212638,-0.11431,-0.050016,-0.41624,-0.018546,-0.169316,-0.582002,-0.082464,-0.188239,-0.654726,-0.232137,-0.240182,-0.650694,-0.272763,-0.595358,-0.773736,-0.121528,-0.586774,-0.708717,-0.292312,-0.733459,-0.718292,-0.06207,-0.81127,-0.661781,-0.097375,-0.80904,-0.838254,-0.180867,-0.965547,-0.812622,-0.115564,-1.0,-0.880533,-0.110256,-0.732879,-0.770918,-0.088754,-0.757669,-0.734301,0.009463,-0.538265,-0.821447,-0.207696,-0.36176,-0.698202,-0.140327,-0.312397,-0.628615,-0.180435
F,0.0,0.0,0.0,0.107996,0.027356,-0.147768,0.342203,-0.022015,-0.187641,0.168501,-0.199498,-0.131681,0.2104,-0.320124,-0.043794,0.208101,-0.527115,-0.227216,0.148187,-0.501806,0.135927,-0.237919,-0.621005,-0.253079,-0.061121,-0.729905,-0.190982,-0.292591,-0.885819,-0.100286,-0.483989,-0.751858,0.02392,-0.673746,-0.841732,-0.082022,-0.833108,-1.0,0.100904,-0.742315,-0.860477,-0.081328,-0.824232,-0.923775,-0.063252,-0.865421,-0.980956,0.030312,-0.696481,-0.86386,-0.005568,-0.526636,-0.73724,-0.123815,-0.367454,-0.736391,0.026185,-0.378093,-0.75163,0.060829,-0.121358,-0.718907,-0.039172
F,0.0,0.0,0.0,0.192963,-0.306649,0.039482,0.253354,-0.173197,-0.018911,0.180819,-0.418011,-0.025298,0.161783,-0.382076,0.092716,0.176679,-0.588306,-0.128861,0.157579,-0.542627,-0.069611,0.000393,-0.705868,0.066768,-0.097519,-0.793104,-0.05266,-0.3294,-0.960213,-0.127368,-0.285552,-0.929659,-0.108114,-0.490595,-0.9443,0.050566,-0.540169,-1.0,-0.043081,-0.457092,-0.979963,-0.102645,-0.614094,-0.9251,0.039792,-0.484293,-0.9813,-0.057368,-0.508654,-0.839226,-0.075763,-0.435019,-0.895148,0.062494,-0.246848,-0.769107,0.072815,-0.179226,-0.887162,-0.114686,-0.158759,-0.827275,-0.081245
F,0.0,0.0,0.0,0.032248,-0.15344,0.127843,0.050051,-0.250417,0.129163,0.174107,-0.38878,0.138645,0.070496,-0.394524,0.087722,0.114829,-0.437043,0.057363,-0.039446,-0.535031,0.032404,0.008101,-0.610062,-0.045938,-0.278819,-0.723675,0.092729,-0.277349,-0.816572,-0.074243,-0.576649,-0.816759,0.154561,-0.57156,-0.976235,-0.04765,-0.733932,-0.935278,-0.005084,-0.710105,-0.828074,0.120883,-0.706859,-1.0,-0.011011,-0.723414,-0.828915,0.136478,-0.641407,-0.806861,0.094822,-0.564298,-0.773685,0.148958,-0.432623,-0.753622,0.050304,-0.204868,-0.807486,0.156281,-0.249475,-0.763316,0.063032
F,0.0,0.0,0.0,0.051785,0.223205,0.224367,0.085524,-0.290362,0.144577,0.17157,-0.234631,0.073588,0.141072,-0.403905,0.300458,0.197099,-0.38887,0.132349,-0.088299,-0.56207,0.239808,-0.090511,-0.648391,0.15284,-0.270302,-0.723433,0.136074,-0.431558,-0.758513,0.054687,-0.648274,-0.933504,-0.01479,-0.893114,-1.0,-0.024584,-0.896929,-0.805798,0.064668,-0.888922,-0.913839,0.239343,-0.967669,-0.939441,0.1188,-0.784055,-0.778337,0.18312,-0.693955,-0.842681,0.130818,-0.580098,-0.779342,0.072807,-0.451072,-0.804352,0.086686,-0.302433,-0.767565,0.121995,-0.165558,-0.811842,0.096728
F,0.0,0.0,0.0,-0.066219,0.069251,0.069798,0.047016,0.062131,0.0958,0.165509,-0.176028,0.09376,0.014992,-0.328898,0.040632,0.006634,-0.422311,0.093629,-0.09066,-0.574391,-0.095773,-0.327201,-0.607302,-0.056289,-0.323699,-0.837423,-0.089788,-0.390028,-0.828288,-0.083572,-0.606032,-0.981261,-0.034372,-0.848326,-0.9911,-0.157158,-0.853406,-0.958954,-0.050691,-0.965598,-0.847467,0.042007,-0.915154,-0.951892,-0.050114,-0.88997,-1.0,-0.066689,-0.717146,-0.828932,0.14603,-0.698202,-0.847434,-0.029061,-0.562217,-0.839046,0.006371,-0.383946,-0.80154,0.0611,-0.083559,-0.651689,-0.018777
F,0.0,0.0,0.0,0.000918,-0.163614,0.010471,0.033373,-0.287147,0.054767,0.006353,-0.435545,-0.019813,0.134206,-0.532833,-0.020161,0.140619,-0.532648,0.034961,-0.044384,-0.674104,0.011178,-0.081916,-0.77626,-0.112596,-0.119609,-0.827743,-0.018909,-0.366923,-0.824798,-0.068092,-0.581963,-0.958287,-0.080527,-0.591555,-0.829206,-0.177546,-0.582266,-0.991303,-0.081396,-0.726748,-0.782795,-0.124293,-0.67403,-1.0,0.079044,-0.612649,-0.861386,0.08223,-0.567788,-0.830249,-0.000648,-0.453359,-0.847773,-0.030075,-0.330329,-0.773666,-0.03902,-0.352996,-0.676675,-0.092886,-0.085577,-0.749334,-0.151388
F,0.0,0.0,0.0,-0.005291,-0.048675,-0.202243,0.038429,-0.283799,-0.085589,0.137703,-0.335303,0.010981,0.03045,-0.331062,0.039226,0.115117,-0.522793,-0.223096,-0.001304,-0.60513,-0.160852,-0.195962,-0.582,-0.19456,-0.251379,-0.747624,-0.156529,-0.37364,-0.708634,-0.162061,-0.566268,-0.828712,-0.073463,-0.668383,-0.925971,-0.288665,-0.797972,-1.0,-0.059653,-0.806707,-0.936786,-0.08745,-0.859829,-0.789993,0.026992,-0.647664,-0.829154,-0.056272,-0.578291,-0.898151,-0.114788,-0.637779,-0.779709,-0.115525,-0.482761,-0.904221,-0.043125,-0.447294,-0.833199,-0.011936,-0.119297,-0.726241,-0.101164
F,0.0,0.0,0.0,0.027674,-0.007132,0.051924,0.137478,-0.004202,0.109229,0.285555,-0.25531,0.071916,0.269482,-0.313101,0.18502,0.157712,-0.465117,0.100131,-0.005963,-0.459953,-0.06212,0.019491,-0.665411,0.045267,-0.091748,-0.685386,-0.095736,-0.360019,-0.813744,-0.156619,-0.341989,-0.800042,-0.100282,-0.429671,-0.889881,0.012555,-0.6798,-1.0,-0.085979,-0.700123,-0.785578,0.061606,-0.665057,-0.98383,0.149257,-0.626284,-0.82174,0.152031,-0.481112,-0.698726,0.053589,-0.543783,-0.679054,-0.036804,-0.204099,-0.719889,-0.032224,-0.301026,-0.792411,0.033288,-0.077009,-0.776698,-0.024418
F,0.0,0.0,0.0,0.163793,-0.209035,0.003768,0.225547,-0.186064,0.05208,0.337597,-0.338174,-0.082376,0.340628,-0.469333,-0.033721,0.219899,-0.482226,-0.00712,0.103202,-0.62515,0.108638,0.032221,-0.751709,-0.078199,-0.109872,-0.742602,0.004568,-0.213874,-0.878774,-0.068297,-0.295228,-0.945339,-0.0704,-0.411212,-0.833649,-0.040358,-0.561095,-1.0,0.028258,-0.486199,-0.727899,0.040094,-0.589197,-0.957125,-0.098488,-0.542166,-0.706446,0.133184,-0.409597,-0.824534,0.071931,-0.559187,-0.758221,-0.00179,-0.320869,-0.805859,-0.003124,-0.192919,-0.760568,-0.038364,-0.007689,-0.853065,-0.034798
F,0.0,0.0,0.0,0.067963,-0.103796,0.057728,0.156603,0.00161,0.126324,0.261693,-0.31251,0.054287,0.173456,-0.523144,-0.00274,0.22239,-0.469555,-0.030575,0.240584,-0.704203,-0.095003,0.054143,-0.776334,-0.124416,-0.11737,-0.853308,-0.059661,-0.331584,-0.907673,-0.227398,-0.406256,-0.990201,-0.072515,-0.57979,-0.940652,-0.058431,-0.614572,-0.997295,0.073606,-0.82918,-0.955941,0.065854,-0.652824,-1.0,-0.043067,-0.73532,-0.848591,-0.023648,-0.558193,-0.842636,0.226338,-0.442666,-0.893623,-0.087921,-0.354341,-0.806534,-0.166889,-0.241747,-0.748472,-0.057531,0.03871,-0.882388,0.015401
F,0.0,0.0,0.0,0.050714,-0.182872,0.030566,0.063643,-0.283506,0.200459,0.152041,-0.391868,0.097488,0.082219,-0.415231,0.208978,0.107026,-0.501706,0.11174,-0.135424,-0.50953,0.080313,-0.017422,-0.664939,0.224372,-0.199737,-0.844817,0.031836,-0.375626,-0.865883,0.03845,-0.573606,-0.850693,0.080112,-0.651161,-0.749795,0.079079,-0.714729,-1.0,0.096563,-0.721297,-0.838243,0.103601,-0.790631,-0.766215,0.160505,-0.698348,-0.844607,0.174749,-0.712424,-0.817804,0.115389,-0.490885,-0.84861,0.097165,-0.300958,-0.690701,-0.097958,-0.21137,-0.756684,0.053946,-0.232876,-0.803401,0.036326
F,0.0,0.0,0.0,0.216096,0.021649,0.145694,0.257052,-0.180682,0.158363,0.215801,-0.136704,0.038262,0.228226,-0.324147,0.175451,0.240889,-0.40422,0.253605,-0.004441,-0.589926,0.003642,-0.118829,-0.660686,0.115956,-0.165885,-0.713602,-0.088773,-0.325168,-0.790719,0.082367,-0.529265,-0.84025,0.117413,-0.552204,-1.0,0.144366,-0.549338,-0.785239,-0.067475,-0.539916,-0.910065,0.051134,-0.718507,-0.762904,0.097689,-0.593111,-0.804636,0.117699,-0.628869,-0.639722,0.015011,-0.417368,-0.716612,0.207012,-0.211838,-0.725224,0.140504,-0.040527,-0.695624,-0.005612,-0.064242,-0.777549,0.082395
F,0.0,0.0,0.0,0.099252,-0.209109,0.028198,0.078383,-0.152511,0.19337,0.117049,-0.142934,0.173834,0.188198,-0.323893,0.067469,0.044958,-0.33044,0.112197,-0.081816,-0.579643,0.093379,-0.207806,-0.72216,0.213286,-0.293178,-0.866664,-0.027381,-0.257381,-0.849359,0.108729,-0.615325,-0.857405,0.186734,-0.721393,-0.878527,-0.016991,-0.60605,-0.907157,0.077791,-0.830022,-0.964377,0.097584,-1.0,-0.918703,0.142382,-0.745344,-0.926018,0.108096,-0.710211,-0.97716,0.179341,-0.744899,-0.738706,0.21107,-0.546623,-0.743049,0.149785,-0.413429,-0.92151,0.142286,-0.25872,-0.673789,0.097469
F,0.0,0.0,0.0,-0.10981,-0.234717,-0.114417,0.150451,-0.299091,0.020909,0.251214,-0.310004,0.047091,0.262088,-0.468966,0.088085,0.152575,-0.600898,-0.145215,0.165871,-0.679762,0.168457,-0.041934,-0.753757,-0.017166,-0.213308,-0.809221,-0.069907,-0.286993,-0.813407,-0.144057,-0.369582,-0.838838,-0.129676,-0.514257,-0.806295,-0.037408,-0.607394,-0.925679,-0.090876,-0.725446,-0.885167,-0.106437,-0.456236,-1.0,0.135534,-0.688609,-0.873051,0.035101,-0.470257,-0.848783,-0.031402,-0.522159,-0.889015,0.010033,-0.34748,-0.838695,0.000741,-0.250053,-0.809047,-0.061354,-0.108777,-0.77007,-0.116659
F,0.0,0.0,0.0,0.157006,-0.052056,-0.107145,0.207868,-0.196754,-0.043339,0.222237,-0.19614,-0.087761,0.099908,-0.198353,-0.088489,0.281179,-0.413949,-0.004298,0.071104,-0.607288,-0.199923,0.120553,-0.792962,-0.144242,-0.166962,-0.818785,-0.195517,-0.211659,-0.804505,-0.129858,-0.490497,-0.846449,-0.190358,-0.456018,-0.953514,-0.045713,-0.676731,-0.971472,-0.02526,-0.547688,-0.853798,-0.02832,-0.68146,-1.0,-0.052191,-0.763839,-0.905471,-0.027171,-0.770443,-0.899795,-0.026631,-0.51511,-0.840907,-0.173093,-0.436525,-0.756673,-0.087146,-0.20478,-0.855712,-0.109446,-0.26733,-0.733451,0.007309
F,0.0,0.0,0.0,0.303881,-0.014393,-0.106781,0.244686,-0.193896,-0.045485,0.268534,-0.293654,-0.046384,0.285912,-0.315997,-0.101015,0.256552,-0.473402,0.050909,0.194588,-0.591887,0.020371,-0.052567,-0.542907,-0.113692,-0.09944,-0.744421,-0.150428,-0.202256,-0.845809,-0.214403,-0.635471,-0.916874,0.026155,-0.432014,-0.93727,-0.097879,-0.655254,-1.0,-0.121879,-0.593618,-0.855425,-0.002598,-0.782553,-0.871663,-0.181852,-0.578024,-0.833809,-0.093482,-0.442706,-0.961972,0.055143,-0.416846,-0.88473,0.001583,-0.455281,-0.97859,-0.09748,-0.231471,-0.682249,-0.032757,-0.032727,-0.797969,-0.102133
G,0.0,0.0,0.0,0.188185,-0.04702,0.048703,0.302764,-0.154832,-0.01832,0.306802,-0.210023,0.132115,0.279761,-0.316333,0.101769,0.353537,-0.58474,0.032591,0.11683,-0.574451,0.123058,-0.093922,-0.568794,-0.054105,-0.151134,-0.670081,-0.093125,-0.370202,-0.839551,-0.053318,-0.73041,-0.968322,0.060039,-0.618044,-0.92614,0.08288,-0.688539,-0.902284,-0.02592,-0.769179,-0.864618,0.119833,-0.722924,-1.0,0.042254,-0.90253,-0.787743,0.082702,-0.605228,-0.94103,0.223329,-0.613103,-0.712279,0.103476,-0.375089,-0.770314,0.018223,-0.088555,-0.724664,-0.061749,-0.079166,-0.707057,0.098415
G,0.0,0.0,0.0,0.191641,-0.145656,0.055983,0.147426,-0.166357,0.179365,0.179394,-0.190227,0.094474,0.081811,-0.479234,0.097836,0.024082,-0.566454,0.098618,-0.067699,-0.596216,0.146063,-0.233063,-0.714337,-0.050311,-0.263336,-0.758711,-0.118553,-0.27058,-0.730925,-0.003526,-0.510002,-0.76763,0.022215,-0.67094,-0.791352,0.016593,-0.557417,-0.676972,-0.009183,-0.617978,-1.0,0.119142,-0.743163,-0.807015,0.05933,-0.654699,-0.748861,0.15404,-0.58892,-0.810048,0.172512,-0.413857,-0.563973,0.09593,-0.4189,-0.629238,-0.053708,-0.189761,-0.662886,-0.120916,-0.120368,-0.493039,-0.008959
G,0.0,0.0,0.0,0.082766,-0.130751,0.019061,0.086971,-0.426399,-0.000926,0.085628,-0.36182,0.026428,0.261631,-0.533017,0.152749,0.078175,-0.502951,0.097926,-0.166166,-0.640219,0.014351,-0.20382,-0.685046,0.122288,-0.422244,-0.812669,-0.085412,-0.364547,-0.848833,-0.052983,-0.434137,-0.756939,0.158757,-0.616056,-1.0,0.033225,-0.526037,-0.835424,0.118052,-0.672979,-0.920343,0.041728,-0.672219,-0.821029,0.114738,-0.540393,-0.806703,0.079327,-0.482563,-0.938736,0.079123,-0.431475,-0.770674,0.052161,-0.292021,-0.797927,0.115171,-0.168688,-0.734854,-0.022491,-0.031085,-0.725408,-0.04516
G,0.0,0.0,0.0,0.121267,-0.121126,0.053902,0.223724,-0.169083,-0.042704,0.076262,-0.356697,0.14108,0.143196,-0.270628,-0.007206,0.042695,-0.521327,-0.018785,-0.086876,-0.687233,0.002644,-0.075714,-0.518082,-0.083897,-0.302057,-0.810495,0.007045,-0.34968,-0.871407,-0.143811,-0.45818,-0.821172,-0.027339,-0.682667,-1.0,-0.130074,-0.63988,-0.728182,-0.080494,-0.559867,-0.809875,-0.12608,-0.695337,-0.789029,-0.178756,-0.619208,-0.741452,0.030197,-0.588357,-0.805287,-0.011461,-0.559191,-0.811442,-0.032674,-0.345401,-0.776867,-0.081013,-0.170285,-0.694763,-0.079247,-0.063333,-0.745852,-0.057708
G,0.0,0.0,0.0,0.006834,-0.173666,0.105729,0.058584,-0.389047,0.197275,0.083069,-0.191395,0.178018,0.13082,-0.31765,0.142406,-0.014226,-0.686048,0.246575,-0.146127,-0.751484,0.17704,-0.473807,-0.803598,0.164751,-0.482662,-0.91606,0.02507,-0.785668,-0.857242,0.038816,-0.781921,-0.992039,0.051967,-0.822809,-1.0,-0.055775,-0.914337,-0.958898,0.106499,-0.90899,-0.990745,0.214027,-0.869268,-0.91843,0.07391,-0.946747,-0.827193,0.023103,-0.86816,-0.92921,0.081916,-0.620536,-0.827782,0.085001,-0.486664,-0.842787,0.047774,-0.438031,-0.767927,0.182715,-0.259679,-0.750344,0.213665
G,0.0,0.0,0.0,0.178146,-0.024134,0.125837,0.265572,-0.235787,0.050721,0.316683,-0.514771,-0.015841,0.194798,-0.403039,-0.034406,0.150057,-0.603644,0.020969,0.179843,-0.701097,-0.161426,-0.069394,-0.727223,0.009132,-0.302633,-0.839745,-0.260406,-0.245835,-0.83826,-0.143736,-0.577252,-0.990663,-0.076636,-0.665747,-0.913105,0.058197,-0.680565,-1.0,-0.047027,-0.779972,-0.78951,0.053375,-0.691057,-0.96698,-0.063816,-0.650987,-0.842096,0.06,-0.620183,-0.762383,0.030586,-0.464625,-0.88849,-0.01625,-0.37196,-0.701668,-0.128036,-0.109755,-0.766023,-0.108516,-0.023857,-0.671644,-0.178283
G,0.0,0.0,0.0,0.075153,-0.180297,-0.058252,0.322393,-0.124921,0.063129,0.180869,-0.26393,0.018871,0.215872,-0.368121,-0.045857,0.120344,-0.689773,0.067162,-0.124123,-0.604004,-0.086768,-0.144934,-0.643897,0.10744,-0.420097,-0.69142,-0.02464,-0.481909,-0.771414,-0.065678,-0.524739,-0.957578,-0.096998,-0.619134,-0.781157,-0.03554,-1.0,-0.925039,-0.008418,-0.828123,-0.872729,-0.02469,-0.731548,-0.97332,0.137008,-0.619918,-0.922292,-0.023462,-0.619127,-0.909697,0.013356,-0.438341,-0.718656,0.204597,-0.369417,-0.798512,0.028232,-0.243748,-0.739548,-0.002613,-0.161853,-0.698183,-0.138956
G,0.0,0.0,0.0,0.208092,-0.243266,0.250402,0.104047,-0.218843,0.256283,0.388641,-0.287942,0.069826,0.262755,-0.426222,0.224731,0.162072,-0.689307,0.204751,-0.017308,-0.523339,0.238466,-0.241096,-0.610547,0.193095,-0.377771,-0.780304,0.218807,-0.495512,-0.737417,0.010545,-0.594195,-0.959169,0.235541,-0.678536,-1.0,0.175565,-0.663339,-0.864738,0.140649,-0.728946,-0.958531,0.315549,-0.650887,-0.803555,0.268667,-0.647932,-0.955016,0.269816,-0.59026,-0.727251,0.285809,-0.437549,-0.922791,0.207037,-0.385457,-0.744241,0.162984,-0.218729,-0.70872,0.138079,-0.049154,-0.855153,0.084311
G,0.0,0.0,0.0,0.119737,-0.019,0.162149,0.197856,-0.178126,0.002083,0.118977,-0.276063,-0.133675,0.162445,-0.375272,-0.06156,-0.06019,-0.497641,-0.078885,-0.063052,-0.746267,-0.090102,-0.284443,-0.523071,0.116738,-0.399402,-0.847475,-0.126538,-0.533499,-0.616434,-0.015016,-0.582829,-0.861077,-0.09221,-0.739879,-0.819884,-0.256333,-0.752475,-0.837242,-0.120167,-0.918465,-0.89989,-0.062723,-1.0,-0.753888,-0.149239,-0.97211,-0.642764,-0.11988,-0.775758,-0.66316,0.096931,-0.71871,-0.794646,-0.128711,-0.383158,-0.560742,-0.163394,-0.197689,-0.72638,-0.075564,-0.268562,-0.67287,-0.134043
G,0.0,0.0,0.0,0.050397,-0.092133,0.212281,0.177117,-0.193719,0.183615,0.259828,-0.4237,0.0684,0.107605,-0.30769,0.166985,0.127719,-0.54502,0.004831,0.138093,-0.64073,0.145735,-0.292447,-0.710042,0.034589,-0.4046,-0.927672,-0.058575,-0.549693,-0.907997,0.000746,-0.556058,-0.821718,0.022296,-0.87397,-1.0,0.141012,-0.777578,-0.864951,0.103014,-0.953228,-0.970052,0.115287,-0.709949,-0.811751,0.186367,-0.70813,-0.873392,0.114229,-0.768579,-0.889865,0.159543,-0.624941,-0.752708,0.201284,-0.495759,-0.720257,0.076642,-0.298507,-0.723078,0.072852,0.059476,-0.870696,-0.085326
G,0.0,0.0,0.0,0.011038,-0.131708,-0.0177,0.187144,-0.273883,0.145512,0.074187,-0.256965,0.102177,0.206328,-0.389433,0.025255,0.147775,-0.672143,-0.005152,0.128073,-0.58026,0.230798,-0.170978,-0.742746,0.092294,-0.281864,-0.879521,-0.03302,-0.403301,-0.960928,-0.05818,-0.516539,-0.92859,0.094517,-0.681379,-0.987814,0.067972,-0.781748,-1.0,0.010016,-0.769569,-0.810302,-0.02355,-0.648375,-0.867797,0.21703,-0.461305,-0.788001,0.182237,-0.707873,-0.951518,0.142385,-0.622142,-0.78506,-0.052953,-0.276187,-0.827755,0.097976,-0.27863,-0.92679,0.158015,0.010752,-0.804455,0.093325
G,0.0,0.0,0.0,0.160207,-0.011212,0.004439,0.174649,-0.268017,-0.053198,0.246455,-0.428926,0.072511,0.136582,-0.485093,-0.096388,0.140551,-0.529559,0.089969,-0.104831,-0.669384,-0.057043,-0.191316,-0.712811,-0.049248,-0.236595,-0.674092,-0.189526,-0.385945,-0.892494,-0.070267,-0.505665,-0.958186,-0.168897,-0.603389,-0.905582,-0.106118,-0.663925,-0.859084,-0.109383,-0.809631,-1.0,-0.044192,-0.843585,-0.878428,0.064903,-0.714105,-0.89796,0.136407,-0.488951,-0.882953,-0.000133,-0.462642,-0.778722,0.116199,-0.347645,-0.748878,0.013985,-0.125605,-0.677794,-0.020034,-0.197332,-0.777561,-0.020909
G,0.0,0.0,0.0,-0.017482,-0.067709,-0.145793,0.19784,-0.2587,0.058211,0.150211,-0.411621,-0.064148,0.136154,-0.385475,-0.066196,0.231078,-0.586797,-0.122597,-0.105254,-0.671183,-0.119189,-0.16479,-0.76117,-0.206481,-0.393222,-0.86945,-0.092637,-0.363797,-0.905225,-0.261478,-0.60198,-0.781336,-0.113078,-0.659435,-0.890462,-0.059869,-0.861631,-1.0,-0.196926,-0.762757,-0.949789,-0.075744,-0.837038,-0.837513,-0.117514,-0.695341,-0.822479,-0.014123,-0.633356,-0.818442,0.035944,-0.505207,-0.903793,-0.061199,-0.411776,-0.999017,-0.088758,-0.25808,-0.713512,-0.204049,-0.245411,-0.781734,-0.140405
G,0.0,0.0,0.0,0.070221,-0.114404,0.177698,0.160375,-0.206339,0.241573,0.126195,-0.24831,0.11103,0.236938,-0.387028,0.127643,0.042325,-0.480875,0.192347,0.016139,-0.588291,0.208067,-0.103329,-0.707059,-0.038644,-0.331185,-0.71656,0.086839,-0.336807,-0.882294,0.001355,-0.64488,-0.939303,-0.011532,-0.633486,-0.808007,-0.023337,-0.788694,-1.0,0.080689,-0.815059,-0.741489,0.117417,-0.765738,-0.889919,-0.001116,-0.8046,-0.861289,0.069597,-0.69411,-0.757309,0.160247,-0.543167,-0.612863,-0.013027,-0.375974,-0.743023,0.05646,-0.29502,-0.709321,0.057962,-0.142529,-0.796783,-0.064744
G,0.0,0.0,0.0,0.11636,-0.111764,0.024017,0.114274,-0.051516,-0.006487,0.17014,-0.360739,0.006749,0.171564,-0.429435,0.025843,0.069292,-0.599793,0.082188,0.153205,-0.723326,0.057382,-0.157576,-0.691375,0.056993,-0.29965,-0.834196,-0.060019,-0.538046,-0.903968,-0.143499,-0.666816,-0.847802,-0.025665,-0.65847,-0.84305,-0.035564,-0.797159,-1.0,-0.06676,-0.932302,-0.89411,0.045632,-0.685908,-0.86082,-0.010439,-0.714944,-0.937094,0.168982,-0.729946,-0.963976,0.001658,-0.622255,-0.910041,0.010432,-0.336585,-0.656417,-0.073973,-0.144403,-0.82728,0.042069,-0.239757,-0.73502,-0.181498
G,0.0,0.0,0.0,0.010875,-0.066638,0.036585,0.102037,-0.155298,0.01752,0.169204,-0.317102,0.047524,0.144837,-0.442053,-0.062708,0.056906,-0.428256,0.035302,-0.038517,-0.614121,0.046585,-0.19756,-0.729576,0.050886,-0.357653,-0.703123,0.032354,-0.412857,-0.915988,-0.056725,-0.593258,-0.900296,-0.047411,-0.623753,-0.919998,-0.058815,-0.767724,-0.80753,-0.045592,-0.872612,-1.0,0.022415,-0.829375,-0.816437,-0.081383,-0.764631,-0.935404,0.060755,-0.593544,-0.781779,-0.048217,-0.583412,-0.758212,-0.10101,-0.416153,-0.637537,-0.008301,-0.370725,-0.774661,-0.063597,0.025927,-0.601634,0.014636
G,0.0,0.0,0.0,0.194712,-0.109752,0.095364,0.252955,-0.31127,0.029336,0.254256,-0.389419,0.175489,0.288789,-0.543555,0.115946,0.202955,-0.54414,0.060096,-0.084985,-0.730439,0.035954,-0.120395,-0.772012,0.088795,-0.337667,-0.856183,-0.103808,-0.402066,-0.82066,-0.067128,-0.503018,-0.993669,0.099447,-0.630431,-0.940906,0.056346,-0.61455,-0.951585,0.018853,-0.738721,-0.996816,0.106417,-0.768604,-1.0,0.129708,-0.683925,-0.842634,0.097075,-0.749959,-0.916937,0.009328,-0.457596,-0.982693,0.047925,-0.38305,-0.716072,0.02367,-0.216193,-0.769092,0.191252,-0.026142,-0.724138,0.123339
G,0.0,0.0,0.0,0.10372,-0.153214,-0.096725,0.278923,-0.212073,-0.046036,0.144761,-0.312965,-0.056711,0.226752,-0.492523,-0.007328,0.113398,-0.60019,-0.128891,-0.035637,-0.619093,-0.045741,-0.051477,-0.665683,-0.130645,-0.126837,-0.789561,-0.06234,-0.346718,-0.786055,-0.119738,-0.428083,-0.851999,-0.045361,-0.614067,-1.0,-0.161873,-0.547446,-0.890622,-0.066612,-0.730698,-0.867126,-0.12425,-0.709618,-0.88164,0.000505,-0.560104,-0.784655,-0.132367,-0.517858,-0.809453,-0.126072,-0.406581,-0.782802,0.011582,-0.274591,-0.778023,0.02394,-0.305676,-0.725348,-0.190192,-0.08407,-0.676752,-0.176171
G,0.0,0.0,0.0,0.288946,-0.254109,0.076714,0.264356,-0.24224,0.049998,0.20359,-0.370902,0.153598,0.287021,-0.490388,0.252702,0.163522,-0.604851,0.13901,0.050794,-0.650908,0.113947,0.000899,-0.723209,0.106098,-0.143084,-0.921868,0.022724,-0.245205,-0.809233,-0.080637,-0.45534,-0.940386,-0.008071,-0.566436,-0.930595,0.169087,-0.712919,-0.980084,0.111471,-0.552421,-0.939636,0.220187,-0.595338,-0.854542,0.075999,-0.548553,-1.0,0.192539,-0.482893,-0.864735,0.112576,-0.331381,-0.833224,0.058423,-0.314013,-0.837249,0.153985,0.001716,-0.797874,0.156922,-0.11238,-0.676099,0.109917
G,0.0,0.0,0.0,0.030528,0.062578,0.029963,0.068766,-0.220389,0.03119,0.154982,-0.193227,0.080326,0.028241,-0.353264,0.116152,0.133916,-0.507098,0.087564,-0.045195,-0.56186,0.057572,-0.193879,-0.784496,0.023132,-0.234914,-0.661256,0.011695,-0.32578,-0.779418,-0.060352,-0.659028,-0.728643,0.009671,-0.727111,-1.0,0.019399,-0.679597,-0.894202,-0.008654,-0.779521,-0.74725,-0.010852,-0.777762,-0.730564,0.14428,-0.671387,-0.837045,0.123625,-0.640397,-0.821396,0.046288,-0.43567,-0.733536,0.137739,-0.35338,-0.671362,0.079602,-0.264847,-0.74342,-0.025367,-0.182478,-0.704686,-0.059939
G,0.0,0.0,0.0,0.160111,0.002028,-0.118345,0.321713,-0.277612,0.081776,0.269947,-0.516376,0.037225,0.258497,-0.648387,0.172175,0.188763,-0.538144,-0.076424,0.116073,-0.605086,0.008848,-0.062129,-0.841987,-0.049634,-0.238563,-0.805602,-0.116409,-0.296856,-0.969623,-0.082581,-0.42055,-1.0,-0.013015,-0.529716,-0.990497,0.03737,-0.637426,-0.893656,0.104941,-0.694492,-0.919914,-0.054726,-0.745257,-0.963201,-0.088501,-0.688238,-0.875825,-0.011406,-0.477759,-0.865506,0.168951,-0.376416,-0.772124,0.050923,-0.258505,-0.740806,0.052837,-0.125577,-0.794059,0.020097,-0.057286,-0.85645,0.064802
G,0.0,0.0,0.0,0.036613,0.020014,0.12667,0.073134,-0.142269,0.117416,0.037275,-0.298588,0.123779,0.083994,-0.368681,0.10702,-0.064878,-0.472583,0.132435,-0.236758,-0.448702,0.106521,-0.384982,-0.510295,0.047575,-0.51036,-0.631608,0.053181,-0.73369,-0.816334,0.025959,-0.894071,-0.810802,0.017529,-0.925769,-0.820117,0.018133,-1.0,-0.776791,0.10258,-0.964407,-0.854544,0.117787,-0.948552,-0.967518,0.120624,-0.944703,-0.820033,0.208909,-0.803918,-0.756836,0.138369,-0.63665,-0.794929,0.085297,-0.53572,-0.675046,0.093616,-0.195442,-0.767179,0.123363,-0.165801,-0.631742,-0.024743
G,0.0,0.0,0.0,0.05502,0.048379,0.201469,-0.098327,-0.113719,0.052922,0.066317,-0.154513,0.06376,0.115074,-0.131018,0.065392,-0.199902,-0.527008,0.101275,-0.12021,-0.455671,0.054719,-0.364593,-0.50045,0.167324,-0.618791,-0.634367,-0.059368,-0.70666,-0.776625,0.035303,-0.691026,-0.616397,0.007242,-0.968381,-0.773004,-0.089361,-1.0,-0.71579,0.054895,-0.89416,-0.780596,0.125617,-0.963217,-0.644742,0.11236,-0.895343,-0.68616,0.097764,-0.664752,-0.650035,0.10154,-0.688308,-0.570055,0.147642,-0.552041,-0.697615,0.003036,-0.399137,-0.482356,0.030159,-0.291423,-0.718192,0.14503
G,0.0,0.0,0.0,0.034396,-0.14199,0.061321,0.113372,-0.203596,0.032256,0.161005,-0.361473,-0.027608,0.142899,-0.40083,0.057486,0.059143,-0.517918,-0.076702,-0.124674,-0.601242,-0.107401,-0.206863,-0.643299,0.002941,-0.319602,-0.840434,-0.115591,-0.414972,-0.878209,-0.158091,-0.514916,-0.902009,-0.158636,-0.672536,-0.866171,-0.178819,-0.793881,-0.962923,-0.050748,-0.764714,-0.977495,-0.172117,-0.726385,-1.0,-0.020764,-0.763569,-0.87709,0.09465,-0.44312,-0.978486,0.047523,-0.566386,-0.747943,0.036696,-0.318155,-0.77741,-0.118234,-0.215342,-0.77115,-0.09218,-0.186769,-0.698547,0.02238
G,0.0,0.0,0.0,0.067122,-0.121608,-0.011685,0.111344,-0.28572,-0.00939,0.191832,-0.427619,0.043566,0.159533,-0.408266,0.111274,0.164682,-0.554039,0.035103,-0.012477,-0.690732,0.084435,-0.200388,-0.722137,-0.012357,-0.162912,-0.890858,-0.006392,-0.315765,-0.981411,-0.09522,-0.470251,-0.845062,-0.003223,-0.523594,-0.982868,-0.120201,-0.627466,-1.0,-0.048417,-0.597842,-0.889265,-0.004446,-0.707609,-0.838717,0.072163,-0.697016,-0.997872,0.206008,-0.614249,-0.787204,0.181421,-0.403698,-0.838111,-0.040224,-0.389747,-0.74072,0.150924,-0.178515,-0.790116,0.074188,-0.069831,-0.723355,0.00538
G,0.0,0.0,0.0,0.175695,-0.007504,-0.189266,0.271958,-0.149465,-0.217441,0.24197,-0.353227,-0.213365,0.179301,-0.383604,-0.082885,0.088623,-0.563835,0.085606,-0.103556,-0.57207,-0.13185,-0.210034,-0.737851,-0.26817,-0.335814,-0.815758,-0.300899,-0.395363,-0.949683,-0.303962,-0.656124,-0.743048,-0.344856,-0.64589,-1.0,-0.202935,-0.708531,-0.903053,-0.208038,-0.899296,-0.889095,-0.085514,-0.804774,-0.882347,-0.14288,-0.7952,-0.887405,-0.052268,-0.613625,-0.81317,-0.151383,-0.390717,-0.846962,-0.10988,-0.479747,-0.806106,-0.077332,-0.165992,-0.646639,-0.102481,-0.062436,-0.79902,-0.219672
G,0.0,0.0,0.0,0.066636,-0.105411,0.018432,0.104334,-0.318121,-0.057949,0.067739,-0.325483,0.111176,0.253463,-0.417603,0.125698,0.019248,-0.573214,0.166937,-0.079913,-0.61183,0.037945,-0.331918,-0.750808,0.079972,-0.382583,-0.764056,0.026062,-0.451033,-0.906929,0.046209,-0.645058,-0.984092,0.021916,-0.589691,-1.0,0.052976,-0.708552,-0.742472,0.028713,-0.83961,-0.977979,0.164934,-0.847925,-0.90356,-0.025337,-0.678644,-0.770098,0.175948,-0.772625,-0.77865,0.001591,-0.548477,-0.776956,0.132275,-0.390234,-0.766256,-0.044028,-0.259211,-0.741222,0.008936,-0.281336,-0.63374,0.138029
G,0.0,0.0,0.0,0.093854,-0.011917,0.182459,0.174575,-0.075578,0.240517,0.106503,-0.240658,0.285449,0.011514,-0.319833,0.161743,0.108021,-0.416421,0.164589,-0.086349,-0.617641,0.307038,-0.095764,-0.588895,0.287993,-0.343318,-0.657243,0.244231,-0.493421,-0.766423,0.212176,-0.571354,-0.868448,-0.020111,-0.736462,-0.991583,0.08107,-0.86012,-0.883837,0.236317,-0.750086,-0.79524,0.245369,-0.769865,-1.0,0.219506,-0.90361,-0.747432,0.075475,-0.697006,-0.71248,0.150749,-0.497124,-0.683708,0.253807,-0.383834,-0.721076,0.218661,-0.29567,-0.676395,0.134342,-0.255589,-0.693881,0.133374
G,0.0,0.0,0.0,0.131338,-0.066182,0.177414,0.288414,-0.296462,0.184973,0.131894,-0.378236,0.120256,0.139968,-0.491541,0.092929,0.042433,-0.505001,0.101621,0.030391,-0.654012,0.097995,-0.102014,-0.775802,0.176698,-0.189505,-0.82485,0.018789,-0.392997,-0.852389,0.153586,-0.612774,-0.8745,0.126643,-0.724649,-0.960002,-0.024833,-0.653041,-0.979631,0.064635,-0.748485,-0.891193,0.114429,-0.691942,-0.913131,0.1606,-0.679299,-0.770477,0.03902,-0.702758,-1.0,-0.021537,-0.409765,-0.792386,0.214527,-0.406028,-0.750674,0.110772,-0.175697,-0.740874,0.027492,0.13798,-0.681521,0.02239
G,0.0,0.0,0.0,0.250328,-0.170429,0.030071,0.110419,-0.150145,0.017627,0.382442,-0.403531,0.135234,0.082437,-0.494285,-0.096365,0.160943,-0.587239,-0.086326,0.056966,-0.56348,-0.004046,-0.094801,-0.547667,-0.019083,-0.160052,-0.746812,-0.130856,-0.317335,-0.863816,-0.065998,-0.462122,-1.0,-0.178474,-0.520617,-0.927514,-0.092521,-0.647452,-0.913195,0.00453,-0.696482,-0.861495,-0.055956,-0.669494,-0.774044,-0.025333,-0.566168,-0.832438,0.084977,-0.539106,-0.79905,0.058655,-0.343707,-0.74712,0.059364,-0.328938,-0.620193,0.053417,-0.15621,-0.72784,0.055883,-0.073723,-0.845023,-0.033579
G,0.0,0.0,0.0,0.003418,-0.152474,0.009559,0.083403,-0.282422,0.110258,0.109233,-0.317065,0.035225,0.164488,-0.435127,0.061874,-0.076149,-0.567862,0.039939,-0.168145,-0.668588,0.001991,-0.223435,-0.845293,-0.016574,-0.375984,-0.794354,0.04489,-0.337208,-0.799018,-0.116527,-0.611622,-0.840673,-0.000586,-0.61531,-0.907707,-0.046741,-0.628125,-0.903028,-0.072676,-0.676168,-1.0,-0.218112,-0.71565,-0.820865,0.062479,-0.810132,-0.860772,0.027848,-0.681793,-0.733383,-0.021522,-0.5218,-0.719425,0.066225,-0.34045,-0.737167,0.053247,-0.273833,-0.716981,-0.021803,-0.265768,-0.688093,0.062285
G,0.0,0.0,0.0,0.080788,-0.156925,0.028859,0.128865,-0.215536,0.19029,0.13201,-0.313874,0.03731,0.047998,-0.442682,0.070565,0.01834,-0.578212,0.138511,-0.042452,-0.655464,0.162273,-0.298637,-0.769162,0.09599,-0.282476,-0.691012,0.211298,-0.510846,-0.829187,-0.006731,-0.712379,-0.84351,0.014299,-0.626326,-1.0,0.125592,-0.87658,-0.956465,0.15059,-0.885155,-0.924107,0.068942,-0.683207,-0.911304,0.158243,-0.786962,-0.816256,0.119804,-0.696851,-0.769118,0.102868,-0.475679,-0.673716,0.208647,-0.416098,-0.972231,0.175455,-0.305893,-0.737542,-0.03029,-0.09641,-0.824661,0.104676
G,0.0,0.0,0.0,-0.036256,-0.010593,-0.177282,0.163146,-0.095017,-0.017701,0.063721,-0.389558,-0.078478,0.153497,-0.381792,-0.175652,-0.096914,-0.403794,-0.028262,-0.213021,-0.74908,-0.139905,-0.395447,-0.713586,0.081117,-0.522168,-0.794376,-0.0301,-0.482687,-0.852763,-0.157501,-0.770039,-0.905265,-0.125462,-0.700338,-0.957868,-0.147404,-0.940623,-0.897268,-0.04844,-0.849671,-1.0,-0.074605,-0.944659,-0.804746,-0.07716,-0.958995,-0.873109,-0.013674,-0.726527,-0.862161,-0.094418,-0.702464,-0.818801,-0.125521,-0.404156,-0.83003,-0.06674,-0.328163,-0.662568,-0.01386,-0.134161,-0.702671,-0.207892
G,0.0,0.0,0.0,0.200153,0.04379,0.047097,0.193388,-0.141846,-0.020446,0.24274,-0.311173,0.090364,0.242824,-0.387029,-0.084386,0.218941,-0.593813,0.00659,0.087329,-0.654944,-0.029606,-0.080765,-0.722711,-0.081976,-0.248956,-0.792243,-0.099639,-0.507064,-0.882152,-0.093928,-0.549336,-0.833639,-0.062551,-0.750844,-0.955713,-0.128686,-0.758559,-0.949091,-0.026951,-0.7806,-0.834292,-0.032207,-0.856831,-0.956859,0.022456,-0.867183,-1.0,-0.013258,-0.549432,-0.736328,-0.030001,-0.408881,-0.805499,-0.152646,-0.34805,-0.833344,0.036263,-0.189755,-0.868219,-0.196646,-0.036303,-0.958219,-0.137744
G,0.0,0.0,0.0,0.17342,-0.093421,-0.079773,0.215533,-0.118978,-0.149721,0.138419,-0.300967,0.059295,0.168201,-0.372951,-0.022791,-0.058201,-0.520769,0.075026,-0.056899,-0.490488,-0.054161,-0.089657,-0.8196,-0.112655,-0.211168,-0.661003,-0.011384,-0.49275,-0.842842,-0.211582,-0.716657,-0.77811,-0.086824,-0.745386,-0.826777,-0.103897,-0.739553,-0.797977,-0.17962,-0.830218,-1.0,-0.058401,-0.794245,-0.950139,-0.080371,-0.788796,-0.795643,-0.055171,-0.791425,-0.784289,-0.163011,-0.592661,-0.781166,-0.050578,-0.475839,-0.837484,-0.088645,-0.205902,-0.594682,0.112408,-0.000934,-0.785043,-0.140066
G,0.0,0.0,0.0,0.309129,-0.187378,-0.041193,0.305418,-0.261279,0.072427,0.268737,-0.287684,0.06354,0.228277,-0.527489,0.000206,0.117043,-0.746929,0.146658,-0.017395,-0.668934,-0.137348,-0.295039,-0.815234,0.044196,-0.519327,-0.797773,-0.076909,-0.519172,-0.908855,-0.035037,-0.705299,-0.923134,-0.254635,-0.801224,-0.98941,-0.072894,-1.0,-0.945261,-0.127183,-0.887514,-0.98758,0.007221,-0.77219,-0.982566,0.065489,-0.820108,-0.8939,0.162773,-0.705707,-0.842939,0.170777,-0.471149,-0.906073,0.124916,-0.413925,-0.746879,0.064478,-0.252465,-0.783683,0.011822,-0.098429,-0.826504,-0.056348
G,0.0,0.0,0.0,-0.064394,-0.047635,0.010444,-0.101386,-0.337685,-0.048093,-0.073747,-0.428164,0.197181,-0.007012,-0.475288,-0.023048,-0.083331,-0.687051,0.044136,-0.017488,-0.603507,0.034496,-0.24924,-0.78302,-0.034107,-0.313092,-0.905421,-0.019384,-0.56125,-0.9484,0.04681,-0.737501,-0.867355,0.042763,-0.838624,-0.810827,-0.040704,-0.790081,-0.858325,0.165685,-0.913349,-1.0,0.212652,-0.943279,-0.981658,0.060647,-0.942089,-0.850762,0.042299,-0.801317,-0.784261,0.138635,-0.661099,-0.812569,0.08283,-0.559284,-0.797884,0.100938,-0.393342,-0.746439,-0.0237,-0.293202,-0.82768,-0.025342
G,0.0,0.0,0.0,0.027069,-0.180539,0.054041,-0.066585,-0.178268,0.018604,0.058944,-0.43755,0.192769,0.007474,-0.486035,0.120237,-0.013194,-0.583454,0.109587,-0.181847,-0.808818,0.003626,-0.215431,-0.800751,0.015077,-0.524204,-0.987266,-0.007729,-0.489764,-0.956613,0.067452,-0.73782,-0.905463,0.009797,-0.894807,-1.0,0.192283,-0.734008,-0.947899,0.059572,-0.883889,-0.952673,0.091199,-0.864124,-0.940489,0.091205,-0.93992,-0.963374,0.191717,-0.759863,-0.870772,0.109942,-0.72056,-0.879545,0.043091,-0.58407,-0.738642,0.071186,-0.411813,-0.686976,0.143626,-0.243738,-0.772612,0.039012
G,0.0,0.0,0.0,0.150888,-0.050344,0.117847,0.158152,-0.193793,-0.021313,0.248675,-0.328125,0.101846,0.162189,-0.289672,-0.000667,0.19033,-0.63624,0.092326,0.056665,-0.653166,-0.006358,-0.104769,-0.726343,0.145471,-0.32398,-0.864902,0.010443,-0.418793,-0.888926,0.060161,-0.745776,-0.968517,-0.154867,-0.727605,-0.761555,0.036963,-0.636166,-0.958949,0.069733,-0.878549,-0.864743,-0.02772,-0.774755,-0.885318,0.080709,-0.676609,-1.0,0.077562,-0.521154,-0.903293,0.173306,-0.544203,-0.829194,0.181066,-0.392878,-0.720714,0.196254,-0.184048,-0.822785,-0.03803,0.040306,-0.677391,0.110051
G,0.0,0.0,0.0,0.024666,-0.079296,0.14084,0.066062,-0.327742,0.043675,0.219199,-0.434792,0.063892,0.082411,-0.406374,-0.012841,0.11508,-0.566791,-0.036536,-0.030819,-0.786106,-0.029986,-0.129899,-0.857087,-0.194778,-0.450951,-0.706692,-0.035589,-0.454112,-0.788452,-0.068672,-0.517652,-0.89206,-0.072573,-0.614422,-0.860731,-0.040996,-0.735978,-0.94613,-0.172197,-0.714359,-1.0,0.057762,-0.732592,-0.887791,0.082399,-0.744921,-0.842431,0.064135,-0.610581,-0.90412,0.089691,-0.43856,-0.799822,-0.037115,-0.399551,-0.786198,0.070685,-0.34187,-0.80411,-0.028476,-0.108177,-0.850094,-0.036142
G,0.0,0.0,0.0,0.086959,0.029748,-0.042073,0.208507,-0.207489,0.00397,0.243244,-0.240705,0.029179,0.158195,-0.521631,0.187918,0.163093,-0.458105,-0.099221,-0.073342,-0.664385,-0.155162,-0.089789,-0.60833,0.17637,-0.429632,-0.816898,0.087056,-0.524904,-0.947614,-0.212203,-0.552703,-0.946819,-0.108908,-0.753886,-0.958899,-0.013919,-0.884967,-0.834481,-0.017121,-0.759291,-0.919927,0.054295,-0.904635,-0.85921,0.057713,-0.918693,-1.0,0.101352,-0.813099,-0.880143,0.161333,-0.566233,-0.901164,0.182338,-0.384177,-0.711753,-0.170195,-0.235672,-0.704942,0.159335,-0.236181,-0.664081,0.127945
G,0.0,0.0,0.0,0.218096,-0.163981,0.026425,0.250742,-0.244076,0.054435,0.443164,-0.293706,0.010521,0.243077,-0.519021,0.080079,0.202334,-0.461436,-0.043286,0.063268,-0.615289,-0.045766,-0.104743,-0.59782,-0.110559,-0.082764,-0.745667,-0.177494,-0.368358,-0.890089,-0.15817,-0.290296,-0.923137,-0.024712,-0.486708,-0.91123,-0.076906,-0.504286,-1.0,0.070548,-0.728122,-0.870474,-0.14262,-0.645922,-0.902427,-0.052393,-0.585756,-0.985957,-0.076948,-0.447614,-0.846549,-0.052098,-0.269446,-0.908736,-0.036265,-0.27322,-0.742527,-0.023556,-0.102122,-0.909283,0.015139,0.024715,-0.754441,-0.128863
G,0.0,0.0,0.0,0.07341,-0.085464,0.189898,0.174807,-0.195137,0.192165,0.226369,-0.365425,0.200275,0.21897,-0.327933,0.150222,0.108952,-0.666054,0.146634,0.156642,-0.602078,0.092217,-0.088365,-0.843241,0.04093,-0.208919,-0.855841,0.017889,-0.314657,-0.880797,-0.02836,-0.612788,-0.952642,-0.028996,-0.695469,-0.855201,0.086394,-0.650176,-0.953424,0.032245,-0.633583,-0.941803,0.080496,-0.696688,-1.0,0.124396,-0.624569,-0.918159,0.168975,-0.53288,-0.841727,0.233359,-0.378607,-0.761247,0.09969,-0.331139,-0.756719,0.189105,-0.21232,-0.74207,0.054775,-0.005973,-0.78039,0.003414
G,0.0,0.0,0.0,0.246322,-0.302501,0.053099,-0.011443,-0.295587,0.059787,0.211011,-0.434123,0.091448,0.101356,-0.484208,-0.004247,0.007067,-0.463224,0.013737,0.062088,-0.578003,-0.067816,-0.034355,-0.684915,-0.091647,-0.197825,-0.842059,0.058304,-0.290946,-0.830595,0.028258,-0.547237,-0.906842,-0.066063,-0.395009,-0.946165,-0.147285,-0.685459,-0.827733,-0.060868,-0.63246,-0.829927,-0.014184,-0.602385,-0.827577,-0.01396,-0.584085,-0.822499,0.078412,-0.551317,-1.0,0.068608,-0.347522,-0.771538,0.035368,-0.329484,-0.729825,0.056881,-0.173574,-0.589345,-0.113609,-0.054828,-0.813327,0.021115
G,0.0,0.0,0.0,0.271069,-0.041313,0.030928,0.295418,-0.12857,0.235622,0.388499,-0.261643,0.298573,0.337483,-0.44674,0.129806,0.261046,-0.546232,-0.004031,0.101282,-0.63346,0.195911,0.011042,-0.762182,0.074775,-0.106133,-0.916655,-0.076796,-0.384768,-0.857843,-0.002668,-0.562372,-0.93802,0.037225,-0.557299,-0.979102,0.234204,-0.568827,-0.825617,0.096244,-0.603728,-0.960142,-0.005784,-0.818923,-1.0,0.103774,-0.686414,-0.859501,0.107459,-0.598948,-0.68459,0.166627,-0.392188,-0.784242,-0.043032,-0.477339,-0.583237,0.031956,-0.204459,-0.724421,0.101193,0.069987,-0.580278,0.159711
G,0.0,0.0,0.0,0.137923,-0.240722,-0.074412,0.198831,-0.328845,0.135491,0.19361,-0.33974,0.175097,0.076907,-0.52168,0.08355,0.142919,-0.490034,0.119822,0.027835,-0.645388,0.059227,-0.210656,-0.765193,0.030472,-0.204304,-0.894211,-0.100095,-0.391891,-0.737703,-0.077123,-0.413036,-0.805641,-0.012516,-0.652012,-0.907267,0.010183,-0.735724,-1.0,0.048881,-0.63596,-0.967239,0.033132,-0.646867,-0.936612,0.036521,-0.703001,-0.953264,0.268296,-0.577063,-0.764023,0.198053,-0.463114,-0.806075,0.072664,-0.43721,-0.920694,0.050907,-0.211972,-0.648293,0.007413,0.095076,-0.816212,0.144224
G,0.0,0.0,0.0,0.095332,-0.005493,0.05012,0.080587,-0.251575,0.199839,0.183857,-0.230365,0.108937,0.09402,-0.415211,0.161676,0.004631,-0.449357,0.094111,-0.25888,-0.584123,-0.050553,-0.138789,-0.670385,0.046799,-0.301019,-0.729385,-0.034352,-0.421446,-0.782369,0.124882,-0.691714,-0.87962,-0.078878,-0.788399,-0.906391,0.011147,-0.698721,-0.965899,0.015269,-0.801943,-0.996523,-0.005779,-0.725141,-0.953063,0.158264,-0.713578,-1.0,0.122439,-0.633555,-0.819573,0.074305,-0.628257,-0.718104,0.068366,-0.490162,-0.757432,0.001997,-0.354652,-0.801161,-0.015083,-0.217366,-0.705507,0.004355
G,0.0,0.0,0.0,0.008123,0.130483,0.221353,0.335786,-0.116746,0.215369,-0.113466,-0.230656,0.218019,0.005005,-0.403657,0.192763,-0.053394,-0.332044,0.149756,-0.139592,-0.660914,0.224901,-0.2833,-0.751014,-0.036138,-0.436934,-0.838554,0.103298,-0.720497,-0.754274,0.170748,-0.641074,-0.825676,0.148874,-0.983785,-0.791942,0.03106,-0.990911,-0.897741,0.199831,-0.956185,-0.984166,0.108598,-0.776283,-0.929991,0.171013,-1.0,-0.87303,0.217342,-0.840233,-0.824037,0.355579,-0.75767,-0.816459,0.136606,-0.526668,-0.837732,0.126303,-0.516831,-0.758333,0.182603,-0.074763,-0.718358,0.081151
G,0.0,0.0,0.0,0.372779,0.025772,0.085086,0.194784,-0.182445,0.101892,0.401115,-0.231715,0.039638,0.452843,-0.445617,0.107007,0.292916,-0.432467,0.100841,-0.033789,-0.658482,0.040121,-0.069922,-0.659115,0.077978,-0.228641,-0.846031,0.093782,-0.273327,-0.83602,0.042226,-0.516472,-0.773645,-0.016678,-0.518143,-0.857993,0.074247,-0.618488,-1.0,0.1381,-0.72122,-0.970164,0.158918,-0.723754,-0.884276,0.215934,-0.739933,-0.815069,0.147108,-0.646958,-0.759451,0.143412,-0.590249,-0.917277,0.217168,-0.419425,-0.711674,0.135168,-0.190806,-0.549569,0.120054,0.054052,-0.682502,0.06086
G,0.0,0.0,0.0,0.226099,-0.174072,-0.118841,0.106766,-0.369792,0.014618,0.109142,-0.603842,0.142654,0.083207,-0.529339,0.082193,-0.026691,-0.506907,-0.092874,-0.130945,-0.559574,-0.005481,-0.089877,-0.73821,-0.05054,-0.374905,-0.826559,-0.177675,-0.518206,-0.860061,-0.038599,-0.567422,-0.94297,-0.201631,-0.638578,-0.895478,-0.05263,-0.668426,-1.0,-0.136501,-0.681919,-0.890193,-0.080325,-0.760751,-0.845924,-0.074031,-0.62983,-0.912271,-0.110563,-0.486007,-0.863314,-0.084239,-0.590913,-0.93352,-0.068645,-0.227275,-0.857092,0.044023,-0.240689,-0.88172,-0.114766,-0.195105,-0.852073,-0.165115
G,0.0,0.0,0.0,0.169826,-0.175354,-0.052522,0.080897,-0.076787,0.035479,0.239882,-0.520036,-0.076072,0.371017,-0.379305,0.078095,0.112789,-0.477113,0.043095,0.142646,-0.643848,-0.114614,-0.104991,-0.793052,0.015006,-0.247353,-0.838563,-0.060523,-0.224723,-0.832854,-0.128847,-0.297954,-1.0,0.019824,-0.53597,-0.928226,-0.029957,-0.550624,-0.898385,0.000408,-0.540313,-0.905524,-0.094306,-0.568232,-0.959206,-0.063971,-0.560993,-0.880343,0.043946,-0.385536,-0.771114,0.052294,-0.315628,-0.826373,0.07421,-0.192573,-0.81119,0.15461,-0.133871,-0.687399,-0.113382,0.087566,-0.682308,-0.172874
G,0.0,0.0,0.0,0.106167,-0.131669,-0.077343,0.306448,-0.277483,0.052331,0.09685,-0.512837,-0.040871,0.00968,-0.370002,-0.02147,0.011978,-0.632704,0.015971,-0.102407,-0.577313,0.010219,-0.215008,-0.673932,-0.034236,-0.307295,-0.917432,-0.05883,-0.421942,-0.767605,-0.119338,-0.402632,-0.86483,-0.175199,-0.736006,-0.823624,0.040668,-0.742875,-0.923931,-0.117593,-0.679021,-1.0,0.053743,-0.668125,-0.90385,0.083233,-0.582534,-0.859942,0.011749,-0.639097,-0.902938,-0.029501,-0.48817,-0.828647,0.042468,-0.499431,-0.79635,0.076542,-0.333971,-0.769709,-0.15915,-0.215545,-0.704571,-0.066605
G,0.0,0.0,0.0,-0.124365,-0.147676,-0.070444,-0.070906,-0.168462,0.062859,0.049213,-0.380784,0.030965,-0.14747,-0.32841,-0.092145,-0.155526,-0.518966,0.00348,-0.177291,-0.704112,0.050513,-0.417187,-0.81658,-0.062638,-0.521026,-0.690556,-0.159503,-0.450123,-0.760469,0.006836,-0.549926,-0.869601,-0.156658,-0.796867,-0.939376,-0.122873,-0.848214,-0.927041,-0.106547,-0.9093,-0.856198,0.040959,-1.0,-0.899115,-0.019104,-0.920828,-0.858335,0.014888,-0.712443,-0.812569,-0.057987,-0.49121,-0.726436,0.038101,-0.434717,-0.742433,0.074077,-0.367463,-0.741813,0.004216,-0.125592,-0.624801,-0.020306
G,0.0,0.0,0.0,0.141306,-0.152414,0.045121,0.124494,-0.184238,0.065834,0.166095,-0.266136,-0.053653,0.192684,-0.384276,-0.02079,0.099909,-0.349062,-0.1271,-0.132108,-0.435415,-0.033603,-0.180199,-0.718524,0.000255,-0.13892,-0.827874,-0.111038,-0.482519,-0.782957,-0.026711,-0.462789,-0.819009,0.066701,-0.71859,-0.955197,0.003052,-0.737053,-1.0,-0.105386,-0.758932,-0.940176,-0.133191,-0.783662,-0.951109,0.004292,-0.860301,-0.841942,0.008576,-0.645978,-0.739722,-0.124054,-0.580129,-0.810895,0.016144,-0.387423,-0.608227,-0.109492,-0.369261,-0.615575,-0.175852,-0.093213,-0.806705,-0.242347
G,0.0,0.0,0.0,0.14855,-0.092598,0.017268,0.142767,-0.128494,0.165838,0.152791,-0.306493,0.080209,0.221692,-0.357434,0.132142,0.098234,-0.60021,0.016857,-0.036796,-0.627576,0.164062,-0.06233,-0.689329,0.151648,-0.318735,-0.695521,-0.002881,-0.295792,-0.824103,-0.095942,-0.448252,-0.804465,0.011469,-0.620374,-0.892674,-0.07913,-0.824342,-0.797599,0.015425,-0.562913,-0.78535,0.202151,-0.72809,-0.972997,0.037721,-0.668178,-1.0,0.092147,-0.571792,-0.895726,0.055294,-0.467095,-0.752109,0.057394,-0.30855,-0.741995,0.105537,-0.244681,-0.826279,0.198544,-0.032302,-0.658289,0.05519
G,0.0,0.0,0.0,0.018834,-0.190108,0.128201,0.091733,-0.205582,0.186379,0.278815,-0.149975,0.091224,0.154845,-0.437162,0.182315,-0.008065,-0.625031,0.18692,-0.100105,-0.642638,0.127985,-0.144469,-0.816485,0.13531,-0.363106,-0.806414,0.206148,-0.417251,-0.85279,0.155766,-0.673675,-0.787295,0.01372,-0.605331,-0.884876,0.037516,-0.668449,-0.910468,0.270941,-0.764218,-0.948476,0.110999,-0.903113,-0.944244,0.150306,-0.699491,-1.0,0.166526,-0.58781,-0.807079,0.045275,-0.460877,-0.844923,0.163993,-0.559404,-0.684204,0.173176,-0.353264,-0.750375,0.162731,-0.006538,-0.795756,0.11499
G,0.0,0.0,0.0,0.06529,-0.128775,-0.009838,0.28692,-0.083162,0.058991,0.093228,-0.290158,0.063747,0.243666,-0.466506,0.130711,0.108351,-0.555284,0.096334,0.06831,-0.592785,0.06679,-0.167399,-0.600224,0.110893,-0.262513,-0.755351,0.118882,-0.439964,-0.758125,-0.026612,-0.35612,-0.832551,0.099571,-0.626814,-0.944114,0.007463,-0.622143,-0.899202,0.094237,-0.685002,-1.0,0.101377,-0.723309,-0.863178,0.189364,-0.494608,-0.85212,0.134241,-0.575667,-0.802644,0.054872,-0.550788,-0.746939,0.108267,-0.355491,-0.653304,0.041701,-0.224409,-0.674667,-0.055568,0.005325,-0.732456,0.098759
G,0.0,0.0,0.0,-0.097988,-0.23933,0.161748,0.036131,-0.275738,0.088072,0.137957,-0.27825,0.13687,0.077955,-0.426757,0.122882,-0.018404,-0.542093,0.141653,-0.106431,-0.70189,0.104377,-0.236611,-0.678017,0.035682,-0.329928,-0.798888,0.07763,-0.557782,-0.878842,0.058656,-0.672496,-0.728808,0.056905,-0.747803,-0.852423,-0.00801,-0.75205,-0.853219,0.138109,-0.883751,-1.0,0.024561,-0.86359,-0.769554,0.249621,-0.769451,-0.863301,0.076569,-0.65046,-0.672787,0.234908,-0.515607,-0.719464,0.156549,-0.472171,-0.828596,0.076599,-0.301438,-0.862614,0.044704,-0.261942,-0.675796,-0.005679
G,0.0,0.0,0.0,-0.069304,-0.002219,-0.214625,0.090011,-0.13581,-0.06804,0.166458,-0.258051,-0.134685,0.102113,-0.387625,-0.069507,0.035105,-0.446037,-0.094196,-0.054771,-0.647668,-0.21351,-0.197747,-0.612264,-0.114431,-0.432232,-0.726835,-0.200499,-0.458837,-0.889543,-0.154623,-0.70289,-0.944809,-0.31363,-0.732656,-0.898417,-0.134361,-0.832078,-0.999978,-0.067208,-0.808898,-0.993113,-0.077599,-0.808977,-0.944504,-0.123602,-0.782167,-1.0,-0.175009,-0.8134,-0.988068,0.0088,-0.768843,-0.774249,-0.023915,-0.479282,-0.828068,-0.09228,-0.298991,-0.667788,-0.356124,-0.226613,-0.697094,-0.157283
G,0.0,0.0,0.0,0.010395,0.062527,0.143089,0.120692,-0.197586,0.087103,0.15775,-0.275476,0.000493,0.199813,-0.392259,0.197413,0.018182,-0.529636,0.137538,-0.07129,-0.59707,-0.071019,-0.166419,-0.727276,-0.038676,-0.383878,-0.730886,-0.136137,-0.498075,-0.747422,-0.12511,-0.593371,-0.903681,-0.063089,-0.586502,-1.0,0.03338,-0.810968,-0.924682,-0.083664,-0.753385,-0.892377,-0.003523,-0.791692,-0.871578,-0.105743,-0.787193,-0.766946,-0.057083,-0.747231,-0.831835,0.001995,-0.558677,-0.849278,0.01787,-0.430808,-0.696134,0.11895,-0.310604,-0.587838,-0.006985,-0.101388,-0.578121,-0.004793
H,0.0,0.0,0.0,0.158954,0.046772,-0.02341,0.240282,-0.271976,0.062374,0.270169,-0.289601,0.075912,0.12052,-0.396824,0.217028,0.019469,-0.379211,0.164233,0.078008,-0.593231,0.140618,-0.232814,-0.747883,0.087049,-0.275003,-0.775111,-0.17767,-0.465847,-0.90172,0.037144,-0.566863,-0.89272,0.19956,-0.56668,-0.781,0.178341,-0.641223,-0.917411,-0.033888,-0.645323,-1.0,0.050229,-0.855412,-0.813419,0.14102,-0.605979,-0.719684,0.237702,-0.538691,-0.546478,0.108427,-0.33252,-0.773056,0.205181,-0.187629,-0.59273,0.069425,-0.220772,-0.655282,-0.085104,-0.023076,-0.675631,0.199081
H,0.0,0.0,0.0,-0.049659,-0.102081,0.035855,0.018168,-0.306244,0.00827,0.094168,-0.360247,-0.028065,0.065506,-0.393221,0.057965,-0.084306,-0.493746,0.018987,-0.247419,-0.555587,0.038873,-0.300376,-0.839661,-0.069396,-0.279441,-0.902754,-0.050932,-0.575398,-0.812654,-0.157504,-0.683054,-1.0,-0.033799,-0.841203,-0.952054,0.035187,-0.867315,-0.847975,0.030438,-0.768097,-0.962917,0.085987,-0.838395,-0.874005,-0.052032,-0.726076,-0.884494,0.089884,-0.522795,-0.704491,0.159639,-0.59953,-0.690107,-0.044833,-0.420792,-0.590347,-0.022122,-0.174267,-0.632463,0.084009,-0.225649,-0.670345,-0.033392
H,0.0,0.0,0.0,0.013073,-0.136654,-0.081095,-0.118686,-0.146401,0.060156,0.049597,-0.191868,-0.066683,0.077542,-0.329025,0.01992,-0.030721,-0.527497,0.019969,-0.201553,-0.595413,0.031703,-0.346446,-0.649572,-0.061162,-0.501192,-0.648917,-0.066155,-0.604205,-0.716004,-0.235334,-0.954027,-0.707695,-0.103234,-0.924928,-0.728159,-0.069324,-1.0,-0.897923,-0.014664,-0.971767,-0.857071,-0.098256,-0.769322,-0.788244,-0.054501,-0.85874,-0.749972,-0.073759,-0.765641,-0.781209,0.155376,-0.624305,-0.697845,0.020463,-0.433461,-0.631542,0.171099,-0.255828,-0.590685,-0.114957,-0.219392,-0.591549,-0.130173
H,0.0,0.0,0.0,-0.062909,0.033424,0.009882,-0.117623,-0.044037,0.053837,-0.066334,-0.289215,0.223017,-0.080193,-0.348618,0.056822,-0.205175,-0.496969,-0.02171,-0.152989,-0.526988,0.240295,-0.409321,-0.679862,0.146191,-0.416746,-0.652771,-0.071118,-0.500706,-0.736346,-0.030291,-0.664772,-0.764524,-0.084473,-0.839262,-0.836187,-0.210707,-0.964937,-0.816305,-0.051912,-0.872081,-0.820813,0.093636,-0.982027,-0.670184,-0.017126,-1.0,-0.615059,0.027533,-0.594275,-0.632859,0.153238,-0.523939,-0.636447,0.094402,-0.368805,-0.612818,0.01248,-0.281876,-0.766085,0.14305,-0.097176,-0.518129,0.109132
H,0.0,0.0,0.0,0.228788,-0.132553,0.150152,0.149518,-0.311994,0.000874,0.125806,-0.355673,0.141675,0.163026,-0.415588,0.205364,0.025414,-0.568419,0.04835,-0.108934,-0.636231,0.179379,-0.283496,-0.753712,0.062731,-0.495076,-0.684442,0.152329,-0.663951,-0.789023,-0.098512,-0.614952,-0.943765,0.079545,-0.947659,-1.0,0.101007,-0.909682,-0.970232,0.196881,-0.693222,-0.812261,0.021867,-0.701795,-0.98691,0.107303,-0.769312,-0.674151,0.219187,-0.70507,-0.869674,0.228958,-0.578076,-0.743899,0.028832,-0.342072,-0.696604,0.019729,-0.155824,-0.676937,0.154452,-0.131653,-0.707239,0.076556
H,0.0,0.0,0.0,0.180589,-0.211654,0.002307,0.230872,-0.239698,-0.017912,0.170873,-0.411433,-0.081865,0.143475,-0.49777,0.023178,0.100016,-0.475327,0.088514,-0.132885,-0.653648,-0.068364,-0.272187,-0.711419,-0.257046,-0.401297,-0.937386,-0.217136,-0.504535,-0.895492,-0.094352,-0.709569,-0.824552,-0.168966,-0.948399,-0.911558,-0.311843,-0.968857,-1.0,-0.196707,-0.913171,-0.997548,-0.203898,-0.717367,-0.942035,-0.248151,-0.800806,-0.945154,-0.125435,-0.608074,-0.855495,-0.144433,-0.496251,-0.69401,-0.017786,-0.582113,-0.851143,-0.076739,-0.254208,-0.773187,-0.184397,-0.209854,-0.584963,-0.12658
H,0.0,0.0,0.0,0.025107,-0.193239,-0.101613,0.102093,-0.198886,0.114234,0.126458,-0.394405,0.137746,0.08079,-0.388379,0.223279,0.095772,-0.498127,0.071939,-0.101954,-0.701018,-0.042538,-0.276437,-0.810088,0.026361,-0.4684,-0.881122,-0.039759,-0.52155,-0.858592,-0.045985,-0.728165,-0.862554,-0.078677,-0.8253,-1.0,-0.103642,-0.968491,-0.876677,-0.004895,-0.942747,-0.843602,0.037623,-0.927834,-0.956531,-0.036694,-0.952695,-0.828934,-0.025962,-0.768215,-0.81549,0.130198,-0.520499,-0.777067,0.138434,-0.609596,-0.595892,0.072812,-0.289635,-0.804548,-0.042813,-0.110954,-0.681922,0.022723
H,0.0,0.0,0.0,0.232382,-0.031307,0.146583,0.211169,-0.159067,0.092546,0.316479,-0.415919,-0.063755,0.119701,-0.130904,0.010318,0.036378,-0.491542,0.106825,-0.07456,-0.556092,-0.120247,-0.323495,-0.6562,-0.037295,-0.541845,-0.967403,-0.136715,-0.592067,-0.862866,-0.104926,-0.703487,-0.985837,0.039687,-0.61661,-1.0,-0.01444,-0.885508,-0.949799,0.026195,-0.898158,-0.98864,0.11607,-0.892283,-0.95069,0.24573,-0.841413,-0.853858,0.052359,-0.720834,-0.795744,-0.038991,-0.50114,-0.962392,-0.091894,-0.217898,-0.886697,-0.17539,-0.328904,-0.593237,-0.188002,-0.145268,-0.888977,-0.074806
H,0.0,0.0,0.0,0.022673,-0.080109,-0.109233,0.087795,-0.150928,-0.155166,0.20509,-0.332548,-0.294472,0.235163,-0.264931,-0.131358,-0.060547,-0.437646,0.03662,-0.12895,-0.703941,-0.165733,-0.421623,-0.807414,-0.032327,-0.453926,-0.953685,-0.164352,-0.660791,-0.925463,-0.335076,-0.836385,-0.89155,-0.209838,-0.923055,-0.96472,-0.260481,-0.991537,-0.869979,-0.111923,-0.942636,-0.944437,-0.155171,-0.86649,-1.0,-0.05229,-0.800584,-0.915301,-0.157644,-0.638621,-0.866187,-0.1737,-0.600522,-0.747464,-0.266167,-0.433301,-0.692021,-0.158462,-0.210478,-0.674535,-0.090656,-0.120939,-0.78383,-0.115824
H,0.0,0.0,0.0,0.026598,0.014163,0.109832,0.098717,-0.28145,0.02355,0.024318,-0.198983,0.033869,0.092289,-0.462885,0.010125,-0.051884,-0.402772,0.016684,-0.402546,-0.741117,0.033992,-0.454298,-0.770695,-0.011855,-0.673892,-0.801316,-0.122473,-0.740201,-0.884913,-0.125747,-0.710802,-0.763333,-0.070364,-0.888026,-0.903134,-0.115619,-1.0,-0.997411,-0.112141,-0.791007,-0.908922,-0.212872,-0.936213,-0.953424,0.040481,-0.827446,-0.794622,0.046312,-0.750612,-0.877861,0.04617,-0.515439,-0.593872,0.024321,-0.46235,-0.670904,0.139488,-0.346433,-0.642223,-0.0631,-0.151055,-0.620847,-0.121937
H,0.0,0.0,0.0,0.178707,-0.095569,-0.045605,0.294551,-0.240501,-0.218167,0.119219,-0.381728,0.055654,0.066145,-0.37177,0.035385,-0.047718,-0.552117,-0.070573,-0.069006,-0.682874,-0.031451,-0.222577,-0.714217,0.084296,-0.358098,-0.898973,-0.005086,-0.388577,-0.947754,-0.133705,-0.538405,-0.803707,-0.08462,-0.652475,-0.918859,-0.239736,-0.563998,-0.920125,-0.0426,-0.732211,-0.777587,-0.025438,-0.686926,-1.0,-0.072045,-0.585715,-0.743625,-0.06807,-0.65537,-0.750079,-0.201429,-0.511136,-0.608775,0.092092,-0.270412,-0.687557,-0.160109,-0.226846,-0.716942,-0.095878,-0.081101,-0.606472,-0.103884
H,0.0,0.0,0.0,0.037814,-0.201227,0.129909,0.111193,-0.27106,0.093736,0.054639,-0.308239,0.124814,0.134673,-0.538477,0.09681,-0.006835,-0.566109,0.186506,-0.13136,-0.593176,0.137808,-0.236311,-0.796619,0.143261,-0.43289,-0.7931,0.065334,-0.512583,-0.868273,-0.000992,-0.732052,-0.7682,0.024041,-0.712879,-0.895255,0.151826,-0.617319,-0.872863,0.07963,-0.85697,-0.976362,-0.016108,-0.808049,-1.0,0.212934,-0.655265,-0.83551,0.228027,-0.668149,-0.845269,0.007615,-0.412241,-0.81499,0.141586,-0.261193,-0.632137,0.120627,-0.170585,-0.785559,0.223691,-0.085614,-0.713625,0.049235
H,0.0,0.0,0.0,0.012729,-0.126259,0.034941,0.049938,-0.284401,-0.091367,0.031786,-0.251709,0.112092,-0.156476,-0.423837,0.022168,-0.083343,-0.452016,0.02005,-0.290298,-0.695952,-0.026888,-0.273984,-0.690207,-0.190917,-0.565326,-0.715123,-0.118112,-0.6133,-0.736394,-0.192111,-0.771562,-0.886725,-0.074995,-0.77453,-0.972931,-0.090114,-0.823743,-1.0,-0.074629,-0.995575,-0.89531,-0.233712,-0.775467,-0.849779,-0.086388,-0.79011,-0.870569,-0.097912,-0.603506,-0.625328,-0.054829,-0.513387,-0.703588,-0.125062,-0.525344,-0.590755,-0.144052,-0.147311,-0.735817,0.057684,-0.212641,-0.633583,0.021948
H,0.0,0.0,0.0,-0.035597,-0.155409,0.109161,-0.053763,-0.076854,0.063575,-0.129455,-0.163803,0.130105,-0.037603,-0.299137,0.179599,-0.184889,-0.52628,0.009262,-0.356446,-0.543167,0.104586,-0.319869,-0.572735,0.110437,-0.457729,-0.904332,0.006051,-0.591167,-0.884722,0.026433,-0.750141,-0.792075,0.049007,-0.839848,-0.828022,-0.081814,-0.906128,-0.818966,-0.059963,-0.854881,-0.784676,-0.030373,-1.0,-0.845152,0.054979,-0.84532,-0.845495,0.201059,-0.683411,-0.686737,0.11883,-0.562849,-0.725143,0.049405,-0.399616,-0.653978,0.033688,-0.380205,-0.7224,0.221449,-0.213446,-0.652604,0.096832
H,0.0,0.0,0.0,0.310564,-0.205014,0.148745,0.018477,-0.376373,0.064247,0.05054,-0.349943,0.118089,0.084452,-0.50605,0.151613,-0.084181,-0.706309,0.049461,-0.035626,-0.708565,0.121232,-0.135338,-0.733493,-0.076568,-0.303451,-0.877695,0.122117,-0.439444,-0.955758,0.064953,-0.531167,-1.0,-0.025998,-0.69341,-0.858424,0.028304,-0.670286,-0.989106,0.05873,-0.64281,-0.964504,0.06557,-0.820677,-0.970632,0.052307,-0.73115,-0.779805,0.02723,-0.489053,-0.833342,0.096127,-0.309359,-0.989604,0.069641,-0.365279,-0.942501,-0.025183,-0.139404,-0.834306,0.111455,-0.026219,-0.803781,-0.004011
H,0.0,0.0,0.0,0.166262,-0.116771,0.060653,0.162107,-0.151196,0.038234,0.184148,-0.246949,0.130626,0.043236,-0.434192,0.096252,-0.106425,-0.51274,0.167359,-0.057707,-0.638094,0.158359,-0.115238,-0.718445,0.104612,-0.592223,-0.862604,0.037099,-0.635842,-0.654063,0.066249,-0.605474,-0.851207,-0.059381,-0.819794,-0.844431,-0.017991,-0.785478,-0.807373,0.053874,-1.0,-0.713087,0.0611,-0.614631,-0.771411,0.083143,-0.724749,-0.950351,0.194726,-0.45306,-0.921495,0.09344,-0.533822,-0.655251,0.273184,-0.350173,-0.530103,0.101113,-0.198046,-0.659316,0.160023,-0.131854,-0.620695,-0.056874
H,0.0,0.0,0.0,0.079767,0.040289,-0.054054,0.006179,-0.273166,0.116063,0.064127,-0.246849,0.019506,0.16116,-0.413242,0.262958,0.159612,-0.530404,-0.013457,0.138734,-0.693139,-0.00444,-0.255723,-0.693521,-0.165805,-0.368523,-0.843446,0.070914,-0.673283,-0.813387,-0.236241,-0.858609,-0.920753,-0.112284,-0.664657,-0.872041,0.061874,-0.875477,-0.818675,-0.080076,-0.926611,-1.0,0.030978,-0.813454,-0.763154,0.043566,-0.60012,-0.778825,0.120762,-0.683761,-0.83146,0.101147,-0.53096,-0.657663,0.061919,-0.439267,-0.612353,-0.056857,-0.173896,-0.581067,-0.042104,0.00779,-0.652824,0.034359
H,0.0,0.0,0.0,0.247928,-0.243486,0.094121,0.099348,-0.152331,0.268383,0.206473,-0.092769,0.045467,0.028899,-0.460007,0.145925,-0.028056,-0.544863,0.167141,-0.146603,-0.657972,0.076366,-0.203834,-0.584094,0.020049,-0.362574,-0.675246,0.1208,-0.338848,-0.728914,0.064522,-0.508732,-0.809787,0.037147,-0.757505,-0.742785,0.081989,-0.632612,-1.0,0.08253,-0.761323,-0.686486,0.150037,-0.661785,-0.798415,0.154153,-0.682248,-0.746928,0.098504,-0.368301,-0.607468,0.214924,-0.51483,-0.621505,0.145728,-0.198368,-0.637156,0.115406,-0.138091,-0.772758,0.041302,-0.009342,-0.567983,0.036006
H,0.0,0.0,0.0,0.186212,0.084196,-0.064593,0.267377,-0.159079,-0.158427,0.221239,-0.127425,-0.174113,0.033399,-0.190038,-0.041125,0.05275,-0.551187,-0.036774,-0.26457,-0.72837,-0.055277,-0.170488,-0.673048,-0.190905,-0.306871,-0.743653,-0.171428,-0.463435,-0.81381,-0.233734,-0.675078,-0.881098,-0.18903,-0.963488,-0.821078,-0.157194,-0.832105,-0.76242,-0.092868,-0.899972,-0.825995,-0.061371,-1.0,-0.993415,0.009714,-0.772232,-0.76778,0.017288,-0.779731,-0.78009,-0.144575,-0.526666,-0.820711,-0.148189,-0.393049,-0.761032,-0.159757,-0.4484,-0.590405,-0.188247,-0.206155,-0.753612,-0.190257
H,0.0,0.0,0.0,0.151567,-0.219519,0.134867,0.234222,-0.380941,0.313731,0.136888,-0.591614,0.120785,0.201099,-0.534479,0.261764,0.132024,-0.667268,0.16035,-0.03604,-0.577104,0.223514,0.000669,-0.727216,0.148497,-0.336821,-0.834687,0.13076,-0.399149,-0.910247,-0.019688,-0.415671,-0.929135,0.026222,-0.557389,-1.0,0.177038,-0.582536,-0.866666,0.144771,-0.689406,-0.969505,0.126929,-0.63732,-0.917188,0.139181,-0.655568,-0.881264,0.17922,-0.562265,-0.784168,0.337357,-0.297022,-0.865184,0.200186,-0.12654,-0.874843,0.241963,-0.206539,-0.660319,0.134758,0.174135,-0.65731,0.136937
H,0.0,0.0,0.0,0.103412,-0.242281,-0.002695,0.087773,-0.177816,0.131595,0.227687,-0.304954,-0.003824,0.13993,-0.38049,0.012579,0.048482,-0.558788,0.17187,-0.010391,-0.596763,-0.112302,-0.199285,-0.739854,-0.01572,-0.478601,-0.880564,-0.027981,-0.411156,-0.893099,-0.064414,-0.482617,-0.903358,-0.042488,-0.72479,-1.0,0.024114,-0.825084,-0.897086,0.034885,-0.640684,-0.982237,0.091464,-0.697529,-0.904396,0.092293,-0.570135,-0.882596,0.07815,-0.563961,-0.74813,0.121565,-0.454477,-0.718412,-0.018009,-0.31235,-0.770595,-0.061418,-0.220622,-0.698904,0.044119,-0.146814,-0.792615,0.043794
H,0.0,0.0,0.0,0.077279,-0.190219,-0.070462,0.197695,-0.057116,-0.027998,0.111141,-0.31352,-0.05326,0.113492,-0.397942,-0.032901,-0.076815,-0.685451,-0.019318,-0.147839,-0.719557,-0.17809,-0.244575,-0.86329,-0.095154,-0.369033,-0.769484,-0.164936,-0.657346,-0.815441,-0.057522,-0.724732,-0.852848,-0.028503,-0.748037,-0.934258,-0.056759,-0.883459,-1.0,-0.053965,-0.875023,-0.913437,-0.137497,-0.854767,-0.762373,0.052128,-0.622981,-0.755351,-0.023305,-0.764076,-0.81763,0.104012,-0.568426,-0.661998,-0.060144,-0.598525,-0.703157,0.01153,-0.267016,-0.646147,-0.227837,-0.239327,-0.722246,-0.090963
H,0.0,0.0,0.0,-0.009323,-0.095645,-0.027816,0.008969,-0.264651,0.07775,0.045162,-0.428531,0.16311,0.006042,-0.369471,0.046621,-0.224516,-0.527628,0.093561,-0.011601,-0.605373,0.097839,-0.364473,-0.806732,0.112316,-0.493879,-0.787908,0.059512,-0.603955,-0.957292,0.103659,-0.797883,-0.871483,0.137283,-0.695736,-1.0,0.057164,-0.860922,-0.985047,0.133002,-0.888224,-0.846962,0.029974,-0.841689,-0.776254,0.126428,-0.845965,-0.839513,0.146049,-0.708625,-0.709845,0.097235,-0.680639,-0.720171,0.088724,-0.400457,-0.722731,0.15377,-0.396211,-0.699758,0.032666,-0.286314,-0.773205,0.022572
H,0.0,0.0,0.0,-0.00653,-0.045043,0.072372,0.007856,-0.07397,0.165529,0.054716,-0.314755,0.320675,0.046033,-0.296235,0.045305,-0.03421,-0.45581,0.097333,-0.310542,-0.588917,0.120603,-0.248198,-0.532236,0.11422,-0.445171,-0.664594,0.072929,-0.506989,-0.681182,0.125468,-0.683025,-0.775821,0.044387,-0.743777,-0.728838,0.141591,-0.747567,-0.81851,0.176467,-1.0,-0.565574,0.075025,-0.806009,-0.692106,0.138649,-0.735083,-0.669671,0.212377,-0.608724,-0.695852,0.17642,-0.500817,-0.641023,0.171871,-0.42345,-0.598075,0.085857,-0.451242,-0.606542,0.129956,-0.17514,-0.657506,0.127167
H,0.0,0.0,0.0,0.022466,0.07131,-0.230071,0.168316,-0.20041,-0.251027,0.197521,-0.210979,-0.037656,0.098373,-0.177401,-0.117745,0.056083,-0.602174,-0.210326,-0.076242,-0.599609,-0.165964,-0.342247,-0.674852,-0.198344,-0.533992,-0.705922,-0.376539,-0.572107,-0.666014,-0.183702,-0.666545,-0.931626,-0.089105,-0.711643,-0.943995,-0.268426,-0.78713,-0.715998,-0.313447,-1.0,-0.866509,-0.364809,-0.882761,-0.7243,-0.278081,-0.798811,-0.841207,0.001735,-0.745383,-0.623164,-0.187889,-0.488161,-0.697373,-0.158664,-0.464637,-0.664016,-0.205418,-0.296371,-0.549792,-0.146645,-0.034578,-0.71022,-0.234914
H,0.0,0.0,0.0,0.095709,-0.186244,0.032447,0.139979,-0.343402,-0.174577,0.156866,-0.406917,0.032004,0.027359,-0.442737,-0.035044,0.138608,-0.484932,0.083717,-0.111076,-0.591355,-0.035824,-0.135261,-0.744603,-0.175147,-0.548925,-0.677994,-0.049344,-0.491932,-0.742948,-0.22524,-0.685123,-0.909811,-0.038686,-0.806172,-1.0,-0.177829,-0.721937,-0.9635,-0.106122,-0.778717,-0.945423,-0.171562,-0.924159,-0.870474,0.020639,-0.749851,-0.801055,-0.129382,-0.751775,-0.625909,0.093782,-0.444312,-0.82053,-0.029527,-0.361751,-0.642876,0.001439,-0.176895,-0.74394,0.008057,-0.061533,-0.727635,-0.133764
H,0.0,0.0,0.0,0.107129,-0.228334,0.009623,0.040514,-0.094258,0.1058,0.102313,-0.215604,0.110322,0.067153,-0.254231,-0.010255,0.120624,-0.52864,-0.037735,-0.170845,-0.714928,0.080272,-0.435397,-0.591142,-0.09804,-0.384977,-0.788752,-0.014249,-0.669403,-0.817798,-0.038324,-0.885382,-0.970914,-0.096733,-0.931456,-0.793502,-0.034628,-1.0,-0.945777,-0.056184,-0.975964,-0.980514,-0.056218,-0.853267,-0.841142,0.02624,-0.844098,-0.825577,0.03669,-0.682944,-0.744351,-0.080305,-0.594853,-0.880202,0.103299,-0.354404,-0.773645,0.015912,-0.444355,-0.618679,0.061802,-0.007097,-0.57363,-0.134006
H,0.0,0.0,0.0,-0.003004,-0.215515,0.183354,-0.121715,-0.160089,0.132028,0.104101,-0.388899,0.180617,-0.161206,-0.509941,0.201412,-0.05622,-0.690771,0.133556,-0.236087,-0.726266,0.004296,-0.258229,-0.661413,0.234962,-0.53217,-0.74636,0.128346,-0.595444,-0.908552,-0.013986,-0.701678,-0.860515,0.156068,-0.673598,-1.0,0.018322,-0.712456,-0.937988,0.0874,-0.935427,-0.794495,-0.019633,-0.907527,-0.779124,0.264702,-0.753874,-0.826855,0.206842,-0.622514,-0.819335,0.112619,-0.636753,-0.749433,0.131596,-0.431632,-0.812955,0.058931,-0.230101,-0.67025,0.077536,-0.184407,-0.79043,0.144721
H,0.0,0.0,0.0,0.048492,-0.200873,-0.075548,0.18762,-0.268095,-0.017396,0.022267,-0.405645,-0.036107,0.181698,-0.373453,-0.022697,0.060064,-0.528964,0.098102,0.034071,-0.533541,-0.012584,-0.200088,-0.68352,-0.172851,-0.430676,-0.815902,-0.10801,-0.384819,-0.714584,-0.03785,-0.56884,-0.960948,-0.016443,-0.647586,-1.0,-0.002449,-0.870982,-0.979836,0.056804,-0.856677,-0.876459,0.054825,-0.78202,-0.814864,-0.010738,-0.673091,-0.788959,0.024485,-0.639641,-0.716403,0.041085,-0.349475,-0.739967,-0.003121,-0.336855,-0.620914,-0.085396,-0.213618,-0.856767,-0.048479,-0.021673,-0.72928,-0.037356
H,0.0,0.0,0.0,0.043623,-0.010426,-0.031746,0.104816,-0.142795,-0.120567,0.220697,-0.396155,-0.060056,0.100956,-0.308528,-0.022981,0.110983,-0.476167,-0.004291,-0.131699,-0.544128,-0.108247,-0.407267,-0.746475,-0.064387,-0.559475,-0.882041,-0.233627,-0.508349,-0.716188,-0.156516,-0.669354,-0.855342,-0.001486,-0.879916,-0.93596,-0.153116,-0.882355,-0.697011,-0.097405,-0.982558,-1.0,0.036297,-0.953199,-0.812892,-0.108344,-0.912953,-0.782367,-0.08873,-0.650044,-0.753624,0.016867,-0.566473,-0.702017,-0.12183,-0.597097,-0.672542,-0.047887,-0.273946,-0.847147,-0.26681,-0.0667,-0.574794,-0.12664
H,0.0,0.0,0.0,0.179055,-0.183417,-0.155707,0.186434,-0.309662,-0.075198,0.085769,-0.46819,-0.124437,0.097473,-0.461011,-0.199782,-0.040108,-0.480503,-0.114718,-0.19346,-0.844109,-0.252755,-0.247567,-0.824132,-0.261389,-0.467275,-0.851273,-0.157062,-0.569809,-0.895364,-0.253562,-0.74535,-0.861194,-0.171238,-0.634529,-0.901676,-0.262271,-0.946183,-0.871888,-0.266497,-0.820276,-1.0,-0.142599,-0.948845,-0.843227,-0.252489,-0.763744,-0.891148,-0.125405,-0.709123,-0.873184,-0.11825,-0.62131,-0.888721,-0.171454,-0.416112,-0.861859,-0.083882,-0.254713,-0.781332,-0.298865,0.091551,-0.558275,-0.277496
H,0.0,0.0,0.0,0.009655,-0.082778,-0.291471,-0.044573,-0.194482,-0.067376,-0.073921,-0.361521,-0.032714,-0.132536,-0.404594,0.015518,-0.080754,-0.493451,-0.249053,-0.287606,-0.4571,-0.162061,-0.262395,-0.744194,-0.160996,-0.462787,-0.757253,-0.129915,-0.703567,-0.902543,-0.237613,-0.803367,-0.865682,-0.089342,-0.849902,-0.826125,-0.145846,-1.0,-0.861032,-0.126265,-0.872933,-0.929722,-0.268966,-0.891551,-0.795859,-0.105184,-0.836373,-0.724372,-0.113137,-0.75885,-0.752321,-0.168997,-0.622654,-0.732302,0.040795,-0.493213,-0.687812,-0.032767,-0.392303,-0.58401,0.00867,-0.1992,-0.730888,-0.024267
H,0.0,0.0,0.0,0.117673,-0.129031,-0.067072,0.099578,-0.206405,-0.174981,-0.019665,-0.421515,-0.023706,-0.083997,-0.411885,0.074318,0.031991,-0.670798,-0.178013,-0.250211,-0.714775,-0.228477,-0.325931,-0.654237,-0.052839,-0.503803,-0.796169,-0.117899,-0.613897,-0.763827,-0.122729,-0.755618,-1.0,-0.040248,-0.872945,-0.846038,-0.288943,-0.879136,-0.86478,-0.110929,-0.664754,-0.906151,-0.036017,-0.828897,-0.885016,-0.016076,-0.8151,-0.735231,0.085541,-0.69039,-0.790306,0.018558,-0.469252,-0.805433,-0.105422,-0.384193,-0.723889,-0.162139,-0.252761,-0.648889,-0.138058,-0.158708,-0.744289,-0.218524
H,0.0,0.0,0.0,0.08794,-0.101585,0.239809,0.137901,-0.320616,0.14467,0.113616,-0.290921,0.142188,-0.107707,-0.152426,0.176523,0.030133,-0.684983,0.031058,-0.104976,-0.633845,0.182955,-0.220304,-0.844092,-0.100839,-0.398275,-0.862665,-0.021037,-0.469316,-1.0,0.119615,-0.778351,-0.896331,0.146155,-0.790844,-0.786646,0.238406,-0.80544,-0.878448,0.190689,-0.798173,-0.871553,0.087663,-0.950897,-0.992935,0.344692,-0.718462,-0.867569,0.268502,-0.698568,-0.765503,0.175301,-0.467595,-0.807135,0.081524,-0.422985,-0.81769,0.139691,-0.332301,-0.840687,0.126281,-0.07874,-0.724697,0.088032
H,0.0,0.0,0.0,-0.098106,-0.026488,0.044022,-0.021774,-0.166602,0.043007,-0.0652,-0.182522,0.087162,-0.183698,-0.416454,-0.081653,-0.181568,-0.397537,-0.041166,-0.285097,-0.507471,0.109053,-0.328997,-0.782823,0.046518,-0.654486,-0.783665,0.050887,-0.664585,-0.709087,-0.081242,-0.683675,-0.741556,0.046818,-0.948234,-0.721586,-0.026454,-0.96831,-0.758962,0.055118,-1.0,-0.645575,0.162897,-0.874562,-0.736653,0.078338,-0.964606,-0.730334,0.074516,-0.804203,-0.729433,-0.096838,-0.725184,-0.615008,0.182592,-0.585988,-0.644551,0.121412,-0.42649,-0.597515,0.020875,-0.187042,-0.734678,-0.074561
H,0.0,0.0,0.0,0.104782,-0.183558,-0.080932,0.059366,-0.250318,0.023837,0.196912,-0.272014,0.096865,0.065666,-0.481969,-0.018312,-0.134944,-0.611461,0.03094,-0.250707,-0.641834,-0.003986,-0.330542,-0.648959,-0.209505,-0.478471,-1.0,-0.014224,-0.531338,-0.972656,-0.14196,-0.854663,-0.893698,-0.070576,-0.839271,-0.943952,-0.108464,-0.786991,-0.891875,-0.104051,-0.950671,-0.968129,0.127507,-0.810725,-0.882689,0.17362,-0.682229,-0.858438,0.018527,-0.72185,-0.881357,0.192345,-0.64148,-0.703672,0.099495,-0.438899,-0.603171,-0.099437,-0.272693,-0.77249,0.077456,-0.101445,-0.871487,0.076326
H,0.0,0.0,0.0,-0.063323,-0.0335,0.065786,0.057846,-0.169938,-0.06066,0.109291,-0.40894,0.082635,-0.1156,-0.363648,0.075038,-0.024296,-0.408863,0.145762,-0.312742,-0.587011,0.201514,-0.315068,-0.739608,0.004175,-0.509997,-0.840583,0.061371,-0.579114,-0.907811,-0.029176,-0.804522,-0.964846,-0.13697,-0.963046,-0.854126,-0.045197,-1.0,-0.880593,0.075919,-0.909594,-0.750305,0.021051,-0.779034,-0.777415,0.022332,-0.831811,-0.875197,0.051822,-0.695598,-0.686359,0.045907,-0.370189,-0.717618,-0.068273,-0.344295,-0.627418,0.069037,-0.329652,-0.630298,0.15814,-0.133985,-0.783754,-0.283383
H,0.0,0.0,0.0,-0.014906,-0.097818,-0.030678,0.03887,-0.074447,0.100546,-0.009744,-0.349301,0.092413,0.129764,-0.291929,-0.028076,0.032833,-0.641927,0.02271,-0.134351,-0.771618,0.191217,-0.211294,-0.633739,-0.090928,-0.484677,-0.695656,-0.125419,-0.645674,-0.740841,-0.168167,-0.73584,-1.0,-0.121018,-0.908876,-0.8264,-0.087363,-0.919415,-0.926081,-0.050768,-0.843302,-0.949009,0.083279,-0.91968,-0.873637,-0.05929,-0.942896,-0.853112,0.04493,-0.685679,-0.779884,0.040641,-0.604943,-0.680868,0.10426,-0.560315,-0.71793,0.132859,-0.398759,-0.673063,-0.009901,-0.192461,-0.546043,-0.017058
H,0.0,0.0,0.0,-0.078484,-0.1349,0.018202,0.032169,-0.150581,0.032369,-0.100343,-0.35802,0.074137,-0.189512,-0.381845,-0.00028,-0.064008,-0.472381,-0.054897,-0.287253,-0.632184,0.015221,-0.532417,-0.661533,-0.114341,-0.486533,-0.712379,-0.189937,-0.649399,-0.774421,-0.071952,-0.757971,-0.90632,-0.155736,-0.939651,-0.790902,-0.074406,-0.897907,-0.955383,-0.048918,-0.863651,-0.951492,-0.063021,-1.0,-0.823732,-0.069564,-0.793676,-0.750743,0.103728,-0.729041,-0.706524,-0.029243,-0.685026,-0.640644,0.093817,-0.418368,-0.668945,-0.086113,-0.250638,-0.623058,0.111057,-0.293436,-0.60245,-0.018379
H,0.0,0.0,0.0,0.029506,-0.193023,-0.073704,0.097886,-0.232007,0.078,0.142954,-0.434168,0.042243,0.136344,-0.619668,0.019797,-0.004296,-0.510006,0.025049,-0.06158,-0.697847,-0.021903,-0.152562,-0.744401,-0.031324,-0.45715,-0.806473,-0.202374,-0.51239,-0.843401,-0.017261,-0.657573,-0.851519,0.032719,-0.718445,-1.0,-0.038793,-0.810059,-0.948142,0.024276,-0.610188,-0.947593,-0.070463,-0.74869,-0.893118,0.136084,-0.694191,-0.853309,0.126168,-0.524188,-0.726539,-0.04837,-0.486085,-0.840197,0.062939,-0.234412,-0.787158,-0.035677,-0.212656,-0.841034,-0.078721,-0.016056,-0.794047,-0.045515
H,0.0,0.0,0.0,0.092699,-0.028373,0.143783,0.156563,-0.228957,0.095337,0.081546,-0.448577,0.207992,0.094426,-0.345069,-0.01798,0.147494,-0.591555,0.064474,0.122707,-0.775512,0.10482,-0.134639,-0.478833,-0.061652,-0.390777,-0.766518,-0.009247,-0.529128,-0.810027,-0.026426,-0.69878,-0.865309,0.028535,-0.75327,-0.973315,-0.066656,-0.729544,-0.972304,-0.032057,-0.916921,-0.893097,0.015911,-0.949419,-1.0,0.062266,-0.724407,-0.884977,0.064492,-0.720376,-0.901459,0.198943,-0.370288,-0.745319,0.130519,-0.226991,-0.861548,0.07181,-0.241195,-0.845008,0.074383,0.076568,-0.768672,0.157468
H,0.0,0.0,0.0,0.156516,-0.031481,0.17715,-0.115673,-0.139893,0.094559,-0.011099,-0.289156,0.240674,0.252038,-0.385334,0.081247,-0.102594,-0.440329,0.039846,-0.111175,-0.604716,0.116647,-0.450282,-0.753474,-0.050735,-0.526397,-0.71979,0.158457,-0.612785,-0.904153,0.177275,-0.817721,-0.989305,0.101689,-0.83366,-0.95534,0.064076,-0.899921,-0.890225,0.117764,-1.0,-0.84624,0.106401,-0.967822,-0.884703,0.120204,-0.976868,-0.883231,0.149275,-0.85553,-0.844427,0.351284,-0.694717,-0.789444,0.064598,-0.450118,-0.799264,0.094575,-0.342367,-0.623281,0.096322,-0.219815,-0.641814,-0.018171
H,0.0,0.0,0.0,0.061696,-0.213211,-0.07013,0.200509,-0.166909,-0.181975,0.260998,-0.191338,-0.203265,0.284397,-0.395497,-0.231951,0.156634,-0.556912,-0.118274,0.016045,-0.693674,-0.143439,-0.135884,-0.692428,-0.299651,-0.202855,-0.920696,-0.132751,-0.450486,-0.985059,-0.163214,-0.664805,-0.827268,-0.263873,-0.810501,-0.805341,-0.177716,-0.678759,-1.0,-0.325899,-0.63031,-0.915152,-0.105098,-0.685907,-0.915531,-0.104192,-0.537821,-0.857231,-0.031076,-0.723742,-0.726728,-0.230534,-0.342285,-0.75372,-0.123359,-0.28272,-0.780504,-0.202604,-0.139216,-0.564023,-0.053467,-0.053415,-0.723277,-0.176436
H,0.0,0.0,0.0,0.164578,-0.090563,0.148571,0.261733,-0.09026,-0.094573,0.165877,-0.229577,0.056717,0.214536,-0.384161,0.178211,0.027563,-0.505342,0.191127,-0.060173,-0.621015,-0.022457,-0.220469,-0.684848,-0.043622,-0.492967,-0.883263,-0.066718,-0.562824,-0.755704,-0.134099,-0.814834,-0.913239,0.000855,-0.86024,-0.886506,-0.09848,-0.91842,-0.906157,-0.122489,-0.770392,-0.777824,0.076891,-0.738416,-1.0,0.025306,-0.834267,-0.681833,-0.049362,-0.764445,-0.855577,-0.010693,-0.46722,-0.683607,-0.094392,-0.214878,-0.625292,0.048373,-0.133705,-0.798637,-0.115316,-0.031128,-0.730641,-0.087119
H,0.0,0.0,0.0,0.182831,0.06693,0.16147,0.237695,-0.088029,0.110478,0.164559,-0.312307,-0.00416,0.024399,-0.414603,0.024883,0.025351,-0.490474,0.095071,-0.116159,-0.513291,0.040101,-0.216353,-0.673563,0.115741,-0.331051,-0.748393,-0.000766,-0.633808,-0.903696,-0.068642,-0.705148,-0.987415,0.125305,-0.912804,-0.657089,-0.070403,-0.945028,-0.948632,-0.055257,-0.890732,-1.0,-0.016462,-0.903185,-0.801985,-0.056491,-0.824554,-0.820937,0.002672,-0.829317,-0.978205,0.24552,-0.514767,-0.873654,0.151028,-0.492384,-0.644146,0.011137,-0.304207,-0.737413,-0.031276,0.012076,-0.629482,0.011905
H,0.0,0.0,0.0,0.037186,0.08708,0.144288,-0.110497,-0.166471,0.173303,0.229761,-0.098629,0.273743,0.015566,-0.283028,0.060931,-0.022821,-0.424076,0.183222,-0.215441,-0.495288,0.098102,-0.340249,-0.524048,-0.020516,-0.626315,-0.640289,0.175303,-0.516335,-0.824625,0.017133,-0.896338,-0.804844,0.139856,-0.877226,-0.806516,0.106376,-1.0,-0.648564,0.084705,-0.985951,-0.713752,0.183778,-0.799276,-0.751468,0.21754,-0.849288,-0.75095,0.082852,-0.839705,-0.726625,0.236489,-0.563968,-0.734249,-0.001507,-0.562668,-0.671883,0.094417,-0.23208,-0.63933,0.228465,-0.323232,-0.623552,0.13363
H,0.0,0.0,0.0,0.078375,-0.1293,-0.030938,0.110228,-0.233722,0.097365,-0.01648,-0.28772,-0.130095,0.010867,-0.498331,-0.058138,-0.211507,-0.457927,-0.021689,-0.117043,-0.649063,0.017603,-0.341224,-0.698625,0.071361,-0.532199,-0.680059,-0.079512,-0.683635,-0.935925,-0.211416,-0.674508,-0.726243,-0.12063,-0.851396,-0.818586,-0.109425,-0.835417,-0.856382,-0.08317,-0.996523,-0.940074,-0.321735,-0.814812,-0.850339,-0.07923,-1.0,-0.857178,-0.094864,-0.802217,-0.744672,-0.020868,-0.715602,-0.842691,-0.144022,-0.315502,-0.594393,-0.127569,-0.469799,-0.689154,-0.080049,-0.149798,-0.64026,-0.071122
H,0.0,0.0,0.0,0.110461,-0.099288,-0.086826,0.363606,-0.335002,0.064949,0.072315,-0.202484,-0.10761,0.171459,-0.582652,-0.128283,0.141268,-0.480989,-0.018858,0.011966,-0.577282,-0.113717,-0.293737,-0.745122,-0.129441,-0.299889,-0.770239,-0.157538,-0.416952,-0.813599,-0.058158,-0.628752,-0.837147,-0.073193,-0.642786,-0.782227,-0.075849,-0.799894,-1.0,0.007803,-0.741301,-0.767044,-0.215617,-0.671173,-0.893077,-0.062493,-0.734488,-0.77004,0.027136,-0.660705,-0.793541,0.036915,-0.427679,-0.687893,-0.050577,-0.474513,-0.735295,-0.0326,-0.127691,-0.64909,-0.2238,-0.036584,-0.8084,-0.188394
H,0.0,0.0,0.0,0.028339,-0.149896,0.065686,0.161175,-0.27621,-0.027766,-0.011874,-0.368667,-0.099974,0.213572,-0.49955,0.097359,0.118646,-0.520059,-0.001904,-0.209032,-0.659071,0.098412,-0.214959,-0.697855,0.05602,-0.32255,-0.772707,-0.03945,-0.554024,-0.848544,-0.079099,-0.572616,-0.927227,-0.05829,-0.726416,-0.916705,-0.079679,-0.916515,-0.905729,-0.111417,-0.787474,-1.0,0.001726,-0.679242,-0.824087,0.043041,-0.718423,-0.896906,0.020301,-0.540775,-0.849847,-0.010457,-0.489633,-0.525882,0.029814,-0.477125,-0.857463,0.048606,-0.035244,-0.712404,-0.04872,-0.059512,-0.749099,-0.225308
H,0.0,0.0,0.0,-0.063707,-0.043708,0.008497,0.126708,-0.146886,-0.027762,0.08621,-0.244531,-0.139876,-0.116397,-0.570048,0.023182,-0.134035,-0.442374,-0.022177,-0.304906,-0.620269,-0.115357,-0.415986,-0.623992,0.101079,-0.427434,-0.772526,-0.021464,-0.526058,-0.937356,-0.035519,-0.732191,-0.761928,-0.068084,-0.913304,-0.709241,-0.093759,-0.99167,-0.832604,-0.020548,-0.96628,-0.826361,-0.067362,-1.0,-0.898879,-0.166295,-0.751952,-0.816941,-0.316859,-0.735931,-0.732726,-0.187141,-0.701606,-0.801782,-0.105309,-0.385642,-0.716759,-0.09932,-0.241867,-0.649746,-0.231088,-0.244132,-0.66398,-0.189232
H,0.0,0.0,0.0,-0.160764,-0.034393,0.030484,-0.009524,-0.294532,0.101537,-0.08947,-0.339245,0.04368,-0.009337,-0.459643,0.088651,-0.175901,-0.403812,0.151816,-0.221497,-0.73747,0.013933,-0.323785,-0.788203,0.04651,-0.63377,-0.83906,0.147559,-0.635531,-0.742065,0.069685,-0.819639,-0.900126,-0.018663,-0.915905,-0.729315,-0.077042,-1.0,-0.930766,0.123046,-0.835209,-0.824581,0.096221,-0.942183,-0.790495,0.145753,-0.851699,-0.755187,0.159137,-0.918338,-0.759837,0.126174,-0.629044,-0.742447,0.106329,-0.576433,-0.839295,0.150037,-0.46796,-0.704375,-0.003214,-0.134449,-0.698403,0.007743
H,0.0,0.0,0.0,-0.007423,-0.185287,-0.113868,0.055731,-0.190782,0.018855,0.056722,-0.421656,-0.012056,0.030284,-0.467097,-0.011477,-0.234133,-0.580434,0.142544,-0.191897,-0.796213,0.024414,-0.167297,-0.733856,0.074598,-0.358319,-0.78164,-0.094738,-0.515427,-0.87628,-0.073282,-0.659745,-0.887873,-0.156102,-0.670687,-0.976123,-0.074405,-0.754593,-0.978681,-0.172749,-0.817735,-1.0,0.029918,-0.846884,-0.78019,-5.9e-05,-0.705734,-0.987606,0.022074,-0.625769,-0.911869,0.020344,-0.535369,-0.811052,0.008089,-0.415869,-0.758143,-0.015918,-0.22592,-0.798593,-0.102938,-0.19,-0.664975,0.014262
H,0.0,0.0,0.0,0.007066,-0.178205,0.102489,0.001475,-0.276073,0.076535,0.057173,-0.338454,0.085084,-0.015066,-0.471778,0.192768,-0.226943,-0.655605,0.108855,-0.190422,-0.656464,0.087859,-0.320786,-0.793302,0.062973,-0.46883,-0.84868,0.049154,-0.553509,-0.848433,0.113056,-0.61912,-0.822472,0.17495,-0.813255,-0.942133,0.06368,-0.87523,-0.907008,-0.049913,-0.829071,-1.0,0.03626,-0.849295,-0.90227,-0.063289,-0.912637,-0.895241,0.114432,-0.670216,-0.811498,0.014385,-0.547798,-0.910613,-0.102897,-0.45785,-0.797753,0.124889,-0.295565,-0.626957,-0.009265,-0.148897,-0.76388,0.108422
H,0.0,0.0,0.0,0.057752,-0.158627,0.189522,-0.033738,-0.275395,0.088784,-0.028464,-0.387485,0.011511,-0.089481,-0.475249,0.096875,-0.018232,-0.535971,0.041072,0.02081,-0.645818,0.175999,-0.354418,-0.780923,0.110863,-0.384037,-0.861349,-0.088566,-0.44491,-0.784851,0.050956,-0.647121,-0.942078,0.030525,-0.793986,-0.930321,0.136213,-0.886667,-0.826904,0.172047,-0.710842,-0.833349,0.05372,-0.791328,-1.0,0.109467,-0.711525,-0.859473,0.117975,-0.583569,-0.823767,0.237492,-0.417154,-0.684831,0.105744,-0.301179,-0.790706,0.143645,-0.219325,-0.786938,0.072336,-0.102802,-0.546965,0.084187
H,0.0,0.0,0.0,-0.073108,-0.300623,-0.044193,0.043976,-0.29629,0.062686,-0.154812,-0.345247,0.122051,-0.179625,-0.454555,0.135977,-0.008182,-0.616815,0.080988,-0.134585,-0.641448,0.0969,-0.368441,-0.720412,-0.063751,-0.513175,-0.781544,-0.087606,-0.648634,-0.805615,0.101857,-0.896359,-0.748317,-0.065082,-0.766668,-0.82183,0.078779,-0.944339,-0.921562,-0.019301,-0.933219,-0.795781,0.00144,-1.0,-0.913863,-0.087472,-0.836132,-0.789538,-0.007692,-0.753159,-0.826708,0.052336,-0.566716,-0.718886,0.197122,-0.462039,-0.701086,-0.099241,-0.363835,-0.761122,-0.079963,-0.251054,-0.749404,-0.064029
H,0.0,0.0,0.0,-0.00628,-0.163052,-0.111952,-0.101844,-0.223673,-0.164954,-0.10544,-0.284839,-0.070278,-0.098815,-0.408897,-0.038485,-0.206703,-0.402843,-0.23379,-0.245592,-0.547343,-0.174095,-0.431937,-0.621681,-0.087763,-0.651306,-0.670025,-0.19726,-0.579524,-0.88039,-0.011215,-0.821739,-0.689081,-0.179622,-0.899752,-0.78076,-0.095065,-1.0,-0.750596,-0.14721,-0.871317,-0.784312,-0.164073,-0.962116,-0.717968,-0.062114,-0.784236,-0.70701,-0.031629,-0.645489,-0.832766,-0.250604,-0.51345,-0.769559,-0.17415,-0.524907,-0.769299,-0.142985,-0.444457,-0.661681,-0.118971,-0.288639,-0.672591,-0.140159
H,0.0,0.0,0.0,0.125118,-0.139157,-0.049717,-0.054495,-0.336425,0.152463,-0.004829,-0.52764,0.0427,-0.149396,-0.568536,0.013917,-0.077153,-0.518536,0.089617,-0.273616,-0.702423,0.026683,-0.332141,-0.770595,-0.120034,-0.524128,-0.841329,-0.233159,-0.525143,-0.954761,0.020506,-0.638675,-0.926694,0.043165,-0.714076,-0.924114,-0.044866,-0.742061,-0.885613,0.075819,-1.0,-0.881713,-0.085278,-0.811679,-0.816267,0.164946,-0.814752,-0.874187,0.049398,-0.725472,-0.73912,0.053405,-0.534151,-0.735942,0.044984,-0.471762,-0.761461,-0.026471,-0.278026,-0.675186,-0.069885,-0.273091,-0.74129,-0.061936
H,0.0,0.0,0.0,0.124258,-0.205011,0.17971,0.061754,-0.261475,0.323909,0.130931,-0.259527,0.216609,0.108978,-0.401445,0.220201,0.064007,-0.521856,0.35652,-0.057616,-0.710432,0.152568,-0.229895,-0.702801,0.193839,-0.338722,-0.872494,0.219111,-0.568968,-0.864717,0.069302,-0.589973,-0.871929,0.065383,-0.772538,-1.0,0.06388,-0.889188,-0.885882,0.195467,-0.772187,-0.758544,0.245859,-0.827248,-0.826342,0.18719,-0.883232,-0.887836,0.190227,-0.638539,-0.727156,0.239443,-0.634628,-0.696701,0.209428,-0.320682,-0.632487,0.16764,-0.136712,-0.764431,0.085438,-0.070322,-0.72589,0.153308
H,0.0,0.0,0.0,-0.132719,-0.241897,0.001073,0.042909,-0.241993,0.051411,0.065401,-0.220856,0.060386,-0.067787,-0.53316,-0.019699,-0.17876,-0.583113,0.029495,-0.128402,-0.502195,0.008619,-0.336113,-0.741388,0.074231,-0.638548,-0.686795,-0.013627,-0.710562,-0.814782,-0.140699,-0.848872,-0.944763,-0.003162,-0.771952,-1.0,0.085192,-0.913789,-0.822921,-0.133643,-0.8336,-0.815739,0.076274,-0.816295,-0.710866,-0.032335,-0.856589,-0.821468,0.09123,-0.722954,-0.669376,0.109182,-0.752401,-0.620091,0.088971,-0.522861,-0.669272,-0.005626,-0.318615,-0.708261,0.015799,-0.235056,-0.712734,-0.026024
H,0.0,0.0,0.0,-0.169254,-0.082478,0.097973,-0.033548,-0.141392,0.129316,-0.031336,-0.255259,-0.047394,-0.07153,-0.333656,0.060309,-0.242941,-0.390075,0.069782,-0.333541,-0.620734,0.100894,-0.399246,-0.592058,-0.188436,-0.579269,-0.690977,-0.060387,-0.65216,-0.669655,0.00544,-0.74578,-0.824875,-0.057623,-0.902926,-0.810337,0.038472,-1.0,-0.67169,-0.061412,-0.825136,-0.605642,0.020783,-0.871426,-0.756716,0.120109,-0.903995,-0.790951,-0.193499,-0.816057,-0.647473,0.157764,-0.675715,-0.566542,0.021172,-0.570853,-0.540142,-0.140438,-0.41253,-0.631647,0.112197,-0.328577,-0.565982,0.059661
I,0.0,0.0,0.0,0.293487,-0.046415,0.044862,0.139745,-0.140769,0.080155,0.063865,-0.501541,0.13445,0.022166,-0.322203,0.005663,0.022873,-0.593464,0.006873,-0.324436,-0.696051,-0.021023,-0.276207,-0.813318,0.042846,-0.313802,-0.921416,-0.045955,-0.761079,-0.939042,0.020766,-0.785937,-0.912252,-0.031093,-0.954096,-0.930058,-0.01938,-0.874779,-1.0,-0.035885,-0.870942,-0.94623,0.206297,-0.762772,-0.842906,0.059877,-0.92161,-0.926163,0.03338,-0.631651,-0.817942,0.153668,-0.425205,-0.677324,0.055735,-0.258765,-0.72771,0.084211,-0.002779,-0.677608,-0.084193,0.016335,-0.760309,0.202046
I,0.0,0.0,0.0,0.134255,-0.034337,-0.029273,0.1945,-0.212971,-0.020662,0.052394,-0.171165,0.038378,-0.057567,-0.453282,0.16338,0.014249,-0.412915,-0.004243,-0.082895,-0.667004,0.032852,-0.390561,-0.677947,0.005564,-0.518026,-0.756407,-0.114701,-0.810055,-0.7033,-0.167663,-0.615435,-0.814617,0.022165,-1.0,-0.739112,0.008911,-0.790562,-0.915027,-0.107295,-0.849206,-0.757054,-0.000858,-0.879966,-0.612391,0.210464,-0.755555,-0.666959,0.01665,-0.539587,-0.601477,-0.072284,-0.552054,-0.721341,0.224719,-0.298277,-0.666736,-0.069833,-0.136216,-0.536505,0.02551,-0.105419,-0.59355,-0.054429
I,0.0,0.0,0.0,0.166564,0.012806,0.057908,0.302204,-0.220965,0.063496,0.215034,-0.303819,0.02844,0.057934,-0.216813,0.022286,0.012753,-0.531107,-0.044159,-0.274777,-0.51463,0.03794,-0.344742,-0.769652,-0.038505,-0.520446,-0.77801,-0.183316,-0.607761,-0.785487,0.006126,-0.763566,-0.860975,-0.219111,-0.746201,-0.764293,-0.070321,-1.0,-0.935357,-0.09673,-0.803555,-0.784723,-0.151094,-0.803675,-0.849393,-0.044671,-0.664701,-0.675943,0.108135,-0.624319,-0.629461,-0.032401,-0.49553,-0.701191,0.009467,-0.424293,-0.67071,0.110685,-0.252689,-0.756714,-0.145697,0.204875,-0.6122,-0.087219
I,0.0,0.0,0.0,0.017363,-0.127287,0.015981,0.047576,-0.19407,0.012559,0.250588,-0.270869,-0.00046,-0.186797,-0.481765,0.140501,-0.060571,-0.536271,0.030655,-0.284041,-0.64481,-0.021057,-0.381685,-0.589532,-0.025978,-0.444988,-0.689264,-0.067697,-0.681916,-0.707163,-0.066518,-0.731819,-0.658413,0.075772,-0.799018,-0.754338,0.010655,-0.77018,-0.960999,0.024235,-1.0,-0.777815,0.039982,-0.702638,-0.709387,0.038962,-0.75501,-0.702179,0.048548,-0.618302,-0.601003,0.031888,-0.519699,-0.694182,0.318951,-0.303005,-0.568351,0.123656,-0.151273,-0.610074,0.071155,-0.20157,-0.626114,0.014256
I,0.0,0.0,0.0,0.090304,-0.310277,-0.066757,-0.096448,-0.180805,-0.040017,0.122383,-0.2899,-0.046512,0.031423,-0.433202,-0.05154,-0.103408,-0.387074,0.034548,-0.210761,-0.389511,-0.104692,-0.44453,-0.656868,0.039621,-0.597002,-0.594923,-0.199009,-0.665266,-0.753205,-0.167875,-0.810939,-0.730221,0.005881,-1.0,-0.783009,-0.098001,-0.875208,-0.812362,-0.165758,-0.767878,-0.683171,-0.054504,-0.877302,-0.787109,-0.218567,-0.73571,-0.65187,-0.002902,-0.659239,-0.668211,-0.074242,-0.560253,-0.663086,0.032178,-0.281874,-0.648718,-0.115329,-0.246607,-0.474877,-0.131514,-0.063715,-0.532598,-0.108844
I,0.0,0.0,0.0,0.19698,0.015029,0.010091,0.054674,-0.288909,0.03684,0.249248,-0.439938,-0.012348,-0.057019,-0.498347,0.316888,-0.067602,-0.623431,-0.046867,-0.305505,-0.729121,-0.021061,-0.565644,-0.712483,-0.013917,-0.512576,-0.962227,-0.037433,-0.633579,-0.937628,0.009233,-0.688218,-0.822899,-0.159132,-0.947618,-0.97743,-0.139912,-1.0,-0.958179,0.03317,-0.830863,-0.994394,0.021733,-0.872977,-0.942654,-0.067464,-0.884065,-0.846851,-0.05334,-0.827642,-0.870967,0.152994,-0.763082,-0.861003,0.073017,-0.510945,-0.83157,-0.109839,-0.276734,-0.83982,-0.135472,-0.151404,-0.818231,0.136412
I,0.0,0.0,0.0,-0.046994,-0.150009,0.044355,0.08699,-0.26287,0.018383,0.187742,-0.321261,-0.036144,-0.059315,-0.56478,0.156559,-0.028987,-0.57762,0.129914,-0.220275,-0.702152,0.01459,-0.372147,-0.681456,-0.176332,-0.599191,-0.690745,0.031257,-0.563172,-0.677182,-0.061413,-0.738079,-0.931898,-0.14614,-1.0,-0.895052,-0.243681,-0.813378,-0.83501,-0.221604,-0.906725,-0.699015,-0.058281,-0.925122,-0.94897,-0.158349,-0.733293,-0.817409,-0.041541,-0.696126,-0.764123,-0.103931,-0.512095,-0.831671,-0.077911,-0.322978,-0.679784,0.010791,-0.10442,-0.704882,-0.060816,-0.164016,-0.74067,-0.158761
I,0.0,0.0,0.0,0.059714,-0.056642,-0.006099,0.045763,-0.300324,-0.107053,0.165092,-0.390436,-0.053235,-0.035263,-0.463629,0.134098,-0.123231,-0.344116,0.002014,-0.065836,-0.561399,0.002872,-0.237567,-0.618172,0.000349,-0.321411,-0.797132,-0.140268,-0.674712,-0.669908,0.032033,-0.77232,-1.0,-0.090786,-0.887014,-0.868035,-0.142318,-0.972182,-0.682905,-0.094752,-0.745943,-0.820579,-0.10506,-0.771626,-0.805509,-0.015474,-0.719576,-0.804979,-0.107937,-0.624606,-0.640468,-0.051817,-0.479079,-0.57251,-0.000111,-0.344987,-0.661682,-0.062384,-0.289897,-0.732474,-0.006687,-0.039056,-0.606001,-0.084319
I,0.0,0.0,0.0,-0.25371,-0.172352,-0.090735,0.044944,-0.207332,-0.043311,0.003221,-0.414712,-0.034482,-0.124582,-0.375204,0.133204,-0.204868,-0.412331,0.024626,-0.260642,-0.591878,-0.012629,-0.374237,-0.604839,-0.082477,-0.549172,-0.594119,-0.025739,-0.637796,-0.667756,-0.083064,-0.762709,-0.714423,0.039942,-1.0,-0.830054,-0.106034,-0.880848,-0.835923,0.029402,-0.859489,-0.690398,0.071391,-0.784617,-0.750325,0.031187,-0.790141,-0.792505,0.103171,-0.660591,-0.772185,0.076155,-0.547961,-0.785426,-0.066385,-0.450556,-0.608036,0.068452,-0.220826,-0.573724,-0.010678,-0.039883,-0.573963,-0.013247
I,0.0,0.0,0.0,-0.145303,-0.104662,0.168159,0.054662,-0.17752,0.125657,0.049735,-0.362465,0.055953,-0.132865,-0.396694,-0.016857,-0.069637,-0.555968,-0.031253,-0.280758,-0.579411,-0.084358,-0.45786,-0.678628,0.093452,-0.765311,-0.699782,-0.063499,-0.741799,-0.84619,-0.072896,-0.769036,-0.859683,0.088697,-0.852061,-0.80872,-0.043675,-0.850348,-0.710175,-0.101587,-1.0,-0.745191,0.089639,-0.923643,-0.825072,0.043412,-0.698164,-0.728811,-0.049289,-0.690136,-0.635946,0.045616,-0.460354,-0.600061,0.039287,-0.408811,-0.794823,0.121151,-0.294047,-0.672633,-0.042865,-0.103814,-0.738502,-0.100647
I,0.0,0.0,0.0,0.022102,0.069867,0.05154,0.144131,-0.213004,0.20341,0.035125,-0.333945,0.077948,0.021706,-0.451896,0.190292,-0.016465,-0.490181,0.191154,-0.156018,-0.583148,0.159384,-0.310568,-0.611474,-0.073708,-0.504258,-0.752667,0.049474,-0.77039,-0.656314,-0.142863,-0.763088,-0.811065,-0.113968,-0.786627,-0.795648,-0.113121,-0.871256,-0.841751,-0.082077,-1.0,-0.802078,0.022988,-0.835947,-0.595492,0.210605,-0.792078,-0.769426,0.10818,-0.614426,-0.581678,0.053427,-0.51929,-0.656571,0.04674,-0.374582,-0.526194,-0.108115,-0.120546,-0.76096,-0.018575,-0.115591,-0.740854,-0.214292
I,0.0,0.0,0.0,0.073522,-0.001944,-0.027725,0.24195,-0.308429,0.000445,0.111494,-0.302214,-0.01224,0.118693,-0.552449,0.032708,0.021809,-0.399439,0.005473,-0.08706,-0.706348,0.018098,-0.210381,-0.833873,-0.06472,-0.418004,-0.694388,0.073785,-0.720581,-0.925752,0.081477,-0.592189,-0.881284,-0.048367,-0.674709,-0.914564,-0.037312,-0.923579,-1.0,0.273691,-0.738622,-0.932915,0.207166,-0.766153,-0.806865,0.024748,-0.764989,-0.814274,-0.065219,-0.639482,-0.774479,0.212335,-0.504013,-0.675761,-0.080506,-0.197903,-0.797999,0.083088,-0.109227,-0.696715,0.037635,-0.112536,-0.797437,0.105628
I,0.0,0.0,0.0,0.187998,-0.210348,0.223712,0.052957,-0.134058,0.167572,0.072165,-0.204201,0.169097,0.021884,-0.377065,0.047915,-0.26175,-0.464825,0.085085,-0.11507,-0.653412,0.034395,-0.286777,-0.772802,0.016153,-0.57771,-0.946219,0.117496,-0.71174,-0.851087,0.057786,-0.832733,-1.0,0.283098,-0.845552,-0.731231,0.183093,-0.913058,-0.858467,0.1214,-0.733497,-0.783324,0.067688,-0.810579,-0.754736,0.060097,-0.711119,-0.674641,0.100869,-0.690076,-0.654627,0.145099,-0.567697,-0.647156,0.21217,-0.324772,-0.605989,0.243343,-0.189266,-0.527825,0.250218,-0.213478,-0.784351,-0.091149
I,0.0,0.0,0.0,0.19608,-0.164371,0.109123,0.13641,-0.141399,0.129068,-0.094124,-0.331096,0.261534,-0.073952,-0.236758,-0.002123,-0.214142,-0.581532,0.203335,-0.269904,-0.570437,0.085649,-0.386534,-0.575701,0.119906,-0.645471,-0.779784,0.182918,-0.669658,-0.935871,-0.108244,-0.747546,-0.769506,-0.061978,-0.852017,-0.698987,0.160672,-0.824623,-0.781594,0.040538,-1.0,-0.808991,0.006383,-0.94711,-0.662987,-0.033704,-0.957646,-0.664421,0.092163,-0.862606,-0.705185,0.107794,-0.578462,-0.607297,-0.001739,-0.375964,-0.663514,0.097368,-0.369635,-0.68241,0.069062,-0.029045,-0.483359,0.112331
I,0.0,0.0,0.0,0.14404,-0.111628,0.01187,0.193517,-0.268527,0.227685,0.050983,-0.452599,0.012031,-0.059325,-0.558833,0.16146,-0.130193,-0.736132,0.067105,-0.240315,-0.738039,0.049685,-0.390252,-0.729477,0.049681,-0.499752,-0.933525,0.146871,-0.775367,-0.886563,-0.105573,-0.738153,-0.890108,-0.034971,-0.732634,-0.82406,-0.03497,-0.827398,-0.781983,0.09269,-0.897631,-1.0,0.057467,-0.794855,-0.910197,0.055513,-0.77152,-0.715439,0.206683,-0.566165,-0.794229,0.155914,-0.474459,-0.76566,0.218085,-0.438527,-0.695249,0.105527,-0.267703,-0.691366,0.090567,-0.106466,-0.705456,0.005216
I,0.0,0.0,0.0,0.003372,0.006572,-0.090068,-0.047621,-0.018683,0.088243,-0.029316,-0.249877,0.01191,-0.227643,-0.395852,0.01184,-0.153381,-0.501822,0.065649,-0.425097,-0.618685,0.066969,-0.544983,-0.81962,-0.077425,-0.522456,-0.919163,0.053011,-0.688398,-0.82448,-0.14112,-0.898265,-0.766977,0.076848,-1.0,-0.745828,0.044142,-0.961933,-0.886751,-0.035223,-0.81622,-0.793433,0.140829,-0.897235,-0.814017,0.103593,-0.661142,-0.795239,0.143668,-0.700721,-0.825222,-0.042954,-0.613391,-0.653508,0.13394,-0.554326,-0.609012,0.035759,-0.28541,-0.606457,0.159448,-0.134063,-0.768667,-0.017072
I,0.0,0.0,0.0,-0.041637,-0.274873,0.017134,-0.07366,-0.224985,0.042458,-0.037211,-0.396872,0.011991,-0.110301,-0.601739,-0.010491,-0.155396,-0.491897,-0.082384,-0.202426,-0.774152,-0.14748,-0.447196,-0.834192,-0.172143,-0.417851,-0.856213,0.089957,-0.776703,-0.994591,0.001113,-0.86802,-0.876956,-0.201076,-0.895612,-1.0,-0.090587,-0.97082,-0.869239,-0.016478,-0.915352,-0.832304,-0.049134,-0.924312,-0.802336,-0.028131,-0.815111,-0.775031,-0.085377,-0.587159,-0.791898,0.005885,-0.566462,-0.694404,0.013228,-0.423875,-0.613693,-0.277095,-0.185272,-0.646855,-0.195539,-0.085912,-0.643952,-0.034071
I,0.0,0.0,0.0,0.146285,-0.127247,-0.085904,0.287551,-0.302596,-0.085955,0.190684,-0.502057,-0.042301,0.157956,-0.436409,-0.015381,-0.090037,-0.503524,0.06503,-0.09581,-0.76874,-0.117475,-0.268871,-0.765346,-0.123979,-0.472752,-0.767933,-0.099035,-0.629221,-0.87146,-0.117934,-0.720243,-0.823716,-0.119177,-0.764519,-0.934806,-0.081327,-0.796911,-0.926274,-0.009383,-0.905289,-1.0,-0.007757,-0.54946,-0.797577,0.102656,-0.694333,-0.885469,0.002882,-0.463031,-0.905489,-0.048757,-0.401223,-0.824401,-0.086681,-0.179821,-0.710659,0.003954,-0.073644,-0.811615,-0.051105,-0.047773,-0.774275,-0.19302
I,0.0,0.0,0.0,0.04325,-0.022323,0.050389,0.093996,-0.309293,-0.070231,0.096715,-0.446081,0.141711,0.05293,-0.324711,0.098708,-0.107021,-0.700093,0.129469,-0.280013,-0.676293,0.175445,-0.272978,-0.691365,0.093467,-0.396802,-0.65858,-0.048821,-0.635642,-0.899645,-0.014714,-0.731579,-0.990282,-0.062893,-0.690229,-0.839643,0.057849,-0.85653,-1.0,0.012189,-0.764042,-0.923964,0.105829,-0.936652,-0.79929,0.11165,-0.742931,-0.571621,0.043514,-0.64794,-0.717106,0.02536,-0.57831,-0.790891,0.135512,-0.341179,-0.54938,0.021643,-0.117286,-0.635916,-0.003606,-0.115776,-0.821105,0.053002
I,0.0,0.0,0.0,-0.078565,0.060972,0.025652,0.092488,-0.115315,-0.025546,-0.062528,-0.221181,0.114198,-0.115888,-0.26643,0.01114,-0.205201,-0.456978,-0.007675,-0.208728,-0.539686,0.008343,-0.362834,-0.503891,0.134667,-0.544991,-0.663672,0.146851,-0.668121,-0.671259,-0.013753,-0.807947,-0.701033,-0.120566,-0.777949,-0.691887,0.008488,-0.784936,-0.733888,0.063959,-1.0,-0.638852,0.053073,-0.83903,-0.544286,0.015142,-0.712256,-0.491125,0.053096,-0.708882,-0.607922,0.051341,-0.667785,-0.484669,-0.088715,-0.489707,-0.527324,0.14484,-0.341761,-0.484474,0.018219,-0.108944,-0.495946,0.064661
I,0.0,0.0,0.0,0.073939,-0.023916,0.020931,0.242905,-0.078748,-0.043759,0.020147,-0.121822,-0.11114,0.010679,-0.328215,0.154176,-0.073514,-0.489851,-0.072742,-0.182461,-0.686619,-0.086242,-0.281642,-0.709421,0.027726,-0.514599,-0.852838,0.027504,-0.757597,-0.834373,-0.098691,-0.685294,-0.85439,-0.158636,-0.843775,-0.836016,-0.106878,-0.884885,-0.910358,-0.189676,-0.723147,-0.778936,-0.004902,-0.920993,-0.681312,-0.041059,-1.0,-0.768163,-0.00522,-0.657767,-0.701523,-0.032989,-0.559522,-0.678928,-0.126826,-0.505243,-0.624295,0.000434,-0.115242,-0.645856,-0.134717,-0.216684,-0.707448,-0.02385
I,0.0,0.0,0.0,-0.106376,-0.158128,0.078424,0.055653,-0.11301,0.111006,-0.03,-0.356046,0.009003,0.026645,-0.563283,-0.00382,-0.062565,-0.490469,0.032703,-0.255938,-0.519813,-0.002188,-0.471006,-0.582532,0.012568,-0.545213,-0.598661,-0.117001,-0.712477,-0.719768,-0.084244,-0.829107,-0.686572,-0.006378,-0.970968,-0.687061,0.086207,-0.909273,-0.766871,0.146419,-0.882972,-0.695715,0.046426,-1.0,-0.671079,0.193017,-0.804933,-0.621917,0.103737,-0.691464,-0.530411,0.109105,-0.586353,-0.760872,0.170181,-0.479787,-0.599867,0.081886,-0.332368,-0.611812,0.079736,-0.103571,-0.502912,0.107963
I,0.0,0.0,0.0,0.068959,-0.240094,-0.060459,-0.067796,-0.267835,0.049306,-0.106685,-0.311193,-0.031503,-0.109262,-0.428295,0.120649,-0.221519,-0.537712,-0.082414,-0.333306,-0.687444,-0.011112,-0.379619,-0.63343,-0.100888,-0.501996,-0.726255,-0.070492,-0.741754,-0.761078,-0.06329,-0.749669,-0.765711,-0.027454,-0.904208,-0.814521,-0.028861,-0.884601,-0.726624,-0.03981,-1.0,-0.716956,-0.032811,-0.948795,-0.766468,-0.092972,-0.702394,-0.722146,-0.057206,-0.597493,-0.658786,-0.007702,-0.61898,-0.722885,-0.058643,-0.353893,-0.762928,-0.019543,-0.297484,-0.569558,-0.021233,-0.132907,-0.68377,-0.142007
I,0.0,0.0,0.0,0.056789,-0.235913,-0.12178,0.102957,-0.26877,0.097319,0.102042,-0.344898,-0.074083,0.031518,-0.493923,-0.027593,-0.074298,-0.599248,0.006375,-0.108125,-0.882448,0.033948,-0.481816,-0.7564,0.108232,-0.497274,-0.828345,-0.123865,-0.57902,-0.857321,-0.163909,-0.75708,-1.0,-0.118698,-0.864651,-0.907648,-0.153088,-0.891639,-0.909663,-0.069248,-0.852157,-0.903488,-0.113449,-0.82295,-0.874326,0.052496,-0.65363,-0.935137,0.034065,-0.56339,-0.899086,0.033621,-0.418543,-0.838288,-0.040715,-0.32679,-0.6971,-0.119699,-0.10516,-0.896114,0.039897,-0.025531,-0.792202,-0.019913
I,0.0,0.0,0.0,0.159483,-0.173206,-0.032978,0.172935,-0.271594,0.042374,0.096178,-0.249463,0.14767,0.059113,-0.361732,0.008909,-0.085444,-0.563191,0.016765,-0.272492,-0.572241,-0.004874,-0.199205,-0.648534,-0.025612,-0.443279,-0.638037,0.110574,-0.573801,-0.715924,-0.117993,-0.703213,-0.848059,-0.011612,-0.819628,-0.708324,0.019592,-0.729249,-0.840355,0.031568,-1.0,-0.764888,0.004251,-0.879387,-0.739345,0.057851,-0.796457,-0.827659,0.18289,-0.558718,-0.631309,0.114235,-0.382496,-0.600205,-0.140446,-0.288526,-0.891499,-0.130944,-0.174657,-0.701073,-0.018505,-0.012871,-0.648096,-0.030617
I,0.0,0.0,0.0,0.038635,-0.033684,-0.00494,0.159369,-0.090773,0.033593,0.025219,-0.103671,0.129631,0.00791,-0.449007,0.084197,-0.005145,-0.499598,0.088314,-0.273216,-0.391228,0.073269,-0.501636,-0.751169,0.110515,-0.713087,-0.722847,-0.040555,-0.89939,-0.892733,0.012146,-0.745114,-0.757052,-0.014453,-0.87151,-0.874186,-0.101612,-1.0,-0.964118,0.115263,-0.931891,-0.887946,0.086332,-0.94136,-0.705505,-0.009422,-0.810361,-0.856759,0.179413,-0.644424,-0.764447,0.220141,-0.721134,-0.580776,0.228735,-0.396053,-0.670056,0.111243,-0.321501,-0.419484,0.007843,-0.018251,-0.717293,0.170251
I,0.0,0.0,0.0,-0.162782,-0.211402,0.023545,0.041817,-0.278286,0.185333,-0.135384,-0.328063,0.043076,-0.15787,-0.60632,-0.025554,-0.23106,-0.558095,0.0548,-0.31128,-0.657672,-0.087917,-0.389242,-0.81702,-0.083397,-0.71194,-0.716626,0.042211,-0.792359,-0.797158,-0.035507,-0.753022,-0.972672,-0.010736,-0.94051,-0.8735,-0.030399,-0.954151,-0.793494,0.128535,-1.0,-0.815883,-0.025257,-0.925395,-0.792212,0.010388,-0.885548,-0.767545,-0.023408,-0.744046,-0.746581,0.071596,-0.635251,-0.726353,0.134595,-0.510234,-0.630524,-0.055214,-0.518256,-0.713338,-0.187142,-0.260983,-0.566778,-0.11602
I,0.0,0.0,0.0,0.211659,-0.148517,0.094429,0.28826,-0.242968,-0.05418,0.11104,-0.327647,0.023062,0.106398,-0.606605,0.046461,0.037711,-0.678305,-0.014816,-0.031281,-0.754023,-0.00311,-0.345946,-0.626206,0.087139,-0.358402,-0.889059,0.000963,-0.450045,-0.95624,-0.195391,-0.593186,-1.0,0.003448,-0.618209,-0.963854,-0.036384,-0.54252,-0.829228,-0.011023,-0.503469,-0.95372,-0.014758,-0.637519,-0.950995,0.194674,-0.538959,-0.865939,0.109794,-0.434862,-0.799559,-0.008351,-0.423106,-0.591516,-0.02752,-0.059547,-0.793414,0.110781,-0.017011,-0.676557,0.084408,-0.051095,-0.781462,-0.089668
I,0.0,0.0,0.0,0.034317,-0.193603,0.221911,-0.029767,-0.197284,0.019797,0.200606,-0.377054,0.195787,-0.170554,-0.444667,0.375863,-0.098756,-0.549446,0.202816,-0.314992,-0.596593,0.245827,-0.454063,-0.655691,0.174624,-0.616406,-0.807062,0.085889,-0.678695,-0.722152,0.020299,-0.890035,-0.883775,0.190648,-1.0,-0.633798,0.153623,-0.903109,-0.905841,0.15888,-0.951859,-0.884699,0.186643,-0.864884,-0.790551,0.134567,-0.706506,-0.826908,0.237969,-0.797656,-0.769043,0.291962,-0.601332,-0.619496,0.019658,-0.376531,-0.695567,0.031439,-0.09699,-0.571661,0.188872,-0.011954,-0.611322,0.073616
I,0.0,0.0,0.0,-0.021341,-0.131443,0.137374,0.130789,-0.207939,-0.000143,0.048996,-0.419985,0.101368,0.093206,-0.20517,-0.002805,-0.012932,-0.560669,-0.020596,-0.308758,-0.586837,-0.027744,-0.414052,-0.714099,-0.037198,-0.581736,-0.938252,0.009266,-0.651281,-0.850284,0.020249,-0.661743,-0.809204,0.099816,-0.678519,-0.613532,-0.091512,-1.0,-0.8464,0.03684,-0.774823,-0.738395,-0.046085,-0.907667,-0.76253,-0.046872,-0.770939,-0.820751,-0.045731,-0.729796,-0.656451,0.12345,-0.50382,-0.579502,0.15281,-0.343991,-0.633757,0.071945,-0.225205,-0.807598,0.128805,-0.05062,-0.738075,0.128747
I,0.0,0.0,0.0,0.12819,0.008919,-0.084645,0.266469,-0.268275,0.064501,-0.066102,-0.406506,-0.008037,0.017215,-0.436047,-0.032536,-0.144679,-0.621083,-0.032835,-0.230571,-0.519904,-0.088679,-0.264854,-0.668333,-0.145054,-0.623702,-0.671023,-0.194731,-0.636411,-0.819105,-0.132591,-0.643692,-0.831496,-0.137681,-0.721701,-0.792039,-0.173068,-0.934882,-0.896027,-0.098127,-0.942037,-0.803591,-0.080105,-1.0,-0.892119,-0.275221,-0.743564,-0.663331,-0.183128,-0.705036,-0.727087,-0.115555,-0.547905,-0.642606,-0.080191,-0.434174,-0.829302,0.113465,-0.085511,-0.693026,-0.077302,-0.086173,-0.625244,-0.17446
I,0.0,0.0,0.0,0.163163,-0.042747,-0.113732,0.079598,-0.398135,-0.06636,0.136252,-0.382353,-0.124627,0.140815,-0.418735,0.033134,-0.12785,-0.624318,0.009566,-0.182925,-0.704316,-0.144637,-0.321318,-0.659079,-0.14219,-0.403603,-0.760808,-0.217533,-0.667865,-0.874362,-0.263786,-0.752645,-0.746448,-0.161651,-0.853493,-0.722481,-0.219102,-0.910866,-0.767755,-0.075001,-0.845745,-0.778376,-0.079005,-0.884248,-1.0,-0.124895,-0.625832,-0.814093,-0.031601,-0.581808,-0.879059,-0.096305,-0.433052,-0.78019,-0.102155,-0.285969,-0.693668,-0.011583,-0.14567,-0.765954,-0.153416,-0.049121,-0.59583,-0.175828
I,0.0,0.0,0.0,0.103699,-0.143383,0.166025,0.185416,-0.219748,0.160731,0.27499,-0.437804,0.021116,0.063617,-0.427795,0.163012,-0.037892,-0.42529,0.004362,-0.010045,-0.571309,0.07806,-0.303939,-0.837872,0.022452,-0.304931,-0.938421,-0.127391,-0.506062,-0.837338,0.172943,-0.768238,-0.921705,0.107903,-0.73099,-0.934301,0.09042,-0.834519,-0.84022,-0.05506,-0.909185,-0.91098,-0.136975,-0.732056,-1.0,0.118588,-0.636929,-0.828675,0.145572,-0.515208,-0.81212,0.262364,-0.356968,-0.694769,0.190553,-0.181891,-0.568138,0.09653,-0.088389,-0.782296,0.037031,-0.016009,-0.681903,-0.040663
I,0.0,0.0,0.0,-0.011605,-0.091957,0.004942,-0.142158,-0.330887,0.137254,0.173456,-0.325124,0.097118,-0.06356,-0.494089,0.127723,-0.068457,-0.570257,0.002852,-0.135503,-0.579037,0.045389,-0.36178,-0.769653,0.024987,-0.59592,-0.871169,-0.160251,-0.549646,-0.899966,-0.0276,-0.767422,-0.644727,-0.023774,-0.982547,-0.784964,-0.075585,-0.896274,-0.919808,-0.009992,-0.866039,-0.897587,-0.040481,-0.829083,-1.0,-0.091249,-0.625914,-0.760614,-0.006874,-0.772529,-0.757283,0.112262,-0.302906,-0.578293,-0.041577,-0.401105,-0.818358,-0.056734,-0.238858,-0.725605,0.143476,-0.199775,-0.708484,-0.197283
I,0.0,0.0,0.0,0.01563,-0.109966,-0.22987,-0.016078,-0.091712,-0.012277,0.000435,-0.150921,-0.127758,-0.255419,-0.31264,0.05979,-0.021348,-0.54154,-0.100729,-0.194755,-0.58094,-0.071915,-0.452748,-0.695728,-0.175486,-0.467822,-0.669868,-0.024029,-0.639764,-0.587119,-0.070844,-0.736228,-0.748594,0.103417,-0.870305,-0.902556,-0.10091,-1.0,-0.657879,-0.043625,-0.936812,-0.78796,-0.065009,-0.928119,-0.626003,-0.010759,-0.561166,-0.68966,-0.064855,-0.689529,-0.629426,0.042941,-0.561187,-0.435449,-0.001685,-0.430302,-0.629876,0.015491,-0.245852,-0.562899,-0.138291,-0.125726,-0.622108,-0.006402
I,0.0,0.0,0.0,0.015832,-0.094419,-0.038062,-0.122976,-0.273633,0.047747,-0.050448,-0.258811,0.047493,0.096476,-0.485134,0.0731,-0.182585,-0.510339,0.132554,-0.241107,-0.80659,0.063259,-0.520986,-0.747009,0.053661,-0.681392,-0.690918,-0.051819,-0.555078,-0.823854,0.104452,-0.752904,-0.904721,-0.139249,-0.926378,-0.909991,0.108062,-1.0,-0.878696,-0.112361,-0.945163,-0.928585,0.062349,-0.886545,-0.863818,0.126648,-0.869759,-0.887681,0.188833,-0.80308,-0.691968,0.100365,-0.554405,-0.672978,-0.022916,-0.296824,-0.604608,0.07502,-0.395025,-0.75417,0.065083,-0.318734,-0.655185,-0.12055
I,0.0,0.0,0.0,0.194977,0.029855,0.03556,0.148971,-0.044965,0.051938,-0.07039,-0.129193,0.08195,0.037205,-0.426921,0.039267,-0.003032,-0.411438,0.021879,-0.063619,-0.295498,-0.000765,-0.241557,-0.588256,-0.067225,-0.403767,-0.503056,0.006943,-0.38101,-0.726597,-0.151649,-0.539944,-0.544065,-0.056487,-1.0,-0.703004,-0.024448,-0.789871,-0.631305,0.102765,-0.627604,-0.569806,-0.012246,-0.722259,-0.547526,0.013206,-0.609908,-0.678308,-0.026034,-0.459683,-0.617295,0.044362,-0.362013,-0.48235,0.05655,-0.217438,-0.540673,-0.101261,-0.195461,-0.439841,-0.103885,-0.095232,-0.570329,-0.169124
I,0.0,0.0,0.0,0.01622,-0.211884,0.113849,0.031504,-0.207833,-0.014785,0.118277,-0.416334,0.058064,0.082874,-0.432301,0.092773,-0.051965,-0.554004,0.096784,-0.177247,-0.672239,0.003923,-0.327645,-0.68903,0.070421,-0.34454,-0.759635,-0.047976,-0.456919,-0.869941,0.077171,-0.649632,-0.847827,0.034347,-0.657823,-1.0,-0.096972,-0.708965,-0.843922,-0.017411,-0.731292,-0.956038,0.306851,-0.61894,-0.77696,0.089696,-0.683733,-0.889116,0.088666,-0.592238,-0.819328,-0.006087,-0.379496,-0.760197,0.130546,-0.225061,-0.695895,0.270934,-0.06223,-0.79981,0.084143,-0.007748,-0.813334,-0.077906
I,0.0,0.0,0.0,0.100872,-0.131512,0.191846,0.131536,-0.271446,0.242116,-0.056042,-0.187373,0.059696,-0.035618,-0.51634,0.093425,0.092993,-0.607411,0.171441,-0.267444,-0.590162,0.044554,-0.367783,-0.688023,0.007941,-0.319562,-0.742672,0.026212,-0.711526,-0.828408,-0.058925,-0.634444,-0.826495,0.027092,-0.769133,-0.920541,-0.041563,-0.898996,-0.848725,0.105836,-1.0,-0.873123,-0.143616,-0.935577,-0.756652,0.182498,-0.852428,-0.802816,0.125151,-0.574044,-0.630654,0.137195,-0.543463,-0.827211,0.124794,-0.226503,-0.601543,0.111608,-0.223049,-0.743623,0.048468,-0.113406,-0.687865,0.129595
I,0.0,0.0,0.0,-0.082018,-0.203425,0.113985,-0.139823,-0.242725,0.217948,0.040085,-0.374911,0.068669,-0.009439,-0.430198,0.09814,-0.207227,-0.544661,0.079503,-0.225283,-0.545103,-0.020794,-0.5099,-0.610614,0.070259,-0.641287,-0.695386,0.064472,-0.522662,-0.826528,0.111206,-0.902316,-0.728676,0.099845,-0.753362,-0.756809,0.03411,-1.0,-0.876433,-0.069584,-0.98082,-0.780707,0.080668,-0.887442,-0.843663,-0.026941,-0.77846,-0.724759,0.044116,-0.722546,-0.606619,0.206305,-0.66364,-0.700089,0.219393,-0.430972,-0.694765,0.174543,-0.206555,-0.598146,0.051275,-0.111147,-0.564044,0.045262
I,0.0,0.0,0.0,0.264221,-0.232277,-0.159886,0.038039,-0.304948,-0.205307,0.056329,-0.372373,-0.081693,-0.10908,-0.41447,-0.202971,-0.142153,-0.740623,-0.18465,-0.265032,-0.804286,-0.349998,-0.327898,-0.79512,-0.001605,-0.447134,-0.914248,-0.294401,-0.630839,-0.882693,-0.250119,-0.733823,-0.792893,-0.23976,-0.970977,-0.881321,-0.171937,-1.0,-0.908505,-0.254725,-0.829156,-0.770751,-0.165279,-0.734043,-0.989561,-0.249683,-0.576092,-0.834051,-0.065109,-0.528375,-0.866377,-0.047651,-0.428207,-0.897912,-0.002644,-0.230537,-0.876772,-0.12567,-0.208423,-0.655262,-0.277292,0.222348,-0.789293,-0.130374
I,0.0,0.0,0.0,-0.075136,-0.14168,0.048164,-0.029222,-0.214268,0.013324,0.001653,-0.335166,0.03448,-0.032243,-0.360158,-0.025702,-0.185914,-0.438832,0.103723,-0.35066,-0.590831,-0.034523,-0.470717,-0.592597,0.034394,-0.482385,-0.68188,-0.123728,-0.631105,-0.702674,-0.030595,-0.87045,-0.749627,-0.11774,-0.820128,-0.772591,-0.059329,-1.0,-0.663175,-0.022331,-0.885484,-0.768561,-0.098315,-0.889623,-0.716956,0.057418,-0.802767,-0.711241,-0.056283,-0.671442,-0.68675,0.144127,-0.541946,-0.565555,0.025625,-0.407581,-0.649532,-0.056532,-0.29313,-0.540256,-0.131759,-0.216356,-0.45807,0.017833
I,0.0,0.0,0.0,0.017854,-0.005186,0.047634,-0.121667,-0.068199,0.250972,-0.163387,-0.153538,0.044033,-0.132294,-0.335619,-0.012879,-0.202058,-0.564892,0.093954,-0.155053,-0.579187,0.027105,-0.454872,-0.533411,0.046275,-0.513979,-0.696388,0.030058,-0.946837,-0.651351,-0.098465,-0.83321,-0.668331,-0.120493,-0.806715,-0.737487,0.105592,-0.988922,-0.851411,0.018268,-0.881333,-0.65429,-0.039012,-1.0,-0.698229,0.09948,-0.773618,-0.532112,0.048175,-0.834135,-0.528391,0.091326,-0.55609,-0.53277,0.159502,-0.444136,-0.484973,0.091051,-0.359038,-0.579318,0.073816,-0.247332,-0.506105,0.01983
I,0.0,0.0,0.0,0.034291,-0.19209,-0.0129,0.069822,-0.189714,-0.02979,-0.015773,-0.291597,-0.020151,-0.009172,-0.512301,-0.098827,-0.095726,-0.485644,-0.003001,-0.317677,-0.632216,-0.06897,-0.516898,-0.711578,-0.003914,-0.386643,-0.640107,-0.012028,-0.520115,-0.881704,0.044056,-0.595829,-0.841085,-0.018465,-0.712615,-0.72365,-0.063874,-0.838643,-0.84874,0.024616,-0.917132,-1.0,0.045256,-0.731679,-0.77194,-0.084267,-0.793854,-0.787072,0.039819,-0.619308,-0.654973,-0.046613,-0.497416,-0.643411,-0.015785,-0.358991,-0.716852,-0.06248,-0.190738,-0.634471,-0.011877,-0.147776,-0.687368,0.060556
I,0.0,0.0,0.0,0.154442,-0.169571,-0.139969,0.292906,-0.207519,0.113496,0.011515,-0.397039,0.162633,0.224354,-0.664874,0.111306,0.14829,-0.655394,-0.088326,-0.045349,-0.666363,-0.011298,-0.333202,-0.745868,-0.081535,-0.353789,-0.760859,-0.167266,-0.445813,-0.934115,-0.066811,-0.584612,-1.0,-0.140473,-0.835466,-0.856841,-0.068387,-0.699817,-0.977848,-0.107646,-0.693047,-0.897374,-0.015154,-0.677367,-0.966102,0.102802,-0.523573,-0.805094,0.008586,-0.505949,-0.712389,0.134906,-0.23023,-0.860857,-0.035295,-0.229904,-0.752667,0.001167,-0.132967,-0.680948,-0.017796,-0.074284,-0.865902,-0.014442
I,0.0,0.0,0.0,0.014374,-0.054353,0.069391,-0.001326,-0.176135,0.034472,-0.172003,-0.305924,0.162631,-0.230796,-0.355169,0.028454,-0.214801,-0.376047,-0.006663,-0.353336,-0.406595,0.024599,-0.513187,-0.457532,-0.005419,-0.514469,-0.622894,-0.0609,-0.790103,-0.624703,-0.019039,-0.912035,-0.623314,0.018217,-0.989082,-0.669436,0.028626,-1.0,-0.649486,0.079667,-0.812409,-0.583562,0.018163,-0.925057,-0.528932,0.120555,-0.89871,-0.501179,0.019072,-0.784242,-0.542479,0.124832,-0.595334,-0.490298,0.075643,-0.464195,-0.499411,0.078105,-0.419449,-0.443542,0.072953,-0.227013,-0.443568,0.028518
I,0.0,0.0,0.0,0.12615,0.024892,-0.100191,0.09485,-0.108568,-0.077374,-0.013122,-0.210256,0.050158,-0.150535,-0.229035,-7.4e-05,-0.058181,-0.268432,-0.078516,-0.411762,-0.38498,-0.110391,-0.481165,-0.609545,-0.03065,-0.650263,-0.590212,-0.104736,-0.72091,-0.578542,-0.132842,-0.906324,-0.799129,-0.105062,-0.942403,-0.716987,-0.09586,-0.90595,-0.567242,-0.199437,-1.0,-0.558703,0.068209,-0.99197,-0.497334,-0.13951,-0.756487,-0.593168,0.100774,-0.767702,-0.562117,-0.028691,-0.715509,-0.646447,0.012095,-0.374025,-0.442148,-0.143938,-0.272185,-0.55896,-0.038359,-0.096396,-0.461147,0.021377
I,0.0,0.0,0.0,-0.030139,-0.122443,-0.006691,0.078526,-0.182158,-0.082522,-0.012987,-0.228281,-0.117202,0.064261,-0.46303,0.053392,0.037943,-0.549342,0.075279,-0.213717,-0.642134,-0.017148,-0.308891,-0.772239,-0.114573,-0.509937,-0.760278,-0.190967,-0.657178,-0.919088,-0.004156,-0.91978,-0.689898,-0.081158,-0.92862,-0.875759,0.003873,-0.830814,-0.866788,-0.135738,-1.0,-0.800455,0.08516,-0.766642,-0.780003,0.105847,-0.61673,-0.662854,0.116376,-0.717745,-0.646739,0.081752,-0.459212,-0.592861,0.063825,-0.369511,-0.760447,-0.008585,-0.197266,-0.64384,0.010463,-0.00706,-0.604481,-0.037915
I,0.0,0.0,0.0,0.157854,-0.159525,-0.112028,0.202423,-0.201613,-0.027596,0.164221,-0.256726,-0.110583,0.189701,-0.377392,-0.060047,0.031615,-0.394566,-0.06318,-0.22684,-0.650751,-0.192384,-0.140062,-0.649414,-0.034432,-0.512242,-0.722946,-0.324274,-0.716331,-0.885351,-0.106792,-0.78452,-0.880114,-0.131558,-0.721723,-0.710209,-0.213114,-0.867228,-0.964956,-0.221455,-0.919159,-1.0,-0.011791,-0.783211,-0.622083,-0.212406,-0.736873,-0.855417,-0.182695,-0.516879,-0.714956,-0.059758,-0.341193,-0.642726,-0.218819,-0.341372,-0.700684,0.138089,-0.094147,-0.694211,-0.128637,-0.075653,-0.689818,-0.129562
I,0.0,0.0,0.0,0.044698,-0.163134,-0.016398,-0.021763,-0.272177,-0.045395,0.153579,-0.163065,-0.070547,0.13847,-0.502522,0.117729,-0.080347,-0.464376,-0.060326,-0.39197,-0.684906,0.05011,-0.227313,-0.787631,-0.0203,-0.613418,-0.767668,-0.196565,-0.570403,-0.810382,0.032459,-0.839868,-0.822855,0.051333,-0.897694,-0.832672,-0.097781,-1.0,-0.923783,-0.070548,-0.848421,-0.663317,-0.087464,-0.873474,-0.811614,0.159342,-0.805783,-0.749205,-0.006815,-0.822556,-0.648158,0.088669,-0.513829,-0.731963,0.036438,-0.321358,-0.576683,-0.071245,-0.288155,-0.769003,0.019621,-0.023965,-0.683583,-0.078172
I,0.0,0.0,0.0,0.131152,-0.230621,-0.062943,0.037206,-0.424825,-0.085817,0.015046,-0.49305,-0.046624,0.023598,-0.591359,-0.00893,-0.075946,-0.624463,-0.108667,-0.127034,-0.758015,0.03511,-0.31751,-0.796164,-0.056861,-0.374948,-0.779612,0.007696,-0.506261,-0.886248,-0.162223,-0.663022,-0.80023,-0.221039,-0.783573,-0.925155,-0.17145,-0.792906,-0.777182,-0.115773,-0.735294,-1.0,-0.150218,-0.660138,-0.742829,-0.03894,-0.672476,-0.794546,-0.22277,-0.533151,-0.872092,0.015336,-0.580271,-0.817403,-0.051038,-0.351156,-0.782014,-0.002081,-0.173489,-0.813921,-0.02076,-0.042468,-0.735843,-0.168616
I,0.0,0.0,0.0,0.267445,-0.122902,0.137929,0.440413,-0.073624,0.230269,0.241321,-0.311771,0.310437,0.096359,-0.322614,0.056336,0.155689,-0.540792,0.152654,0.186598,-0.723799,-0.052776,-0.172056,-0.807118,0.130472,-0.301911,-0.869268,0.09432,-0.542376,-0.745063,0.002559,-0.764738,-0.864067,-0.050564,-0.761722,-0.975128,0.045217,-0.615974,-0.828858,0.180137,-0.800381,-0.990559,0.136335,-0.740909,-0.867992,0.146964,-0.73309,-0.819168,0.103776,-0.483588,-1.0,0.289896,-0.509926,-0.872082,0.186058,-0.149086,-0.541732,0.151673,-0.028959,-0.71564,0.247788,0.366633,-0.761918,0.117575
I,0.0,0.0,0.0,-0.002862,-0.320729,-0.113382,0.213985,-0.217985,-0.076452,0.149288,-0.356692,-0.06283,0.057799,-0.6685,-0.107534,-0.245879,-0.613752,-0.179717,-0.156901,-0.693549,-0.118386,-0.430605,-0.709805,-0.332035,-0.661218,-0.758515,-0.250463,-0.929718,-0.792688,-0.126958,-0.804067,-0.942948,-0.073461,-0.849037,-0.820739,-0.145955,-1.0,-0.986468,-0.298522,-0.965212,-0.874597,-0.188171,-0.904903,-0.923654,-0.053998,-0.943941,-0.950129,-0.137767,-0.658317,-0.921057,-0.018959,-0.723678,-0.805995,-0.250945,-0.643128,-0.727905,-0.161658,-0.370887,-0.798591,-0.133348,-0.13393,-0.779048,-0.235173
I,0.0,0.0,0.0,0.047348,-0.127867,0.039755,0.076548,-0.234807,0.139905,0.193421,-0.261324,0.09596,-0.005909,-0.285693,0.213964,-0.05984,-0.497346,0.09783,-0.156467,-0.581251,0.086433,-0.230315,-0.674274,0.215154,-0.546664,-0.735747,0.028152,-0.397631,-0.75455,-0.076792,-0.627998,-0.754564,0.050413,-0.749769,-0.805793,0.184869,-1.0,-0.602878,0.100976,-0.838187,-0.580045,-0.044693,-0.669326,-0.841627,-0.008071,-0.749269,-0.713137,0.089239,-0.618567,-0.775803,0.124567,-0.427405,-0.570397,0.094578,-0.225271,-0.587073,0.138311,-0.218894,-0.626992,0.142616,0.054094,-0.539982,-0.04412
I,0.0,0.0,0.0,0.116697,-0.021367,-0.03477,0.065515,-0.293788,-0.050132,0.127878,-0.287649,-0.108581,-0.022492,-0.426198,-0.081922,0.145732,-0.491811,-0.096306,-0.045465,-0.58538,-0.037248,-0.258905,-0.673208,-0.243119,-0.287538,-0.986522,-0.147959,-0.602079,-0.824987,-0.132401,-0.673723,-1.0,-0.112598,-0.522567,-0.842426,-0.051013,-0.59875,-0.940241,-0.128806,-0.786275,-0.848645,0.038129,-0.64698,-0.715642,-0.061269,-0.672202,-0.694167,0.038289,-0.469577,-0.678053,-0.12776,-0.325298,-0.595172,-0.024957,-0.368567,-0.558275,-0.132548,-0.097922,-0.597929,-0.016232,-0.137108,-0.661242,-0.105614
I,0.0,0.0,0.0,-0.005803,-0.135738,-0.069567,0.086783,-0.327643,-0.001184,-0.089768,-0.399089,0.014483,-0.167086,-0.412309,-0.099746,-0.366865,-0.500518,-0.069066,-0.452098,-0.671556,-0.230785,-0.392279,-0.591549,-0.059601,-0.509262,-0.787004,-0.100143,-0.708669,-0.775603,-0.080281,-0.728616,-0.840406,-0.251786,-0.904319,-0.834777,-0.116925,-0.869633,-0.950857,-0.167148,-1.0,-0.701184,-0.110917,-0.926352,-0.726039,-0.118821,-0.812744,-0.60186,0.067366,-0.734334,-0.716212,-0.105579,-0.717907,-0.600549,0.107291,-0.474052,-0.71693,-0.106643,-0.303105,-0.733139,-0.142364,-0.118131,-0.648423,-0.03773
I,0.0,0.0,0.0,0.054844,-0.106349,-0.02938,-0.035153,-0.088582,0.057385,0.128896,-0.310657,-0.098121,-0.036361,-0.221501,0.091955,-0.232064,-0.578971,0.167543,-0.314105,-0.423334,0.102829,-0.453184,-0.529677,-0.044236,-0.651344,-0.748872,0.067997,-0.585264,-0.754798,-0.148455,-0.909202,-0.831691,-0.102751,-0.848828,-0.604512,0.072605,-1.0,-0.80186,-0.007637,-0.881018,-0.60481,0.018959,-0.747701,-0.534283,0.049665,-0.814246,-0.693114,0.095532,-0.698366,-0.562692,-0.027649,-0.576104,-0.577231,0.151723,-0.217788,-0.683486,0.014161,-0.424052,-0.661999,-0.096712,-0.162474,-0.601074,0.055026
I,0.0,0.0,0.0,0.006618,-0.272167,0.060059,0.238238,-0.052695,0.105191,0.202288,-0.326644,0.063348,0.034268,-0.480314,0.082862,-0.114012,-0.585926,-0.071673,-0.162491,-0.740702,0.000615,-0.302663,-0.69727,0.034212,-0.503824,-0.765672,-0.083829,-0.776752,-0.8049,-0.033302,-0.657616,-0.872809,-0.180866,-0.825721,-0.808894,-0.006168,-0.87253,-1.0,-0.102647,-0.823192,-0.979777,-0.023256,-0.813761,-0.730981,0.071129,-0.658729,-0.763759,-0.02914,-0.667185,-0.826786,0.085497,-0.537297,-0.75595,0.031813,-0.209454,-0.653898,-0.049137,-0.183858,-0.568758,0.035457,-0.194919,-0.776982,-0.112898
I,0.0,0.0,0.0,-0.094992,-0.19041,0.074876,-0.09716,-0.318116,-0.022676,0.049931,-0.538849,-0.039183,-0.073155,-0.604597,0.051877,-0.195992,-0.559559,0.058292,-0.188534,-0.697906,0.142659,-0.437399,-0.612271,0.109702,-0.594577,-0.783,-0.00815,-0.748361,-0.968733,-0.059504,-0.682907,-0.984827,-0.047186,-0.922881,-0.906127,0.042542,-0.991799,-0.860558,0.11934,-0.861153,-0.894444,0.102709,-1.0,-0.900638,-0.010346,-0.838036,-0.878854,-0.023182,-0.753528,-0.911978,0.192601,-0.635718,-0.681021,0.047354,-0.543828,-0.647592,0.072776,-0.17676,-0.763406,0.009975,-0.122341,-0.66017,0.032851
I,0.0,0.0,0.0,-0.220853,-0.083106,0.193832,-0.151614,-0.056103,0.139969,-0.088953,-0.220172,0.142627,-0.160272,-0.367991,0.080477,-0.265149,-0.292868,0.00645,-0.515934,-0.504761,0.149931,-0.499636,-0.623669,0.070889,-0.728569,-0.559518,0.030592,-0.734042,-0.606498,0.054247,-0.854407,-0.588153,0.092091,-0.997602,-0.67334,-0.015805,-1.0,-0.618867,0.042407,-0.928865,-0.678136,0.111363,-0.842194,-0.476546,0.094102,-0.909076,-0.617525,0.169658,-0.774497,-0.652111,0.071308,-0.65001,-0.603898,0.124664,-0.504493,-0.470298,0.067867,-0.350426,-0.544724,0.00583,-0.318579,-0.621708,0.170593
J,0.0,0.0,0.0,-0.159131,0.06858,0.161703,0.051265,-0.135731,-0.029237,-0.092849,-0.412147,0.06745,0.00778,-0.416176,0.103875,-0.113142,-0.61611,0.20855,-0.23672,-0.531745,0.111607,-0.400854,-0.620898,0.127405,-0.662298,-0.660839,0.098466,-0.973969,-0.697584,0.039449,-1.0,-0.726589,-0.081532,-0.899542,-0.756422,-0.081071,-0.868404,-0.767595,0.037978,-0.83328,-0.781863,0.041766,-0.91671,-0.69751,0.23642,-0.740785,-0.615541,0.119479,-0.614708,-0.754729,0.264396,-0.621353,-0.443263,0.12002,-0.339483,-0.592129,0.26019,-0.164784,-0.565766,-0.016428,-0.146913,-0.579601,-0.071702
J,0.0,0.0,0.0,0.061325,-0.052695,-0.008387,0.04187,-0.242987,0.084038,-0.050601,-0.193864,0.022951,-0.267735,-0.376124,0.027085,-0.192057,-0.369628,-0.03613,-0.228981,-0.481145,0.034036,-0.501844,-0.557002,-0.121938,-0.532945,-0.611854,-0.11455,-0.716522,-0.65317,-0.109097,-0.892527,-0.790438,-0.103659,-1.0,-0.648621,-0.122306,-0.799667,-0.668389,0.026159,-0.763496,-0.70325,-0.077476,-0.666261,-0.621358,-0.043421,-0.591406,-0.581636,0.047248,-0.639538,-0.711856,0.056482,-0.427501,-0.462778,-0.107264,-0.399785,-0.407096,-0.033824,-0.222147,-0.469109,0.030631,-0.066279,-0.529542,-0.184387
J,0.0,0.0,0.0,0.097463,0.030625,0.13596,-0.083936,-0.006698,0.199253,-0.051736,-0.278242,0.137168,-0.137446,-0.17903,0.099377,-0.283998,-0.31534,0.071875,-0.274039,-0.460956,0.088229,-0.537361,-0.578347,-0.015049,-0.601637,-0.567109,0.176685,-0.798702,-0.673173,0.003393,-0.794724,-0.78065,-0.025159,-1.0,-0.774187,0.005895,-0.778861,-0.630771,0.07809,-0.785481,-0.60481,0.130624,-0.861884,-0.649573,0.020519,-0.781025,-0.591929,0.153842,-0.623714,-0.568531,0.064719,-0.460088,-0.554855,0.148155,-0.492641,-0.480727,0.159193,-0.18073,-0.519163,0.149283,-0.210597,-0.526276,0.047242
J,0.0,0.0,0.0,0.099904,-0.134947,0.164151,-0.080354,-0.040056,0.226544,-0.042474,-0.058635,0.089868,-0.16763,-0.210676,0.089701,-0.202861,-0.275069,0.173848,-0.49711,-0.472494,0.107925,-0.536621,-0.507883,0.085692,-0.696444,-0.578873,-0.045032,-0.816921,-0.712405,0.042596,-0.894176,-0.681738,0.169582,-0.962668,-0.590479,-0.001622,-1.0,-0.573696,0.041657,-0.950827,-0.51301,0.050975,-0.993532,-0.658638,0.219694,-0.728878,-0.460864,0.091312,-0.779325,-0.501077,0.119635,-0.627174,-0.56658,-0.013083,-0.351031,-0.532693,0.122809,-0.298377,-0.396658,0.101791,-0.173834,-0.446867,0.045929
J,0.0,0.0,0.0,0.09424,-0.311818,0.082423,0.056079,-0.352444,0.009049,0.055609,-0.596822,0.142962,-0.020257,-0.582356,-0.046046,-0.098979,-0.699456,0.173916,-0.236598,-0.610012,0.053604,-0.341315,-0.772164,-0.020437,-0.566471,-0.934515,0.166941,-0.726152,-0.899254,0.016712,-0.915764,-0.809114,-0.09936,-1.0,-0.931713,-0.107266,-0.794237,-0.921786,-0.245818,-0.88759,-0.830426,0.011254,-0.952543,-0.851165,0.029106,-0.818653,-0.894615,0.096381,-0.53128,-0.734911,-0.056774,-0.405232,-0.682693,0.191498,-0.380436,-0.736025,0.103213,-0.200641,-0.685281,0.029114,-0.104447,-0.810837,0.110173
J,0.0,0.0,0.0,0.149671,-0.144192,-0.053543,0.08096,-0.216287,0.256869,0.083042,-0.374334,0.218368,0.100889,-0.351383,-0.057814,-0.005456,-0.46125,0.016775,-0.444432,-0.643806,0.13987,-0.436951,-0.762022,-0.075174,-0.646876,-0.865447,-0.08149,-0.650766,-0.704551,-0.162261,-0.790639,-0.777952,-0.029456,-0.951806,-0.937988,-0.113027,-0.944599,-0.946745,-0.148036,-0.972471,-0.876706,0.05827,-1.0,-0.740046,0.037423,-0.856598,-0.744694,-0.041583,-0.661073,-0.774691,0.004789,-0.41631,-0.760883,-0.031547,-0.261136,-0.832707,0.167871,-0.044845,-0.781033,-0.236846,-0.000565,-0.760831,0.026299
J,0.0,0.0,0.0,0.139821,-0.057369,0.113343,0.113836,-0.303736,0.183197,-0.036739,-0.309284,0.079809,-0.238028,-0.366348,-0.052777,-0.277454,-0.570961,-0.077661,-0.419924,-0.600944,0.023992,-0.498514,-0.758593,0.030562,-0.644196,-0.865741,-0.007976,-0.841145,-0.703783,-0.033256,-0.652133,-0.714237,-0.01226,-0.867284,-0.949026,0.083998,-1.0,-0.767149,-0.025545,-0.966759,-0.76332,0.060135,-0.861749,-0.718295,-0.049614,-0.584919,-0.666818,0.122655,-0.667663,-0.720691,0.103077,-0.479831,-0.528599,0.242137,-0.244923,-0.750522,0.02827,-0.197929,-0.645002,0.036892,-0.274777,-0.55965,-0.126589
J,0.0,0.0,0.0,0.049233,-0.124756,0.135703,0.18726,-0.119107,-0.053785,0.149191,-0.294217,-0.006522,0.061418,-0.568104,0.096938,-0.094124,-0.53424,0.11615,-0.171887,-0.635038,-0.081701,-0.256254,-0.802752,0.044557,-0.673891,-0.663074,0.055746,-0.845762,-0.742271,-0.012895,-0.730896,-0.767651,-0.128505,-0.886638,-0.653139,-0.127376,-0.867766,-0.68203,-0.093726,-1.0,-0.866059,0.055028,-0.919907,-0.731178,0.164957,-0.703805,-0.749381,0.071023,-0.565189,-0.60575,0.204945,-0.36531,-0.43884,0.092324,-0.303772,-0.400341,0.020213,-0.175241,-0.396779,-0.059908,-0.020353,-0.667149,-0.006833
J,0.0,0.0,0.0,-0.057573,0.056651,0.071673,-0.002907,0.01918,-0.029579,0.000917,0.002362,-0.182956,-0.043985,-0.092156,0.009409,-0.253783,-0.35218,0.119159,-0.381881,-0.247957,-0.02949,-0.309904,-0.427411,-0.181322,-0.565156,-0.548242,0.084135,-0.632042,-0.427673,-0.049964,-0.805245,-0.501118,-0.093217,-0.687803,-0.568276,-0.138037,-0.861128,-0.524306,-0.168595,-1.0,-0.579136,0.020216,-0.771689,-0.377064,-0.072336,-0.696038,-0.297202,0.079848,-0.522378,-0.363372,0.013818,-0.440681,-0.366585,-0.05478,-0.26834,-0.428791,0.053899,-0.245017,-0.429665,-0.100033,-0.18685,-0.394555,-0.122523
J,0.0,0.0,0.0,0.175138,-0.11445,0.060198,0.114621,-0.170603,0.055571,0.014649,-0.422097,0.078334,0.094637,-0.480965,-0.00591,-0.162857,-0.61884,-0.019893,-0.416135,-0.686004,0.033895,-0.546584,-0.818791,-0.096128,-0.732909,-0.883646,-0.052844,-0.872268,-0.850141,-0.108955,-0.950202,-0.823142,-0.102419,-0.984658,-0.742398,-0.113018,-0.835494,-0.86983,-0.108637,-1.0,-0.805555,0.126749,-0.814887,-0.77058,0.151303,-0.940528,-0.716471,0.083785,-0.609224,-0.84321,-0.029103,-0.493851,-0.577677,0.216149,-0.374641,-0.773025,0.09923,0.063985,-0.56186,-0.06372,0.214732,-0.616385,-0.092965
J,0.0,0.0,0.0,-0.041974,-0.037335,0.067392,-0.086002,-0.057755,-0.082848,-0.103343,-0.256917,0.034622,-0.247062,-0.518057,0.027512,-0.203304,-0.361838,0.056557,-0.514268,-0.439065,0.142079,-0.472921,-0.627621,-0.032582,-0.558102,-0.691452,0.04407,-0.915324,-0.658016,0.041888,-0.884305,-0.614449,-0.084752,-1.0,-0.617039,0.061712,-0.949706,-0.571339,-0.085196,-0.98158,-0.487163,0.143477,-0.849982,-0.597781,0.145413,-0.777199,-0.663011,0.155024,-0.755985,-0.474212,-0.026495,-0.455034,-0.524455,0.00076,-0.484749,-0.515859,0.061422,-0.22027,-0.486858,-0.11236,-0.295258,-0.312198,0.029305
J,0.0,0.0,0.0,-0.065465,-0.074883,0.067309,0.130873,-0.248269,0.037936,0.003122,-0.238494,0.132224,-0.189369,-0.57319,0.222788,-0.185623,-0.556307,0.114696,-0.409935,-0.47805,0.004378,-0.589467,-0.735996,0.087367,-0.681661,-0.716043,-0.027832,-0.698744,-0.8028,0.126101,-0.671049,-0.852592,0.059625,-1.0,-0.620565,0.022568,-0.995596,-0.74974,0.058182,-0.936596,-0.734815,0.129265,-0.918375,-0.758095,0.091413,-0.79232,-0.631219,0.226155,-0.561012,-0.684368,0.140184,-0.580214,-0.705555,0.164937,-0.354011,-0.688455,0.070791,-0.313974,-0.72245,0.073469,-0.249454,-0.605843,0.074462
J,0.0,0.0,0.0,-0.04386,-0.191298,-0.042793,0.011023,-0.157559,-0.032929,0.126733,-0.353824,-0.177487,-0.064919,-0.453696,-0.031801,-0.146756,-0.580853,-0.160876,-0.334383,-0.798778,-0.10117,-0.491802,-0.623944,-0.2775,-0.597161,-0.620382,-0.09868,-0.646826,-0.744444,-0.282506,-0.804373,-0.754569,-0.238316,-0.889586,-1.0,-0.171282,-0.936744,-0.666681,-0.17149,-0.906806,-0.752904,-0.147574,-0.776339,-0.86485,0.001207,-0.738668,-0.587865,-0.274224,-0.800145,-0.67608,-0.030207,-0.525829,-0.587217,-0.003757,-0.2966,-0.609237,-0.08748,-0.261603,-0.620638,-0.193278,-0.164132,-0.593564,-0.173349
J,0.0,0.0,0.0,0.094925,-0.165309,0.028114,0.199319,-0.255723,-0.087604,0.058397,-0.426065,-0.067792,0.03466,-0.458078,0.0766,-0.20927,-0.597645,-0.001016,-0.244378,-0.691031,-0.025481,-0.436835,-0.683655,-0.122355,-0.593674,-0.741616,-0.139357,-0.780428,-0.807042,-0.202238,-0.770899,-0.926692,-0.047673,-1.0,-0.785992,-0.170692,-0.864273,-0.968259,0.105003,-0.911449,-0.679576,-0.089139,-0.878025,-0.707559,-0.116872,-0.795764,-0.731058,-0.068041,-0.559776,-0.724249,-0.106798,-0.370683,-0.817403,0.074574,-0.284761,-0.734361,-0.102823,-0.121217,-0.768897,0.065416,0.079565,-0.57549,-0.036768
J,0.0,0.0,0.0,0.097246,-0.049425,0.146336,0.084497,-0.30106,0.037605,0.164808,-0.422593,0.133357,-0.062182,-0.475787,0.102674,-0.02156,-0.477724,0.037066,-0.373644,-0.595221,-0.067258,-0.440738,-0.660894,-0.170072,-0.451052,-0.80267,-0.022234,-0.643273,-0.640017,-0.079508,-0.978074,-0.673495,-0.113813,-0.823027,-0.723661,-0.255752,-1.0,-0.777397,-0.183848,-0.96076,-0.707795,0.032022,-0.77519,-0.651428,-0.069356,-0.802025,-0.593918,0.190928,-0.654703,-0.601345,0.138195,-0.422508,-0.615746,0.017586,-0.144433,-0.575024,0.078244,-0.137428,-0.644562,0.028781,-0.073112,-0.624008,0.02671
J,0.0,0.0,0.0,0.083876,-0.04348,-0.179674,0.215093,-0.090723,0.061631,0.12508,-0.382808,0.029473,-0.043416,-0.451171,0.047671,0.027708,-0.349435,0.041589,-0.259369,-0.585098,-0.111167,-0.436135,-0.565291,0.092807,-0.636636,-0.86618,-0.126976,-0.630108,-0.559949,0.016549,-0.708118,-0.823484,-0.162107,-1.0,-0.807525,-0.002494,-0.778915,-0.706792,-0.078589,-0.986089,-0.718372,-0.013919,-0.954568,-0.597009,-0.04349,-0.654252,-0.638924,0.032089,-0.651445,-0.632833,0.063856,-0.450663,-0.669899,0.009094,-0.249876,-0.445548,0.076476,-0.140173,-0.60695,-0.065569,-0.053946,-0.535458,0.016765
J,0.0,0.0,0.0,-0.079784,-0.220211,-0.029748,-0.045706,-0.153153,0.116294,-0.139876,-0.327777,0.065859,-0.185768,-0.341856,-0.017328,-0.352469,-0.511874,-0.03647,-0.54022,-0.685454,0.02719,-0.489025,-0.589947,0.143033,-0.668596,-0.672218,-0.016076,-0.81663,-0.56494,0.012353,-0.87419,-0.825858,0.024574,-0.91557,-0.653924,0.053324,-1.0,-0.737241,0.020178,-0.964485,-0.603562,0.130744,-0.856789,-0.514765,-0.131845,-0.854821,-0.636862,0.032402,-0.769111,-0.735725,0.062291,-0.492609,-0.52189,0.019694,-0.401997,-0.463498,-0.057075,-0.297585,-0.544567,0.036131,-0.108086,-0.695878,-0.063413
J,0.0,0.0,0.0,0.028798,0.081198,-0.074582,0.038089,-0.172911,-0.053223,-0.035304,-0.260468,0.002263,-0.201225,-0.275428,0.113869,-0.317968,-0.39248,-0.15622,-0.416289,-0.420052,-0.087712,-0.437757,-0.513914,-0.083254,-0.711647,-0.539523,-0.074523,-0.874397,-0.697879,-0.31855,-0.961374,-0.66398,-0.187474,-0.985707,-0.534088,-0.017016,-1.0,-0.565459,0.017362,-0.882493,-0.578681,0.031994,-0.812477,-0.662731,-0.044843,-0.818766,-0.449899,-0.061247,-0.712636,-0.428607,0.005035,-0.357298,-0.547794,-0.063193,-0.290772,-0.565481,0.058174,-0.334656,-0.421512,-0.205321,-0.126827,-0.587559,0.058857
J,0.0,0.0,0.0,0.092327,0.013069,-0.080791,0.081679,-0.171021,-0.104667,0.140741,-0.21547,0.054705,0.076233,-0.571039,-0.036591,-0.119549,-0.389241,-0.063382,-0.443181,-0.691841,-0.094595,-0.589339,-0.599363,-0.198356,-0.523604,-0.832149,0.042548,-0.725451,-0.81683,-0.052752,-0.899385,-0.744325,-0.137949,-0.93706,-0.800466,-0.176322,-0.930349,-0.748298,-0.257631,-0.801035,-0.680269,-0.192493,-1.0,-0.643407,0.054594,-0.66953,-0.799904,0.160397,-0.650871,-0.623044,0.028564,-0.295865,-0.605443,0.032385,-0.279209,-0.702532,-0.221592,-0.120331,-0.720506,-0.019818,0.016078,-0.606868,-0.16457
J,0.0,0.0,0.0,0.119212,-0.149542,0.010669,-0.081364,-0.347434,0.222513,0.016327,-0.287749,0.170947,-0.044245,-0.457931,0.157627,-0.297006,-0.542127,0.145522,-0.586244,-0.654838,0.104101,-0.503119,-0.7072,0.112569,-0.68177,-0.811389,0.137298,-0.673979,-0.797678,0.036424,-0.783065,-0.765894,0.080717,-0.871907,-0.791861,0.09117,-1.0,-0.726735,0.067687,-0.939256,-0.822528,0.105038,-0.854402,-0.763537,-0.00033,-0.886626,-0.689491,0.150501,-0.517267,-0.644881,0.012672,-0.535043,-0.527563,0.072402,-0.303555,-0.592243,0.15135,-0.122746,-0.737911,0.147366,-0.156942,-0.68837,0.053763
J,0.0,0.0,0.0,-0.131204,-0.125393,0.161633,-0.073459,-0.404933,0.126346,-0.203443,-0.512093,0.096926,-0.244067,-0.545577,0.122497,-0.206839,-0.644538,0.269619,-0.435387,-0.626164,0.181597,-0.596531,-0.743656,0.090692,-0.636394,-0.776807,0.05528,-0.770912,-0.774347,0.229815,-0.867233,-0.812275,0.129795,-1.0,-0.935009,0.088502,-0.879664,-0.71204,-0.003781,-0.891934,-0.931776,0.184029,-0.856209,-0.870288,0.241985,-0.672962,-0.721569,0.193507,-0.578481,-0.768236,0.107678,-0.614418,-0.662971,0.179762,-0.461815,-0.673855,0.121917,-0.333178,-0.70669,0.084647,-0.335089,-0.6826,-0.020917
J,0.0,0.0,0.0,-0.037563,-0.077668,0.123289,-0.104692,-0.283497,0.056038,-0.078066,-0.242661,0.106947,-0.196286,-0.324771,-0.024492,-0.21408,-0.551161,0.045844,-0.346934,-0.621022,-0.084331,-0.426542,-0.638545,0.066847,-0.655638,-0.558773,-0.09541,-0.628292,-0.673206,-0.006723,-0.905565,-0.647575,0.020812,-0.918357,-0.857006,-0.105149,-1.0,-0.654196,-0.038125,-0.93398,-0.705129,0.126273,-0.841551,-0.619386,-0.006549,-0.756263,-0.673494,0.076899,-0.721107,-0.517709,0.000206,-0.434813,-0.408987,0.045402,-0.271511,-0.480196,-0.077369,-0.231114,-0.498157,0.049109,-0.117567,-0.537811,-0.015793
J,0.0,0.0,0.0,-0.069924,-0.046589,-0.003941,-0.008207,-0.188875,0.07397,-0.019371,-0.245827,-0.039296,-0.08984,-0.231361,0.140949,-0.143798,-0.424265,0.083855,-0.341623,-0.502539,-0.029986,-0.361858,-0.488897,-0.00127,-0.434248,-0.56306,0.008566,-0.658374,-0.714283,-0.091012,-0.77389,-0.641788,0.016255,-0.879128,-0.633014,-0.008333,-0.84535,-0.623693,-0.096264,-1.0,-0.669417,-0.011508,-0.867098,-0.57675,0.124569,-0.641665,-0.508111,0.12965,-0.645537,-0.545201,0.105383,-0.483314,-0.51956,0.186301,-0.308666,-0.349762,-0.09535,-0.235108,-0.446557,0.020294,-0.230983,-0.50706,0.169915
J,0.0,0.0,0.0,0.048569,-0.159282,0.164876,0.120994,-0.240004,0.099196,-0.139492,-0.523577,0.107867,-0.015503,-0.389156,0.025783,-0.319898,-0.520892,0.016252,-0.462624,-0.721866,0.017671,-0.379532,-0.684272,-0.024997,-0.519791,-0.796768,0.098473,-0.656795,-0.862434,0.04831,-0.899893,-0.78348,0.010784,-0.858888,-0.735519,0.059975,-0.969119,-0.848828,-0.198878,-1.0,-0.7425,0.139763,-0.940156,-0.771439,0.069175,-0.727265,-0.57325,0.154984,-0.708328,-0.723629,0.212987,-0.622518,-0.740904,0.148132,-0.257317,-0.628332,0.023569,-0.17784,-0.643483,0.07577,-0.11,-0.688773,-0.048252
J,0.0,0.0,0.0,-0.134125,-0.044176,-0.099443,-0.228308,-0.192338,0.130559,-0.0701,-0.333964,0.037983,-0.253079,-0.34228,0.033689,-0.244164,-0.550584,-0.09255,-0.418946,-0.586194,-0.100904,-0.516019,-0.635851,0.095754,-0.685513,-0.637187,-0.046529,-0.853753,-0.615017,-0.052572,-0.863283,-0.643273,-0.046245,-0.803492,-0.499851,-0.131813,-1.0,-0.642095,-0.180085,-0.859907,-0.620825,-0.003006,-0.871645,-0.585609,0.021488,-0.759661,-0.660485,0.01348,-0.550749,-0.532465,0.013297,-0.453193,-0.575265,0.054,-0.467651,-0.445679,0.032591,-0.347479,-0.532274,0.024572,-0.344971,-0.556773,-0.017231
J,0.0,0.0,0.0,0.005342,-0.068518,0.131068,-0.02646,-0.154872,0.254155,-0.049408,-0.348516,0.132623,-0.054908,-0.4579,0.148479,-0.098517,-0.501406,0.220848,-0.267186,-0.784808,0.287857,-0.462015,-0.815434,0.162229,-0.544085,-0.751044,0.039858,-0.678535,-0.834047,0.159232,-0.914831,-0.759725,0.133934,-0.821156,-0.972059,0.016387,-0.965757,-0.709333,0.315705,-1.0,-0.799522,0.192157,-0.804036,-0.697463,0.110258,-0.755783,-0.900145,0.283459,-0.65739,-0.800461,0.246677,-0.510588,-0.570657,0.135837,-0.143048,-0.589024,0.295679,-0.2667,-0.511605,0.064441,-0.076978,-0.568411,0.182029
J,0.0,0.0,0.0,0.115886,-0.327513,0.031873,0.14134,-0.305797,-0.113066,0.080939,-0.394821,0.174536,0.017149,-0.427244,0.082075,-0.062418,-0.726606,-0.075665,-0.170193,-0.775208,-0.070068,-0.384814,-0.817743,0.027601,-0.559123,-0.793624,-0.030161,-0.786306,-0.869623,-0.292409,-0.828985,-0.872573,-0.076759,-0.968522,-1.0,-0.273918,-0.960421,-0.847887,-0.086625,-0.81937,-0.867667,-0.013973,-0.688179,-0.852358,0.079297,-0.870932,-0.710997,-0.084344,-0.628428,-0.824939,0.110078,-0.46718,-0.795099,-0.064854,-0.223961,-0.667133,0.131062,0.090889,-0.674267,-0.001719,-0.081627,-0.589106,-0.037539
J,0.0,0.0,0.0,-0.118136,-0.097916,0.187257,0.124872,-0.262982,0.096612,0.052803,-0.36793,0.098547,-0.041688,-0.363893,0.13782,-0.15214,-0.540169,0.137225,-0.224189,-0.745917,0.020055,-0.521488,-0.693764,0.093279,-0.709852,-0.77944,0.126203,-0.75958,-0.821407,0.062122,-0.956181,-0.851575,0.107592,-0.966602,-0.795215,0.01829,-1.0,-0.856423,-0.005294,-0.998419,-0.843043,0.068972,-0.875748,-0.810581,0.104619,-0.716612,-0.847044,0.079737,-0.791259,-0.73298,0.115489,-0.433326,-0.680641,0.138366,-0.321499,-0.733692,-0.018246,-0.204488,-0.740728,0.038599,-0.101483,-0.660175,0.028378
J,0.0,0.0,0.0,0.003504,-0.101731,0.226055,-0.058979,-0.247741,-0.037875,-0.022199,-0.41323,0.052796,-0.086074,-0.504385,-0.080042,-0.097937,-0.498233,0.0327,-0.409964,-0.640545,0.048597,-0.424888,-0.649188,0.078136,-0.760512,-0.790872,0.054076,-0.824323,-0.70663,0.106572,-0.761887,-0.765573,-0.067012,-0.898187,-0.920313,-0.080554,-1.0,-0.797265,-0.029917,-0.906846,-0.709441,-0.030571,-0.856048,-0.778046,0.060311,-0.718772,-0.641091,0.110987,-0.61642,-0.790659,-0.021888,-0.572086,-0.628425,-0.047315,-0.338174,-0.621472,-0.115795,-0.312917,-0.560844,0.064149,-0.180046,-0.737342,-0.201746
J,0.0,0.0,0.0,-0.070205,-0.075701,-0.046242,0.056132,-0.156543,-0.09047,-0.084249,-0.354954,-0.109611,-0.14963,-0.283969,-0.116505,-0.177151,-0.465042,-0.017763,-0.317551,-0.491493,-0.054513,-0.431117,-0.520491,0.001922,-0.501104,-0.604859,-0.186792,-0.694235,-0.793514,-0.111181,-0.876683,-0.60371,-0.033558,-0.959788,-0.681639,-0.226215,-1.0,-0.673081,-0.094995,-0.818729,-0.634309,-0.227844,-0.809429,-0.717107,-0.193575,-0.80151,-0.518371,-0.050209,-0.606868,-0.618923,-0.110344,-0.598915,-0.448885,0.054238,-0.345811,-0.478817,-0.119152,-0.374118,-0.583649,-0.159933,-0.192804,-0.582091,-0.145242
J,0.0,0.0,0.0,0.176154,-0.285402,0.159591,0.152381,-0.361205,0.056846,0.052447,-0.467231,0.157148,-0.074598,-0.485392,-0.041993,-0.123404,-0.745019,0.144123,-0.157205,-0.862996,0.285547,-0.357666,-0.79552,-0.022022,-0.513721,-0.801269,0.082674,-0.62294,-0.91057,-0.04677,-0.83526,-0.83436,0.123629,-0.718269,-0.983379,0.057515,-0.727535,-1.0,0.174052,-0.846434,-0.947945,0.110096,-0.828444,-0.99562,0.138906,-0.611679,-0.729569,0.1919,-0.384588,-0.688186,0.204141,-0.360955,-0.673967,-0.026145,-0.292212,-0.891808,0.171458,-0.180514,-0.525551,0.060038,-0.005659,-0.797595,0.040241
J,0.0,0.0,0.0,0.206019,-0.044593,0.378299,0.057934,-0.004182,0.366718,0.23187,-0.232838,0.211296,0.145819,-0.437772,0.258772,-0.089382,-0.553422,0.242747,-0.169274,-0.650014,0.233851,-0.583233,-0.736375,0.128842,-0.518584,-0.629054,0.153395,-0.641494,-0.754532,0.169166,-0.771941,-0.801984,0.104999,-0.823887,-0.602547,0.2525,-1.0,-0.838595,0.125954,-0.874744,-0.710476,0.304698,-0.706155,-0.679321,0.202526,-0.666679,-0.551363,0.284462,-0.611095,-0.660194,0.144644,-0.402183,-0.526806,0.292624,-0.16013,-0.437537,0.091052,-0.073976,-0.526343,0.176478,-0.052621,-0.457748,0.107236
J,0.0,0.0,0.0,0.409225,-0.079542,0.020388,0.23432,-0.266329,0.261693,0.267687,-0.496728,0.054154,0.118277,-0.590193,-0.085751,0.047647,-0.673254,0.163348,-0.154697,-0.739706,-0.183539,-0.21121,-0.750351,-0.037712,-0.557527,-0.694256,-0.11407,-0.655968,-0.822702,0.094608,-0.757331,-0.955233,-0.041103,-0.733923,-0.791111,-0.138554,-0.831773,-1.0,0.083176,-0.784324,-0.926809,0.167367,-0.724366,-0.790526,0.041206,-0.645725,-0.805592,0.007278,-0.396944,-0.779719,0.028953,-0.357136,-0.583263,0.163998,-0.216702,-0.584458,0.052986,-0.102279,-0.733504,0.137316,0.284738,-0.681645,-0.058704
J,0.0,0.0,0.0,0.001617,-0.053207,0.079674,0.049949,-0.173941,0.146211,0.005904,-0.279144,0.081714,0.065036,-0.409013,0.136853,-0.220399,-0.44035,0.118083,-0.211554,-0.580289,-0.031421,-0.497812,-0.544968,0.19047,-0.514238,-0.767243,0.072555,-0.777073,-0.730427,0.01483,-0.777671,-0.714332,-0.044841,-0.789161,-0.759484,0.109884,-1.0,-0.688242,-0.060232,-0.94174,-0.71958,0.174532,-0.717991,-0.581812,0.081485,-0.708859,-0.518256,0.146299,-0.599259,-0.470151,0.157463,-0.442822,-0.594998,0.043527,-0.343977,-0.510484,0.13138,-0.294513,-0.694744,-0.029324,-0.101005,-0.469086,-0.000282
J,0.0,0.0,0.0,0.140636,-0.190354,0.223233,0.022645,-0.275704,0.033969,0.009574,-0.185405,0.159553,-0.062408,-0.517214,0.169098,-0.181385,-0.56718,0.146531,-0.46718,-0.65429,-0.006602,-0.468195,-0.771422,0.011498,-0.715555,-0.680574,-0.009847,-0.787858,-0.682032,0.075926,-0.998263,-0.709159,0.160447,-0.786501,-0.764281,-0.040194,-0.93584,-0.913908,-0.001323,-1.0,-0.825479,0.102361,-0.888784,-0.783265,0.088526,-0.642305,-0.544261,0.089752,-0.608756,-0.745509,0.186575,-0.531376,-0.710608,0.272882,-0.45506,-0.831215,0.156098,-0.242869,-0.690912,0.287133,-0.043093,-0.661314,-0.001887
J,0.0,0.0,0.0,0.009622,0.042804,0.050502,-0.034922,-0.011381,-0.045726,-0.040696,-0.226218,0.161365,-0.129484,-0.25687,0.106317,-0.339497,-0.388308,-0.063949,-0.304328,-0.519717,0.134333,-0.483585,-0.589381,0.112262,-0.672852,-0.514514,0.0383,-0.758097,-0.714362,0.086017,-0.791178,-0.687439,0.012104,-0.817314,-0.62074,0.023517,-0.839758,-0.500021,0.016641,-1.0,-0.688976,-0.003033,-0.912026,-0.687017,0.208106,-0.709373,-0.567478,0.080244,-0.763215,-0.410934,-0.061142,-0.455069,-0.611588,0.045089,-0.260213,-0.582442,0.046876,-0.174929,-0.424685,0.040452,-0.073657,-0.520709,0.158178
J,0.0,0.0,0.0,0.227648,-0.139785,0.053388,0.118118,-0.341091,-0.089424,0.119743,-0.406598,0.083482,0.094655,-0.682596,-0.014703,-0.104007,-0.74708,-0.052234,-0.188524,-0.61584,-0.084548,-0.428129,-0.848573,-0.005715,-0.386406,-0.860892,-0.169068,-0.715162,-0.873641,0.015621,-0.575482,-1.0,-0.052046,-0.87216,-0.976821,-0.129406,-0.842449,-0.960737,0.169577,-0.833818,-0.785068,-0.057301,-0.556102,-0.80453,0.084844,-0.68324,-0.718532,0.05867,-0.538197,-0.850873,0.015341,-0.388428,-0.668886,0.006199,-0.367031,-0.671992,0.109157,-0.206057,-0.578676,0.093034,-0.00419,-0.829437,0.041976
J,0.0,0.0,0.0,0.176199,0.067213,0.176462,0.271486,-0.22072,0.171909,0.028766,-0.324553,0.105769,0.034387,-0.457264,0.139152,0.109248,-0.390971,0.275405,-0.07079,-0.518288,0.122474,-0.405839,-0.702135,0.078507,-0.6495,-0.755825,-0.06421,-0.690766,-0.908826,0.055265,-0.801926,-0.870084,-0.082011,-1.0,-0.79768,0.02809,-0.873726,-0.821122,0.083603,-0.871966,-0.853402,0.164071,-0.871683,-0.532599,0.052487,-0.75629,-0.747059,0.048735,-0.51863,-0.720971,-0.039582,-0.36066,-0.710939,0.151593,-0.19686,-0.670535,0.106409,0.117082,-0.828745,-0.001579,-0.066906,-0.497269,0.029312
J,0.0,0.0,0.0,0.028478,-0.05155,0.078195,0.069433,-0.24374,0.018664,0.187567,-0.253729,0.013684,-0.193356,-0.3495,0.066561,-0.172725,-0.497306,0.206947,-0.266112,-0.494236,-0.035622,-0.492256,-0.613234,-0.075913,-0.631453,-0.679648,-0.126313,-0.740527,-0.744584,-0.019645,-0.910532,-0.92623,-0.120284,-0.898255,-0.690194,-0.138077,-0.912584,-0.661953,-0.002113,-1.0,-0.781011,-0.002683,-0.746714,-0.6933,-0.028451,-0.88631,-0.6888,-0.058203,-0.648354,-0.747828,-0.024916,-0.586689,-0.527349,-0.076576,-0.403715,-0.565027,-0.063541,-0.031395,-0.513076,-0.050315,-0.071868,-0.790595,0.022934
J,0.0,0.0,0.0,0.064866,-0.141652,0.009391,0.099734,-0.187662,-0.024108,-0.002811,-0.228731,0.069352,-0.205744,-0.406719,0.03763,-0.131292,-0.555298,-0.046244,-0.481515,-0.704848,0.060183,-0.505557,-0.729097,0.042073,-0.583072,-0.836439,0.013362,-0.944944,-0.773683,-0.068853,-0.821213,-0.797056,-0.116176,-1.0,-0.60607,-0.07616,-0.963941,-0.9794,-0.129205,-0.951188,-0.919466,0.009724,-0.990213,-0.838154,-0.072856,-0.70248,-0.689625,-0.073347,-0.632888,-0.615268,-0.027097,-0.468423,-0.574264,0.064653,-0.44928,-0.739221,-0.164913,-0.303399,-0.671943,-0.074107,-0.131121,-0.51573,-0.102636
J,0.0,0.0,0.0,-0.051193,-0.020676,-0.096196,0.075574,0.051159,-0.076641,0.0116,-0.106861,-0.034591,-0.111838,-0.219657,-0.14687,-0.179506,-0.38114,-0.174403,-0.339386,-0.400302,-0.286316,-0.533314,-0.493878,-0.196676,-0.516076,-0.570625,-0.314877,-0.716775,-0.590695,-0.203293,-0.860221,-0.669796,-0.264361,-0.993758,-0.762161,-0.177853,-0.983717,-0.588706,-0.233947,-1.0,-0.640441,6.7e-05,-0.84486,-0.526513,-0.128657,-0.850381,-0.429884,-0.147465,-0.718383,-0.551258,-0.141715,-0.416212,-0.539393,0.06957,-0.402275,-0.424134,-0.30783,-0.202062,-0.442834,-0.264918,0.040257,-0.453603,-0.225202
J,0.0,0.0,0.0,0.090306,-0.030706,-0.025531,-0.092159,-0.055935,-0.061928,0.058751,-0.216817,0.028663,-0.172167,-0.444656,0.117517,-0.314468,-0.551734,-0.062624,-0.32597,-0.591507,-0.041077,-0.401107,-0.619076,-0.130573,-0.608075,-0.705102,-0.256972,-0.707165,-0.642829,-0.151382,-0.997948,-0.758651,-0.07095,-1.0,-0.663082,-0.160504,-0.917832,-0.752995,-0.192326,-0.791241,-0.61617,-0.035454,-0.772871,-0.609196,0.007761,-0.797919,-0.510838,0.046798,-0.599628,-0.605418,-0.139392,-0.47499,-0.433223,-0.143641,-0.275678,-0.5813,-0.103604,-0.308831,-0.602015,-0.04892,-0.051396,-0.543218,-0.157084
J,0.0,0.0,0.0,0.169242,-0.154545,0.03242,0.170122,-0.220993,0.185841,0.083281,-0.329291,0.245352,0.075045,-0.394802,0.027473,-0.163642,-0.620881,0.060288,-0.157169,-0.766548,0.032033,-0.320079,-0.761611,0.011854,-0.554584,-0.938215,-0.110004,-0.859488,-0.859086,0.059128,-0.767494,-0.794772,0.107196,-0.89712,-0.900484,0.123023,-1.0,-0.982182,-0.013055,-0.957967,-0.846194,-0.030811,-0.817731,-0.864774,0.176085,-0.846331,-0.788787,0.054157,-0.580758,-0.65942,0.109803,-0.453127,-0.651941,0.150008,-0.254262,-0.662446,0.11153,-0.268424,-0.726881,0.061005,-0.019336,-0.73941,0.035137
J,0.0,0.0,0.0,-0.090671,-0.078178,0.02631,-0.040338,-0.314269,0.185906,-0.000337,-0.327928,0.158503,-0.094992,-0.380186,0.012327,-0.280732,-0.636365,0.119557,-0.29018,-0.667922,0.048787,-0.372715,-0.751562,0.065384,-0.657769,-0.666949,0.071349,-0.835168,-0.801761,-0.142882,-0.760446,-0.643422,-0.149644,-1.0,-0.784571,0.025057,-0.94796,-0.914124,0.070851,-0.83266,-0.544805,0.168197,-0.939262,-0.729483,0.135141,-0.800027,-0.637104,0.156744,-0.534831,-0.604865,0.127672,-0.539606,-0.738488,0.113711,-0.381546,-0.650398,0.163501,-0.116167,-0.719893,0.040267,-0.140255,-0.618623,-0.136583
J,0.0,0.0,0.0,0.197111,-0.053853,-0.026544,0.313068,-0.110325,-0.093691,0.231839,-0.33095,0.214982,-0.014563,-0.513539,-0.11475,-0.161328,-0.582088,-0.018958,-0.179973,-0.66958,-0.085695,-0.422481,-0.888015,-0.156648,-0.573622,-0.842004,-0.050334,-0.663335,-0.756977,-0.217531,-0.860545,-1.0,-0.009928,-0.963726,-0.812224,0.020719,-0.90949,-0.874437,-0.084644,-0.955158,-0.912055,-0.073351,-0.687867,-0.930273,-0.015687,-0.676322,-0.820804,0.019848,-0.733165,-0.635802,0.088433,-0.437766,-0.808773,0.046433,-0.362904,-0.803326,-0.053438,0.042656,-0.651833,-0.135863,-0.115042,-0.725663,-0.080293
J,0.0,0.0,0.0,-0.118896,-0.267019,0.06593,0.084296,-0.356227,0.023481,-0.129871,-0.442766,0.031003,-0.037169,-0.514091,0.144423,-0.23272,-0.73983,-0.005058,-0.34413,-0.785862,0.12387,-0.416579,-0.64386,-0.006724,-0.651113,-0.900312,0.05084,-0.770513,-0.830955,-0.062178,-0.852564,-0.784565,-0.078559,-0.908502,-0.893191,-0.060801,-0.706335,-0.794731,-0.047122,-0.889144,-1.0,0.030039,-0.852048,-0.81301,-0.105918,-0.706298,-0.660819,0.057457,-0.643156,-0.758512,0.051037,-0.287668,-0.757904,-0.042577,-0.31037,-0.704898,0.070809,-0.125404,-0.57358,-0.037994,-0.122436,-0.872268,0.033743
J,0.0,0.0,0.0,0.25232,-0.289607,0.141965,0.192857,-0.248094,-0.007802,0.125173,-0.390935,-0.055965,0.127077,-0.534663,0.198852,-0.111567,-0.528492,0.000482,-0.223891,-0.679182,0.020051,-0.454072,-1.0,-0.044867,-0.474615,-0.921358,-0.091516,-0.770279,-0.829776,-0.079248,-0.664774,-0.804685,0.007233,-0.803323,-0.921459,-0.055717,-0.796906,-0.775866,0.07976,-0.871133,-0.852872,-0.023919,-0.71391,-0.943967,-0.101883,-0.83397,-0.924105,0.190546,-0.490573,-0.818459,0.078569,-0.295658,-0.660441,0.242978,-0.273343,-0.736442,-0.025972,-0.125457,-0.611523,0.042553,-0.039351,-0.602506,0.053252
J,0.0,0.0,0.0,0.100551,-0.116681,-0.057069,0.025755,-0.175335,0.18002,-0.07268,-0.271887,0.050412,-0.078616,-0.276223,0.075913,-0.255756,-0.435755,0.121241,-0.407346,-0.701881,0.063249,-0.482058,-0.71588,0.091662,-0.682897,-0.696939,0.08029,-0.799612,-0.922372,-0.063788,-0.864991,-0.70176,-0.072729,-0.807915,-0.894619,-0.001879,-1.0,-0.65695,-0.117052,-0.924601,-0.76366,0.161073,-0.965233,-0.674176,-0.014539,-0.775824,-0.703537,0.038249,-0.824433,-0.60361,-0.017589,-0.599151,-0.742116,-0.025408,-0.306708,-0.558156,0.098735,-0.287854,-0.577575,-0.034255,0.003038,-0.577071,-0.062319
J,0.0,0.0,0.0,-0.152514,-0.234528,0.24216,-0.10037,-0.104278,0.061385,-0.147605,-0.280091,0.213132,-0.094836,-0.393924,0.083751,-0.178069,-0.516258,0.101324,-0.356352,-0.535616,0.135536,-0.654732,-0.612454,0.14391,-0.658617,-0.717067,0.074535,-0.894066,-0.78619,0.029986,-0.856767,-0.810092,0.105298,-0.965989,-0.70547,0.113375,-0.832092,-0.632299,0.214356,-1.0,-0.7099,0.058341,-0.61988,-0.660834,0.233311,-0.736472,-0.865146,0.086364,-0.701938,-0.67268,0.171678,-0.484245,-0.811816,0.119717,-0.420507,-0.507468,0.162379,-0.271344,-0.591111,-0.025189,-0.102445,-0.650961,0.017394
J,0.0,0.0,0.0,-0.097395,-0.095599,0.093357,-0.045545,-0.318989,0.010122,-0.14015,-0.350162,0.092933,-0.171023,-0.445687,0.232042,-0.201901,-0.441709,0.112017,-0.38771,-0.58068,0.072961,-0.471312,-0.750086,0.087226,-0.655543,-0.861715,0.02072,-0.887679,-0.799267,-0.007801,-1.0,-0.778694,0.010024,-0.895114,-0.808099,0.037167,-0.982684,-0.791732,-0.087884,-0.966529,-0.681229,-0.00997,-0.917054,-0.711696,0.16228,-0.806304,-0.652576,0.092595,-0.726281,-0.728304,0.074396,-0.525336,-0.610748,0.196957,-0.345236,-0.513789,-0.082632,-0.167539,-0.585942,0.076532,-0.108028,-0.619517,-0.055494
J,0.0,0.0,0.0,-0.077068,-0.071519,0.092807,-0.06279,-0.049666,0.141889,-0.152911,-0.30115,0.087897,-0.191008,-0.38455,0.03256,-0.244938,-0.470213,0.029369,-0.354539,-0.454655,0.059628,-0.394986,-0.420197,0.09095,-0.688889,-0.608319,-0.051237,-0.836183,-0.780045,-0.018264,-0.956233,-0.628746,-0.026116,-0.90908,-0.61945,0.123542,-0.977839,-0.637666,0.083047,-0.844041,-0.580538,0.174469,-1.0,-0.655539,0.174803,-0.749173,-0.5854,0.079039,-0.619256,-0.689682,0.172507,-0.539068,-0.559287,0.143059,-0.439111,-0.508752,0.086175,-0.231597,-0.499011,-0.069857,-0.278709,-0.603294,0.079351
J,0.0,0.0,0.0,0.101142,-0.369679,0.098788,0.026833,-0.314056,0.091291,-0.019123,-0.529348,0.185661,-0.083722,-0.51205,0.096703,-0.232183,-0.592646,0.220925,-0.438623,-0.819333,0.101533,-0.497697,-0.768959,0.057218,-0.562826,-0.848835,-0.049458,-0.789417,-0.871685,-0.063159,-0.830506,-0.870489,0.00425,-0.87561,-0.994342,-0.028165,-1.0,-0.795675,0.23335,-0.963289,-0.854605,0.033783,-0.824405,-0.852169,0.126677,-0.699596,-0.865546,0.138869,-0.763565,-0.763685,0.097102,-0.513093,-0.744027,0.075551,-0.377459,-0.689559,0.1141,-0.219249,-0.749387,0.151894,-0.004709,-0.817631,0.062209
J,0.0,0.0,0.0,0.094979,-0.15149,0.001233,0.236425,-0.270146,0.123295,0.035956,-0.442769,0.121411,0.029997,-0.651604,0.059423,-0.109314,-0.662566,0.064206,-0.300476,-0.931257,-0.101488,-0.367141,-0.837886,-0.001422,-0.602883,-0.942512,-0.077786,-0.712781,-0.873529,0.133353,-0.890045,-0.786763,-0.121369,-0.880637,-0.911514,-0.046482,-0.949352,-0.963199,0.062218,-1.0,-0.857461,0.075724,-0.748635,-0.76854,0.083502,-0.814311,-0.879453,-0.045266,-0.730433,-0.779622,-0.008091,-0.374385,-0.801177,0.050816,-0.340725,-0.854917,0.114027,-0.113269,-0.668771,0.047014,-0.110984,-0.816025,0.010447
J,0.0,0.0,0.0,-0.101945,-0.046426,-0.076814,-0.044017,-0.248801,0.030536,-0.032103,-0.426188,0.067859,0.000828,-0.443169,-0.037554,-0.178266,-0.501007,-0.042551,-0.2524,-0.676441,-0.117444,-0.485787,-0.757171,-0.109854,-0.669884,-0.623257,-0.053057,-0.875787,-0.769337,-0.159425,-0.864617,-0.811965,-0.078762,-0.95776,-0.693667,-0.099473,-1.0,-0.624855,0.018508,-0.895338,-0.716255,-0.132906,-0.786855,-0.613594,-0.096645,-0.823159,-0.608744,-0.109641,-0.707214,-0.685084,-0.095708,-0.587094,-0.526523,-0.156241,-0.375964,-0.558971,0.017307,-0.265773,-0.603147,-0.12874,-0.110818,-0.556249,-0.126703
J,0.0,0.0,0.0,-0.074417,-0.032659,-0.05721,-0.044053,-0.248595,0.065208,-0.027985,-0.403274,0.085023,-0.264544,-0.243928,0.004766,-0.173628,-0.51116,0.050874,-0.498018,-0.547868,0.011365,-0.5163,-0.69825,-0.007279,-0.779382,-0.75836,-0.07357,-0.899919,-0.770432,-0.020342,-0.928837,-0.806878,-0.015447,-1.0,-0.789964,-0.022589,-0.94921,-0.882209,-0.040605,-0.999671,-0.886914,0.125206,-0.943007,-0.64395,0.126307,-0.827822,-0.871142,0.060615,-0.712669,-0.743154,-0.096536,-0.542619,-0.730103,0.211271,-0.405147,-0.500405,0.023893,-0.220357,-0.607063,0.079145,-0.328216,-0.555128,0.027194
J,0.0,0.0,0.0,0.081268,0.019193,0.005005,-0.067785,0.006862,0.116044,-0.004336,-0.204154,0.14393,-0.013586,-0.439108,0.119001,-0.077669,-0.632341,0.069602,-0.272205,-0.562647,0.033612,-0.347415,-0.668599,0.005976,-0.556976,-0.717708,-0.120953,-0.692243,-0.720054,-0.052495,-0.820444,-1.0,0.070419,-0.80655,-0.856761,-0.063375,-0.789304,-0.828288,0.04675,-0.921701,-0.682079,0.037505,-0.84578,-0.652274,0.0168,-0.866108,-0.7206,-0.012601,-0.728338,-0.588544,0.057742,-0.436023,-0.551953,0.120544,-0.287287,-0.654013,0.0881,-0.165796,-0.407838,0.020164,-0.038377,-0.600922,0.000619
J,0.0,0.0,0.0,0.091808,-0.099805,0.070265,0.103162,-0.238472,-0.045123,0.047528,-0.321581,-0.043986,0.067037,-0.449443,-0.083086,-0.220835,-0.453191,0.019824,-0.150898,-0.606311,0.010784,-0.34284,-0.663505,0.02253,-0.694428,-0.535046,0.025264,-0.730481,-0.635008,0.038502,-0.870952,-0.754929,0.041769,-0.834129,-0.678541,-0.040208,-0.797528,-0.659396,-0.018029,-1.0,-0.626554,0.050347,-0.880246,-0.729663,0.05508,-0.684188,-0.756667,-0.030305,-0.558296,-0.532386,-0.010514,-0.459224,-0.623015,0.120716,-0.298775,-0.593982,-0.078937,-0.275999,-0.411738,-0.029183,-0.103644,-0.575324,-0.084181
J,0.0,0.0,0.0,-0.043319,-0.04123,-0.02135,0.009688,-0.281993,-0.043091,0.044236,-0.268218,-0.009115,-0.203519,-0.529709,0.008356,-0.268132,-0.59501,-0.015316,-0.308041,-0.749655,0.051983,-0.322478,-0.590914,-0.06511,-0.547223,-0.713884,-0.042293,-0.717073,-0.737833,0.020482,-0.899733,-0.749007,0.083717,-0.832919,-0.685825,-0.241848,-0.881579,-0.772394,0.066635,-1.0,-0.808181,0.081159,-0.933456,-0.716322,0.030131,-0.766156,-0.655416,-0.043306,-0.685594,-0.679762,-0.047569,-0.381409,-0.706733,0.101083,-0.400601,-0.572494,-0.108713,-0.079455,-0.537795,-0.0489,-0.139295,-0.60802,-0.149679
J,0.0,0.0,0.0,-0.005449,-0.110428,0.182538,0.114691,-0.281032,-0.007724,0.081124,-0.198371,-0.041,-0.012752,-0.365486,-0.090434,-0.216851,-0.49885,0.054699,-0.429786,-0.637378,-0.022663,-0.516496,-0.689506,-0.007884,-0.596254,-0.558052,0.052706,-0.647631,-0.77534,-0.109953,-0.794904,-0.754372,0.031138,-1.0,-0.700221,-0.029247,-0.992216,-0.767385,0.046073,-0.873574,-0.741446,0.059242,-0.846337,-0.619356,0.133491,-0.627393,-0.681457,0.185918,-0.635271,-0.699532,0.017955,-0.460652,-0.526662,-0.021246,-0.409305,-0.613355,-0.028405,-0.357926,-0.749207,-0.014099,-0.065836,-0.533461,-0.117021
J,0.0,0.0,0.0,0.240942,-0.010565,-0.005812,0.193295,-0.253583,0.048502,0.118961,-0.18678,0.090488,-0.020078,-0.473534,0.018841,-0.200252,-0.531918,0.018448,-0.17478,-0.551839,0.014932,-0.49609,-0.773031,-0.067253,-0.459523,-0.677722,-0.058973,-0.454285,-0.636342,0.050834,-0.695286,-0.74263,-0.01764,-0.968287,-0.864881,-0.054151,-0.837644,-0.774603,0.007662,-1.0,-0.69735,0.015702,-0.781735,-0.6301,-0.051861,-0.685092,-0.646987,-0.021947,-0.698887,-0.730799,0.044713,-0.409119,-0.612548,-0.01329,-0.343955,-0.584971,0.007127,-0.043147,-0.656438,-0.168291,-0.186162,-0.644982,-0.017506
K,0.0,0.0,0.0,-0.105888,-0.039936,0.139447,0.00834,-0.32027,0.096494,-0.016579,-0.284781,0.171903,-0.004113,-0.467117,0.288931,-0.232261,-0.508406,0.24294,-0.453117,-0.628509,0.038231,-0.478968,-0.638486,0.207059,-0.689002,-0.620625,0.031109,-0.751162,-0.773424,0.082403,-0.868142,-0.553334,0.151912,-0.906847,-0.786116,0.109603,-1.0,-0.600923,0.106534,-0.842467,-0.797143,0.261941,-0.944749,-0.580622,0.095373,-0.703475,-0.697,0.269444,-0.541782,-0.63552,0.233707,-0.377839,-0.640726,0.088563,-0.392873,-0.656435,0.06479,-0.086287,-0.51581,-0.012708,-0.094719,-0.685991,0.177128
K,0.0,0.0,0.0,0.111291,-0.062787,-0.010395,-0.017042,-0.004246,-0.005802,-0.05736,-0.211344,0.018859,-0.0401,-0.214993,0.124468,-0.241911,-0.375172,0.129887,-0.233055,-0.542204,0.039163,-0.461113,-0.46403,0.065559,-0.70972,-0.630692,0.020295,-0.73542,-0.77332,-0.187834,-0.783157,-0.545679,-0.162628,-0.799358,-0.617809,-0.125376,-0.934468,-0.676869,-0.073733,-1.0,-0.560397,0.042319,-0.885543,-0.520632,-0.043301,-0.623483,-0.666698,0.08657,-0.683704,-0.476675,-0.020011,-0.429631,-0.557945,0.152654,-0.359518,-0.525401,0.144458,-0.108525,-0.536145,-0.026549,-0.048973,-0.593532,-0.097351
K,0.0,0.0,0.0,0.024794,-0.282184,0.128089,0.093732,-0.268479,0.066826,-0.165522,-0.35787,0.070303,-0.15707,-0.515772,0.079336,-0.34461,-0.67305,-0.108432,-0.396214,-0.620048,-0.122771,-0.543766,-0.7369,0.063541,-0.757999,-0.924881,-0.070435,-0.724594,-1.0,-0.132433,-0.949844,-0.948775,-0.036556,-0.850759,-0.959424,-0.032217,-0.973948,-0.868449,-0.126461,-0.988082,-0.862917,0.077352,-0.824187,-0.902513,0.017164,-0.785503,-0.584399,0.086294,-0.694575,-0.775197,0.034653,-0.428331,-0.65213,0.071821,-0.325877,-0.694058,0.025663,-0.318768,-0.695568,-0.0352,-0.200374,-0.520551,0.012945
K,0.0,0.0,0.0,-0.055319,-0.095594,-0.097884,0.066482,-0.233564,0.0635,-0.041593,-0.219533,0.020746,-0.043499,-0.433643,0.052647,-0.360704,-0.447648,-0.063859,-0.455242,-0.584412,-0.0908,-0.501943,-0.613794,-0.061547,-0.672453,-0.649647,-0.105639,-0.708669,-0.578583,-0.034511,-0.785204,-0.615314,-0.072041,-0.870138,-0.575193,-0.147643,-1.0,-0.694545,0.035272,-0.843735,-0.575315,-0.061567,-0.714405,-0.559467,-0.02748,-0.611729,-0.567124,0.016147,-0.547071,-0.515467,-0.065868,-0.418786,-0.527734,0.063622,-0.392503,-0.419228,-0.156934,-0.117672,-0.548091,-0.014927,-0.069833,-0.612436,0.020415
K,0.0,0.0,0.0,0.032793,-0.244594,-0.098568,-0.161388,-0.326787,0.031496,-0.129114,-0.393498,0.046999,-0.348575,-0.44956,0.072263,-0.359226,-0.447283,0.059115,-0.438734,-0.569571,-0.058276,-0.587918,-0.629817,0.025246,-0.821839,-0.769864,0.027279,-1.0,-0.861113,0.153325,-0.888626,-0.651684,0.069458,-0.945142,-0.781521,0.044446,-0.872037,-0.675065,0.048421,-0.961413,-0.671891,0.018584,-0.83582,-0.730758,0.05336,-0.845607,-0.678212,0.041558,-0.507143,-0.684586,0.125813,-0.567262,-0.592579,0.109415,-0.495674,-0.695332,-0.004343,-0.326581,-0.58905,0.063994,-0.206051,-0.610042,-0.009471
K,0.0,0.0,0.0,0.166592,-0.000474,0.094348,-0.083959,-0.226293,0.047237,0.08865,-0.23231,-0.069697,-0.156217,-0.360048,-0.006575,-0.306753,-0.500923,-0.010023,-0.469534,-0.479051,-0.065676,-0.536486,-0.536439,-0.065115,-0.59301,-0.741413,-0.041305,-0.723326,-0.751002,-0.099953,-0.890323,-0.677486,-0.047917,-1.0,-0.691047,0.051871,-0.854092,-0.604168,-0.066929,-0.734358,-0.556841,-0.024718,-0.807822,-0.639918,0.02476,-0.669202,-0.515489,-0.006425,-0.697762,-0.522482,0.065552,-0.513933,-0.528125,0.105892,-0.387563,-0.535217,0.098393,-0.151003,-0.56149,-0.042397,0.005743,-0.560851,-0.01801
K,0.0,0.0,0.0,-0.010175,-0.199979,0.008424,-0.010237,-0.270267,0.029263,0.042474,-0.353354,-0.002221,-0.230456,-0.456926,0.00959,-0.260246,-0.555448,0.032826,-0.388683,-0.408997,-0.02738,-0.738573,-0.744832,-0.02611,-0.714,-0.746605,-0.177765,-0.815644,-0.712657,-0.0664,-0.941432,-0.674374,-0.183641,-0.880761,-0.702226,-0.152535,-1.0,-0.679663,-0.104547,-0.901331,-0.62921,-0.003591,-0.883028,-0.652697,-0.088789,-0.644572,-0.50155,-0.068925,-0.584603,-0.520091,-0.001421,-0.401422,-0.565422,-0.091309,-0.296817,-0.477207,-0.006716,-0.059738,-0.701282,-0.024673,-0.129931,-0.657733,0.024927
K,0.0,0.0,0.0,-0.127047,0.025146,0.157207,0.118365,-0.175777,-0.002893,-0.109457,-0.228246,0.101076,-0.080738,-0.412058,0.044389,-0.294953,-0.328288,-0.02156,-0.438116,-0.529044,-0.024046,-0.561482,-0.570428,0.009785,-0.648232,-0.856599,-0.035154,-0.9236,-0.802446,-0.065814,-0.937723,-0.717194,-0.014551,-0.917937,-0.877906,0.133347,-1.0,-0.640199,-0.25624,-0.981918,-0.83496,-0.090454,-0.873276,-0.703718,0.116696,-0.609918,-0.720943,-0.02071,-0.702712,-0.510189,0.036656,-0.456246,-0.559443,-0.013156,-0.375922,-0.572888,-0.029828,-0.133874,-0.72299,-0.017253,-0.108686,-0.598868,0.018716
K,0.0,0.0,0.0,0.191274,-0.104842,0.088489,-0.007001,-0.424531,0.244501,-0.019123,-0.448447,0.095205,0.054267,-0.59293,0.178943,-0.187708,-0.639103,0.116106,-0.370141,-0.641506,0.113651,-0.360394,-0.804562,0.174524,-0.7559,-0.847077,0.034624,-0.822728,-0.790435,0.078197,-1.0,-0.666822,0.101039,-0.874813,-0.711993,0.175524,-0.905515,-0.942575,0.163395,-0.921615,-0.669514,0.084289,-0.808046,-0.8348,0.068186,-0.674514,-0.714457,0.141968,-0.378175,-0.62416,0.181712,-0.604949,-0.587145,0.401437,-0.266827,-0.70479,0.165784,-0.234799,-0.614355,0.244958,-0.074139,-0.722878,0.101315
K,0.0,0.0,0.0,0.02523,0.120359,0.150668,0.174327,-0.043373,0.091448,-0.069459,-0.11531,0.111058,-0.197105,-0.406363,-0.025397,-0.390582,-0.396027,-0.039184,-0.431309,-0.506148,0.023379,-0.580746,-0.449134,-0.111402,-0.789114,-0.581406,-0.058449,-0.846896,-0.733585,0.009209,-0.867009,-0.643698,-0.065257,-1.0,-0.658908,0.074572,-0.818387,-0.5336,0.058649,-0.829132,-0.691175,-0.01589,-0.787206,-0.569097,0.092792,-0.635462,-0.456896,-0.009782,-0.575345,-0.569339,0.018525,-0.564643,-0.461679,-0.073726,-0.2417,-0.353021,0.09605,-0.133722,-0.346257,0.054504,-0.099357,-0.487381,0.16415
K,0.0,0.0,0.0,0.107065,-0.047548,-0.133516,-0.053152,-0.24763,0.129402,0.051609,-0.409514,0.101136,0.05655,-0.250368,-0.039783,-0.203178,-0.442678,0.098386,-0.379533,-0.60273,0.014329,-0.388315,-0.609692,-0.013883,-0.631855,-0.673542,-0.162581,-0.868467,-0.731661,-0.186727,-0.842958,-0.584781,-0.085669,-1.0,-0.607316,-0.064364,-0.888524,-0.702183,0.029158,-0.796243,-0.642484,0.020182,-0.716269,-0.630105,-0.024213,-0.68433,-0.647423,0.035023,-0.460061,-0.535026,0.029112,-0.270997,-0.535089,0.020726,-0.281935,-0.542692,-0.001309,-0.072283,-0.452904,-0.04967,0.05985,-0.385393,0.008903
K,0.0,0.0,0.0,-0.00777,-0.106566,0.051451,0.051386,-0.156081,0.054215,-0.211651,-0.203761,0.020233,-0.135252,-0.400329,0.170668,-0.131371,-0.570347,0.13966,-0.386421,-0.412009,0.111536,-0.554613,-0.735921,-0.190968,-0.623814,-0.642418,0.04284,-0.965118,-0.836487,0.012654,-0.739999,-0.753846,0.059316,-1.0,-0.72692,-0.031246,-0.840967,-0.763727,0.13506,-0.918987,-0.775826,-0.045209,-0.869865,-0.635785,0.007463,-0.779868,-0.564744,-0.174408,-0.622974,-0.703649,0.003651,-0.433496,-0.599462,0.037669,-0.224665,-0.577425,0.177142,-0.135907,-0.655889,0.163908,-0.068404,-0.466632,-0.023034
K,0.0,0.0,0.0,0.10685,0.007027,-0.139975,0.059288,-0.319747,-0.145579,-0.017665,-0.318923,0.112834,-0.119746,-0.392462,0.010226,-0.247541,-0.496198,0.145299,-0.401879,-0.64243,0.015416,-0.639951,-0.627119,-0.115653,-0.654558,-0.722154,-0.142289,-0.91591,-0.818766,-0.060323,-0.774998,-0.769491,0.008838,-0.841054,-0.671328,-0.021461,-1.0,-0.695728,-0.053063,-0.7719,-0.639175,0.039198,-0.797376,-0.65928,0.016131,-0.691244,-0.658739,0.206323,-0.652098,-0.572626,0.000286,-0.517697,-0.728601,0.0827,-0.356682,-0.500754,0.064325,-0.177138,-0.699121,0.054133,-0.136964,-0.724934,0.019828
K,0.0,0.0,0.0,0.101448,-0.098722,-0.182177,0.071374,0.036392,-0.226241,-0.051658,-0.109236,-0.104415,-0.016208,-0.368199,0.120059,-0.302172,-0.405665,0.053895,-0.383852,-0.594454,-0.041065,-0.42927,-0.671583,-0.005035,-0.682811,-0.601486,-0.026196,-0.757752,-0.678707,-0.239764,-0.683101,-0.761337,-0.146695,-0.947636,-0.627242,0.03624,-1.0,-0.664077,0.007483,-0.974785,-0.539555,-0.089996,-0.786416,-0.513837,-0.119862,-0.913437,-0.69704,-0.237123,-0.592346,-0.725596,-0.077959,-0.399173,-0.403141,-0.027297,-0.156822,-0.434744,-0.126691,-0.09611,-0.561047,-0.103726,-0.10948,-0.412028,-0.241071
K,0.0,0.0,0.0,-0.105383,-0.150335,-0.022907,0.133682,-0.234314,-0.090033,0.102232,-0.275386,0.061015,-0.221143,-0.392126,-0.122691,-0.342145,-0.473694,-0.010006,-0.413116,-0.48431,-0.105565,-0.534194,-0.648982,-0.118828,-0.550855,-0.763074,-0.174784,-0.842826,-0.57269,-0.153439,-0.895014,-0.738774,-0.066767,-0.837638,-0.752773,-0.146498,-1.0,-0.681841,-0.004025,-0.902852,-0.618528,-0.117766,-0.869506,-0.58403,0.116681,-0.647384,-0.632727,-0.067706,-0.423049,-0.552847,-0.09582,-0.431677,-0.540511,-0.01422,-0.182038,-0.455458,-0.051696,-0.174174,-0.526634,-0.132943,-0.001891,-0.59346,-0.073995
K,0.0,0.0,0.0,-0.123863,-0.137553,-0.071964,-0.064023,-0.372998,0.085216,-0.098241,-0.317057,-0.009461,-0.228625,-0.531992,0.078323,-0.34372,-0.389487,0.036102,-0.438017,-0.531756,-0.075397,-0.609994,-0.602682,-0.050748,-0.738166,-0.668085,-0.044481,-0.645682,-0.692688,-0.102445,-0.888999,-0.576242,0.050111,-0.790935,-0.666891,-0.002028,-1.0,-0.67757,-0.102534,-0.866605,-0.626282,0.008763,-0.890182,-0.542688,-0.150193,-0.755811,-0.57837,-0.112356,-0.598138,-0.557811,0.063983,-0.364186,-0.506665,0.083692,-0.281876,-0.488477,-0.056581,-0.373594,-0.502708,-0.045718,-0.086434,-0.581196,-0.039453
K,0.0,0.0,0.0,0.063996,-0.101984,0.057986,0.366675,-0.151825,0.232963,0.052273,-0.346448,0.103707,0.193674,-0.485997,0.082788,-0.256807,-0.552777,0.249797,-0.252479,-0.743188,0.022818,-0.408348,-0.553965,0.052789,-0.573917,-0.930037,-0.034094,-0.91515,-0.78803,0.01395,-0.905008,-0.72356,-0.028252,-0.977248,-0.948058,0.151969,-0.895004,-0.76961,0.081031,-1.0,-0.896316,0.126164,-0.796068,-0.545766,0.087578,-0.712832,-0.589262,0.243932,-0.638999,-0.682514,0.094524,-0.495388,-0.499005,0.137275,-0.252059,-0.601342,0.114426,-0.113896,-0.701943,0.224547,-0.024021,-0.746038,0.04765
K,0.0,0.0,0.0,-0.131973,-0.022485,0.033632,-0.239436,-0.191638,0.04756,-0.166468,-0.210996,0.041052,-0.309118,-0.24197,0.04455,-0.337431,-0.357737,0.05446,-0.509838,-0.410405,0.073734,-0.551418,-0.519894,0.091227,-0.694881,-0.449865,-0.105331,-0.739983,-0.59871,-0.065477,-0.924563,-0.444582,-0.100467,-1.0,-0.556837,-0.040282,-0.935628,-0.599674,0.010051,-0.821342,-0.63027,-0.095353,-0.850808,-0.528867,0.014902,-0.62774,-0.490899,0.09543,-0.733188,-0.411566,-0.045042,-0.483729,-0.539744,-0.098227,-0.363087,-0.459039,-0.050898,-0.164654,-0.414771,0.009516,-0.247466,-0.53251,-0.074222
K,0.0,0.0,0.0,0.145453,-0.030819,0.054321,0.043102,-0.253239,-0.155072,0.05289,-0.230627,0.153967,0.001667,-0.28628,0.058601,-0.133039,-0.54555,-0.184475,-0.188637,-0.58142,0.101614,-0.520084,-0.442106,-0.057895,-0.644575,-0.704423,-0.044321,-0.718532,-0.755499,-0.217557,-0.872008,-0.633315,-0.14083,-1.0,-0.800124,-0.062947,-0.929721,-0.715491,-0.099326,-0.747309,-0.622029,0.173466,-0.781894,-0.650613,0.111263,-0.603801,-0.669348,0.074231,-0.463742,-0.708789,-0.022207,-0.32862,-0.421634,0.078692,-0.239614,-0.589975,0.067064,-0.256119,-0.605787,0.09225,0.07672,-0.62756,-0.146002
K,0.0,0.0,0.0,-0.005042,-0.092834,0.042572,-0.135753,-0.277235,0.104833,-0.053071,-0.276847,0.017951,-0.121845,-0.422049,0.14666,-0.337503,-0.515491,0.030989,-0.351505,-0.550962,0.024198,-0.569653,-0.584706,-0.005004,-0.721877,-0.633529,-0.007267,-0.608805,-0.707974,-0.086486,-0.834025,-0.741826,-0.102078,-1.0,-0.719728,-0.068265,-0.996302,-0.664931,-0.163046,-0.839725,-0.660566,-0.003976,-0.764943,-0.565359,-4.1e-05,-0.676237,-0.452627,-0.014551,-0.535523,-0.61347,0.141318,-0.508296,-0.569687,0.131101,-0.27847,-0.557516,0.042389,-0.26235,-0.62823,0.025352,-0.143825,-0.604877,0.0831
K,0.0,0.0,0.0,0.095768,-0.208607,-0.044013,0.1458,-0.192576,0.120151,-0.001866,-0.382644,-0.157412,-0.007501,-0.503693,-0.062965,-0.266877,-0.659515,-0.042829,-0.462227,-0.746537,-0.088938,-0.684899,-0.885905,-0.178705,-0.563329,-0.916362,-0.146739,-0.940291,-0.940763,-0.285675,-0.887903,-1.0,-0.070439,-0.965445,-0.877171,-0.052982,-0.734275,-0.803379,-0.216601,-0.840034,-0.796332,0.106326,-0.933549,-0.6574,-0.061064,-0.517506,-0.760958,0.228769,-0.564483,-0.624132,0.112995,-0.507395,-0.589227,-0.079687,-0.253973,-0.660716,-0.022797,-0.067881,-0.729277,-0.0914,-0.207455,-0.615164,0.024995
K,0.0,0.0,0.0,-0.042255,0.028614,0.018261,0.04422,-0.011831,-0.005326,-0.037128,-0.143553,-0.014393,-0.191439,-0.264161,-0.098277,-0.263223,-0.490793,-0.069643,-0.431049,-0.536164,0.03361,-0.456411,-0.421978,-0.086706,-0.699684,-0.502266,-0.081994,-0.772572,-0.778905,-0.04504,-0.820529,-0.595085,-0.03969,-0.87104,-0.639932,-0.105831,-1.0,-0.457855,0.004493,-0.951098,-0.493644,-0.024873,-0.868328,-0.498716,0.039662,-0.640319,-0.299984,-0.004705,-0.600799,-0.405413,-0.023188,-0.487231,-0.497952,-0.276815,-0.249048,-0.543935,-0.102931,-0.157166,-0.451721,0.10249,-0.192399,-0.282393,0.022439
K,0.0,0.0,0.0,-0.169472,-0.178248,-0.121134,-0.092189,-0.333169,-0.060332,-0.033478,-0.450716,0.047985,-0.19703,-0.525199,-0.055246,-0.405108,-0.636435,-0.07614,-0.345973,-0.805877,0.154361,-0.572041,-0.755301,-0.088931,-0.680534,-0.818561,-0.04409,-0.782823,-0.776411,0.017135,-0.892869,-0.907873,-0.235578,-0.967315,-0.810611,0.082532,-1.0,-0.779665,0.015121,-0.917189,-0.715637,-0.083145,-0.956908,-0.768901,-0.165627,-0.77852,-0.765141,0.038491,-0.665731,-0.763948,0.11647,-0.497587,-0.600555,0.021234,-0.327925,-0.762629,0.086406,-0.16935,-0.66723,-0.012496,-0.057946,-0.718223,-0.177822
K,0.0,0.0,0.0,0.151553,-0.185047,-0.036788,-0.034798,-0.188449,-0.071026,0.045642,-0.391372,-0.008604,0.033974,-0.328943,0.052845,-0.306626,-0.357884,0.015426,-0.323868,-0.511862,-0.13522,-0.526107,-0.641319,-0.004116,-0.705101,-0.653067,-0.02986,-0.598888,-0.627222,-0.062226,-0.81908,-0.633539,-0.020791,-0.952868,-0.547242,-0.102641,-0.677686,-0.650718,-0.057078,-1.0,-0.598055,-0.101542,-0.72885,-0.48178,-0.050985,-0.598267,-0.651846,0.128583,-0.522691,-0.566409,0.136381,-0.345586,-0.60495,0.170184,-0.369199,-0.518142,-0.039111,-0.243711,-0.62848,-0.004681,-0.010939,-0.49058,0.085764
K,0.0,0.0,0.0,-0.038735,-0.199065,0.015516,0.099245,-0.250454,0.112521,-0.013199,-0.261899,-0.072458,-0.071584,-0.516304,-0.062994,-0.328812,-0.590972,0.01539,-0.384711,-0.504056,-0.09553,-0.479826,-0.621516,-0.134491,-0.744007,-0.824722,-0.02702,-0.731111,-0.468098,-0.154247,-0.952948,-0.835653,-0.052725,-0.89474,-0.57531,-0.186271,-0.903634,-0.716591,0.010109,-0.882292,-0.768274,-0.080502,-1.0,-0.704566,-0.134553,-0.789722,-0.601286,-0.022398,-0.598729,-0.553853,-0.006862,-0.560716,-0.526062,0.069522,-0.333503,-0.485351,-0.02952,-0.124496,-0.508739,-0.018702,-0.048376,-0.504402,-0.072818
K,0.0,0.0,0.0,0.24053,-0.033378,0.078409,-0.059459,-0.120518,0.078623,-0.174485,-0.226908,-0.054937,-0.112362,-0.276714,0.087905,-0.216825,-0.497065,0.025197,-0.3133,-0.63246,0.127569,-0.572062,-0.739197,0.091665,-0.658781,-0.637926,0.043575,-0.805947,-0.658713,0.031813,-0.706054,-0.719691,-0.057766,-0.846801,-0.653205,-0.018312,-0.771165,-0.786406,-0.10128,-1.0,-0.521401,0.081666,-0.896534,-0.594515,0.059976,-0.850923,-0.534264,-0.019395,-0.474712,-0.612781,0.097009,-0.275817,-0.418717,0.110754,-0.238056,-0.611993,0.013989,-0.114514,-0.521651,-0.099985,0.048002,-0.619206,0.127038
K,0.0,0.0,0.0,0.193156,-0.183376,-0.087192,-0.023948,-0.193414,-0.145699,-0.124788,-0.414687,-0.040558,-0.069903,-0.65495,-0.038004,-0.295468,-0.730563,0.024446,-0.436628,-0.735314,-0.140894,-0.614983,-0.874228,-0.026105,-0.645936,-0.695754,-0.082914,-0.886639,-0.901129,-0.089677,-0.936215,-0.884964,-0.151276,-0.909398,-0.898363,-0.004395,-1.0,-0.871763,-0.159463,-0.990185,-0.768702,-0.099838,-0.826049,-0.810514,-0.055919,-0.887449,-0.692929,-0.053156,-0.507809,-0.649973,-0.021257,-0.383153,-0.653229,0.045609,-0.403778,-0.640065,-0.016482,-0.322429,-0.560932,-0.180026,-0.19109,-0.949066,-0.068552
K,0.0,0.0,0.0,0.200783,-0.136517,-0.191761,0.159085,-0.132555,0.035029,0.266141,-0.394831,-0.137947,0.026337,-0.435369,-0.024718,-0.209251,-0.799357,-0.132449,-0.253393,-0.624431,0.01942,-0.440713,-0.654306,-0.026336,-0.62985,-0.76807,-0.380092,-0.828098,-0.854788,-0.140303,-0.95513,-0.724117,-0.208857,-0.830369,-0.886457,-0.169576,-1.0,-0.821515,0.014965,-0.927267,-0.77078,-0.130178,-0.833846,-0.685625,-0.057865,-0.698028,-0.575029,0.001984,-0.634859,-0.640768,-0.068265,-0.317314,-0.600348,0.071294,-0.26522,-0.617739,-0.14812,-0.052705,-0.747225,-0.050744,0.066258,-0.623154,-0.035106
K,0.0,0.0,0.0,0.007032,-0.03637,0.051342,0.128627,-0.115927,0.11572,-0.214106,-0.175791,0.318636,-0.042664,-0.373482,0.269154,-0.270088,-0.407424,0.052363,-0.437207,-0.688018,0.113153,-0.585125,-0.587137,0.048213,-0.734722,-0.595245,0.101642,-0.790405,-0.653669,-0.014115,-0.89638,-0.715236,0.012995,-0.909319,-0.634922,-0.024441,-0.994103,-0.570052,-0.056826,-1.0,-0.719471,0.057251,-0.790683,-0.453445,0.198801,-0.802858,-0.505076,0.058475,-0.483531,-0.392452,0.106096,-0.51622,-0.747422,-0.029931,-0.468284,-0.581111,0.212802,-0.292945,-0.558039,-0.032535,0.120279,-0.503963,0.095645
K,0.0,0.0,0.0,0.051691,0.037862,0.043973,-0.024296,-0.083737,-0.112768,0.035513,-0.120841,-0.052603,-0.240897,-0.329304,-0.168208,-0.186423,-0.527896,0.036352,-0.32542,-0.556186,-0.155237,-0.648069,-0.509051,-0.028315,-0.63781,-0.627309,-0.062634,-0.766081,-0.633794,-0.179606,-0.830034,-0.538118,-0.075677,-0.797001,-0.572709,-0.13747,-0.907818,-0.431179,-0.193422,-1.0,-0.651215,-0.088044,-0.828075,-0.609758,0.000982,-0.823425,-0.539492,0.015312,-0.695787,-0.580971,-0.014234,-0.500013,-0.342218,-0.016733,-0.481426,-0.323885,0.052111,-0.110796,-0.351835,-0.152431,-0.125472,-0.449916,-0.079478
K,0.0,0.0,0.0,-0.15318,-0.024937,0.034547,-0.074252,-0.052175,0.127985,-0.080556,-0.229188,0.198748,-0.321052,-0.437749,0.067347,-0.391834,-0.505128,-0.049081,-0.383602,-0.601117,0.063729,-0.594305,-0.578713,-0.164723,-0.700181,-0.685425,0.036394,-0.942814,-0.657194,0.094382,-0.924911,-0.75192,-0.05645,-0.945009,-0.645489,0.034987,-1.0,-0.654001,0.023052,-0.99143,-0.582972,0.075686,-0.788213,-0.522446,0.094423,-0.734113,-0.649073,0.080618,-0.622615,-0.668622,0.122096,-0.580181,-0.592169,0.039141,-0.367205,-0.62111,0.127208,-0.223407,-0.378013,0.060956,-0.090476,-0.615998,-0.075605
K,0.0,0.0,0.0,0.111273,0.047342,0.017145,-0.008936,-0.160336,-0.017314,-0.124678,-0.335696,0.001278,-0.08803,-0.432471,0.099527,-0.196937,-0.394187,0.010309,-0.437084,-0.49562,-0.076412,-0.561015,-0.547144,0.076631,-0.654243,-0.615027,-0.091174,-0.864778,-0.664669,-0.025698,-0.933679,-0.677393,-0.137742,-1.0,-0.53909,-0.070619,-0.974018,-0.602327,-0.04501,-0.974786,-0.681216,0.06243,-0.771581,-0.516357,0.051678,-0.596957,-0.552787,-0.088311,-0.563226,-0.594849,0.001087,-0.49611,-0.414474,-0.046954,-0.245398,-0.513514,0.024152,-0.260805,-0.423226,-0.12796,-0.112323,-0.388725,-0.065116
K,0.0,0.0,0.0,-0.045353,-0.056156,-0.0809,-0.031607,-0.276122,-0.011572,-0.082284,-0.211797,0.098834,-0.308586,-0.456071,0.048142,-0.309145,-0.498508,0.100997,-0.381873,-0.541037,0.109595,-0.612435,-0.381755,0.061656,-0.672792,-0.535544,0.008835,-0.882485,-0.592356,0.092539,-0.907289,-0.566421,-0.013049,-0.897655,-0.577272,0.011936,-0.940019,-0.594429,-0.002629,-1.0,-0.544777,0.069539,-0.906051,-0.604419,0.104662,-0.881461,-0.527248,0.110214,-0.519436,-0.56866,0.183759,-0.508142,-0.523193,0.094437,-0.215856,-0.616991,0.092426,-0.244513,-0.534862,0.076508,-0.068278,-0.516797,0.102901
K,0.0,0.0,0.0,0.208162,-0.122544,0.079476,0.086211,-0.133728,0.066121,0.076242,-0.356593,0.241996,-0.154515,-0.37847,0.127686,-0.324398,-0.642062,0.050061,-0.298621,-0.762669,0.112724,-0.50564,-0.804088,-0.001209,-0.729085,-0.710573,0.157971,-0.701369,-0.768783,-0.034815,-1.0,-0.778176,-0.039389,-0.930723,-0.740407,0.00668,-0.971874,-0.77522,0.024854,-0.78609,-0.650039,0.132025,-0.742848,-0.584053,0.224674,-0.665629,-0.607037,0.078926,-0.64271,-0.523973,0.119469,-0.538328,-0.739023,0.288941,-0.362998,-0.61948,0.19697,-0.249052,-0.530421,0.219891,0.119834,-0.632862,0.051396
K,0.0,0.0,0.0,-0.04864,-0.059337,-0.095377,0.15939,-0.12064,-0.094207,-0.015142,-0.26646,0.024639,-0.298458,-0.371741,0.073204,-0.20509,-0.46084,0.028317,-0.351058,-0.551197,-0.095637,-0.522101,-0.731666,-0.107386,-0.509006,-0.795197,-0.092204,-0.75579,-0.631023,-0.019675,-0.946025,-0.802691,-0.193064,-0.962607,-0.78095,-0.111195,-1.0,-0.785446,-0.180789,-0.85633,-0.704321,-0.112229,-0.885455,-0.793218,0.059415,-0.729588,-0.414405,0.004854,-0.42449,-0.521875,-0.041645,-0.470294,-0.658439,0.025594,-0.254474,-0.523006,-0.018057,-0.114538,-0.617393,-0.02656,-0.052222,-0.597578,-0.073553
K,0.0,0.0,0.0,0.127745,-0.10637,-0.133459,0.17305,-0.059384,-0.038231,-0.063026,-0.258781,-0.045745,-0.046917,-0.281213,0.010323,-0.10435,-0.411434,-0.027202,-0.29545,-0.512245,-0.05792,-0.370233,-0.526537,-0.014323,-0.653611,-0.407953,-0.236294,-0.752179,-0.677251,-0.175959,-0.894919,-0.594102,-0.211547,-0.895862,-0.532478,-0.225403,-0.945542,-0.357704,-0.066271,-1.0,-0.624945,-0.050881,-0.783961,-0.532171,0.116937,-0.491018,-0.475975,0.031312,-0.490545,-0.349436,-0.079461,-0.275893,-0.414058,-0.008942,-0.283223,-0.411723,-0.037744,-0.247832,-0.5557,-0.097309,-0.125175,-0.390819,-0.070821
K,0.0,0.0,0.0,-0.079248,-0.228994,0.108601,-0.122588,-0.324986,0.081449,0.159101,-0.332394,0.056055,-0.084813,-0.657487,-0.034943,-0.18989,-0.592576,0.049197,-0.367138,-0.677995,0.014513,-0.584648,-0.752087,-0.107151,-0.683086,-0.688084,-0.047617,-0.705767,-0.791214,-0.072773,-0.907325,-0.836484,-0.030144,-0.838125,-0.790978,0.015792,-1.0,-0.717414,-0.095351,-0.782449,-0.717089,-0.127181,-0.72926,-0.649438,0.123152,-0.737145,-0.67793,0.094636,-0.501329,-0.633692,0.014556,-0.346532,-0.571567,0.025811,-0.341538,-0.690653,0.119762,-0.09186,-0.645466,-0.017642,-0.193671,-0.673315,-0.112135
K,0.0,0.0,0.0,0.035454,-0.119514,0.112335,-0.033863,-0.300879,0.184452,-0.027822,-0.406954,0.206645,-0.097684,-0.595213,0.163231,-0.181874,-0.685848,-0.06845,-0.46526,-0.675405,0.155614,-0.593793,-0.684846,-0.159562,-0.646488,-0.798375,0.195116,-0.915741,-0.793104,-0.114456,-0.90033,-0.926892,0.200796,-0.934286,-0.808105,0.037192,-1.0,-0.694128,0.108264,-0.812452,-0.83672,0.168475,-0.732209,-0.73094,0.171161,-0.683457,-0.800822,0.103613,-0.612501,-0.647271,0.196155,-0.560571,-0.667371,0.04924,-0.358282,-0.688128,0.097796,-0.13643,-0.607413,0.083791,-0.029145,-0.478811,0.058124
K,0.0,0.0,0.0,-0.004976,-0.240105,-0.08756,-0.040248,-0.22335,-0.158607,-0.017165,-0.388502,-0.023507,-0.177027,-0.477875,-0.07281,-0.266343,-0.428626,-0.255315,-0.410042,-0.645798,-0.13931,-0.766097,-0.664268,-0.158363,-0.784472,-0.745777,-0.189825,-0.965957,-0.766385,-0.13498,-0.961731,-0.760918,-0.169334,-0.891055,-0.780991,-0.105799,-1.0,-0.607323,-0.178309,-0.993798,-0.734129,-0.176972,-0.963484,-0.640441,-0.330594,-0.819491,-0.762917,-0.078314,-0.802303,-0.594175,-0.037565,-0.622453,-0.601393,-0.056918,-0.293165,-0.717608,-0.233575,-0.127233,-0.676289,-0.17554,-0.092545,-0.725667,-0.17789
K,0.0,0.0,0.0,-0.120852,-0.056661,0.147691,0.055349,-0.086657,0.115913,-0.064132,-0.260229,0.101292,-0.286238,-0.379343,0.073017,-0.384792,-0.49021,0.012063,-0.354009,-0.353735,0.041336,-0.53492,-0.569797,-0.132782,-0.776755,-0.592064,0.012496,-0.831159,-0.61402,-0.051002,-0.882616,-0.70199,0.052278,-1.0,-0.439577,-0.019065,-0.999613,-0.616164,-0.010774,-0.884889,-0.550023,0.12063,-0.823363,-0.512749,0.095488,-0.664888,-0.434381,0.10168,-0.595831,-0.54135,0.274511,-0.45011,-0.389506,0.072188,-0.523482,-0.448347,0.062008,-0.290202,-0.497416,0.008465,-0.072327,-0.365521,0.02462
K,0.0,0.0,0.0,0.086798,-0.045003,-0.017608,0.097691,-0.14949,0.002303,-0.119765,-0.351015,0.153929,-0.205103,-0.285694,-0.092718,-0.25211,-0.4968,0.151376,-0.325283,-0.558226,-0.069673,-0.426251,-0.637891,-0.040315,-0.621681,-0.587984,0.013928,-0.77299,-0.710815,-0.105713,-0.777611,-0.605299,-0.03696,-1.0,-0.609017,-0.139062,-0.898845,-0.631483,-0.026352,-0.748506,-0.663904,-0.068571,-0.764294,-0.515601,0.069237,-0.632031,-0.458402,0.12008,-0.455159,-0.615347,0.095828,-0.391675,-0.538543,-0.02083,-0.254044,-0.548001,0.024125,-0.131883,-0.492589,0.029937,-0.042614,-0.586218,-0.180016
K,0.0,0.0,0.0,0.055829,-0.1949,0.037354,-0.105592,-0.159127,-0.106998,-0.031019,-0.250141,-0.008664,-0.166034,-0.459293,0.082288,-0.222566,-0.549129,-0.052411,-0.329091,-0.41217,0.053274,-0.497286,-0.626786,0.009616,-0.637192,-0.65522,0.07393,-0.756392,-0.643542,-0.041895,-0.852829,-0.586475,-0.019464,-0.882179,-0.652474,-0.044181,-1.0,-0.536884,0.075109,-0.781536,-0.696704,0.123251,-0.66305,-0.518055,0.156884,-0.646952,-0.620781,0.089166,-0.655117,-0.577203,0.077986,-0.440581,-0.484462,-0.078411,-0.33505,-0.471248,0.082993,-0.150471,-0.498707,-0.017553,-0.078716,-0.559458,0.051758
K,0.0,0.0,0.0,0.084994,-0.061668,0.248193,0.025793,-0.169982,-0.013331,-0.046327,-0.352275,0.173637,-0.1372,-0.353301,0.271536,-0.347875,-0.448359,0.142943,-0.270862,-0.545133,0.114143,-0.505279,-0.589569,0.156832,-0.774937,-0.735755,0.158957,-0.983346,-0.736868,0.024071,-0.93285,-0.614368,0.050522,-1.0,-0.780184,0.047724,-0.886351,-0.699669,0.035993,-0.996416,-0.652379,0.095629,-0.922784,-0.567891,0.225816,-0.752851,-0.591058,0.019588,-0.565815,-0.549308,0.083047,-0.536646,-0.420663,0.129185,-0.406334,-0.490289,0.098306,-0.199926,-0.48797,-0.147959,-0.241523,-0.481215,0.023481
K,0.0,0.0,0.0,0.090044,0.108384,0.037841,0.028063,-0.087068,0.114065,0.066688,-0.181012,0.055718,-0.143629,-0.41595,-0.06461,-0.189824,-0.387866,0.100846,-0.318465,-0.422899,-0.018689,-0.449704,-0.647306,-0.037448,-0.796071,-0.609437,0.044147,-0.766175,-0.580287,-0.042065,-0.906796,-0.660105,0.030583,-0.856202,-0.686574,-0.160016,-0.904533,-0.663487,-0.043197,-1.0,-0.505922,-0.012374,-0.803851,-0.62037,-0.004796,-0.687842,-0.569104,0.013969,-0.453175,-0.62966,0.048193,-0.478363,-0.36482,0.009849,-0.353524,-0.479537,0.032708,0.080393,-0.636807,-0.113937,0.069629,-0.614137,-0.04148
K,0.0,0.0,0.0,0.04855,0.025733,0.160469,0.101655,-0.21746,0.085273,0.072492,-0.232191,0.103912,0.031236,-0.493659,0.16763,-0.18114,-0.597924,0.069436,-0.376939,-0.644935,0.009579,-0.706231,-0.763581,-0.025443,-0.779579,-0.827841,0.067774,-0.873644,-0.587104,-0.019256,-0.872972,-0.807745,-0.09706,-1.0,-0.66511,-0.031899,-0.992606,-0.734811,-0.008954,-0.996069,-0.813913,0.026347,-0.847203,-0.660456,0.068372,-0.716158,-0.631265,0.06885,-0.563542,-0.603351,0.04938,-0.422113,-0.595444,0.034742,-0.286031,-0.56829,-0.06007,-0.122107,-0.426906,-0.076163,-0.077664,-0.371711,-0.088247
K,0.0,0.0,0.0,-0.072771,-0.053633,-0.095282,-0.061811,-0.214591,-0.099338,-0.045548,-0.435488,0.192785,-0.165651,-0.475898,0.131256,-0.373701,-0.512865,-0.10572,-0.509282,-0.586565,0.060159,-0.497663,-0.677446,-0.000628,-0.837666,-0.60915,0.115806,-0.941705,-0.72367,0.003994,-0.835885,-0.72557,0.057878,-1.0,-0.532835,-0.002307,-0.858823,-0.60724,0.030015,-0.866382,-0.526007,0.002949,-0.911895,-0.582628,-0.022537,-0.79131,-0.428929,0.081674,-0.586513,-0.443906,0.083585,-0.363013,-0.650556,-0.039718,-0.414793,-0.592172,0.022064,-0.23552,-0.360575,0.056638,-0.188107,-0.48821,-0.158333
K,0.0,0.0,0.0,0.004009,-0.173879,0.021372,0.060571,-0.150739,0.153862,-0.083801,-0.396813,0.088802,-0.1606,-0.517842,0.200403,-0.282973,-0.481256,-0.009827,-0.463954,-0.552774,0.147974,-0.653057,-0.659163,0.080358,-0.754738,-0.698901,-0.091408,-0.893082,-0.705243,0.025456,-0.903262,-0.774656,0.066663,-0.914695,-0.690261,0.046587,-1.0,-0.776993,-0.02615,-0.965038,-0.751643,0.209445,-0.93918,-0.587221,0.082962,-0.761438,-0.603729,0.005542,-0.673442,-0.704625,0.090521,-0.534966,-0.480835,0.064927,-0.505583,-0.603835,0.156173,-0.055445,-0.602917,0.026852,-0.080085,-0.576701,-0.044999
K,0.0,0.0,0.0,0.040841,-0.189799,0.049006,0.035608,-0.234969,-0.049819,0.033861,-0.425504,0.181447,-0.214639,-0.392819,-0.114593,-0.432812,-0.598997,-0.159729,-0.334028,-0.637234,0.119369,-0.562659,-0.680136,-0.044098,-0.767901,-0.779738,-0.14247,-0.789611,-0.798172,-0.062603,-0.682121,-0.814338,-0.027404,-0.97368,-0.677299,-0.020535,-1.0,-0.562267,-0.089325,-0.955977,-0.645574,-0.060328,-0.796426,-0.725682,0.113136,-0.663304,-0.658066,-0.038044,-0.635731,-0.621121,0.120808,-0.423569,-0.553867,0.066372,-0.227983,-0.606465,0.031149,-0.158249,-0.633832,0.075995,0.031679,-0.523892,-0.095063
K,0.0,0.0,0.0,-0.106669,-0.182265,-0.101354,0.10705,-0.447317,-0.147343,0.044185,-0.422816,-0.158744,-0.03635,-0.588554,0.006365,-0.373459,-0.674943,-0.067598,-0.452184,-0.62257,0.028194,-0.537667,-0.580956,-0.101746,-0.586011,-0.911083,-0.097506,-0.731366,-0.789431,-0.015891,-0.88513,-0.887627,-0.096099,-1.0,-0.757927,-0.043963,-0.867441,-0.76287,-0.147661,-0.778523,-0.806823,-0.043191,-0.640364,-0.647373,-0.096829,-0.709901,-0.690724,-0.114108,-0.565801,-0.579262,0.05286,-0.581879,-0.787288,0.045582,-0.301423,-0.59434,-0.054156,-0.198277,-0.465341,-0.077012,-0.120131,-0.658059,-0.144588
K,0.0,0.0,0.0,4.1e-05,-0.200281,0.120084,0.153839,-0.393638,-0.052587,0.128601,-0.56227,0.06473,-0.107986,-0.441568,-0.045393,-0.240887,-0.580842,0.07776,-0.213925,-0.66558,0.023331,-0.375914,-0.860965,-0.090941,-0.68164,-1.0,0.018235,-0.592948,-0.782856,-0.026389,-0.777475,-0.82756,0.072281,-0.71675,-0.867997,0.040447,-0.74804,-0.757079,0.006618,-0.779379,-0.888244,-0.116029,-0.675273,-0.828087,-0.082,-0.783883,-0.749784,0.062219,-0.469135,-0.623523,0.007652,-0.357152,-0.604504,0.0624,-0.271833,-0.637514,-0.137627,-0.104797,-0.712732,0.100222,-0.078246,-0.681442,-0.066396
K,0.0,0.0,0.0,0.22802,-0.305804,0.109695,0.057256,-0.266018,0.101338,0.087885,-0.354459,0.166124,-0.085868,-0.567024,0.07297,-0.122671,-0.611969,-0.023626,-0.31189,-0.632138,-0.021505,-0.533085,-0.738011,0.016698,-0.605899,-0.801274,0.052322,-0.825768,-0.658999,0.121574,-0.944443,-0.9023,0.064815,-0.906501,-0.749948,-0.055092,-0.946453,-0.802026,0.044542,-1.0,-0.752084,-0.057175,-0.861764,-0.717178,0.108657,-0.658134,-0.612567,-0.038896,-0.464958,-0.696666,0.037792,-0.395182,-0.650453,0.104009,-0.222953,-0.676789,0.040011,-0.144926,-0.544403,-0.007638,-0.065255,-0.730958,-0.067599
K,0.0,0.0,0.0,0.206219,0.048399,-0.190014,-0.031027,-0.154475,0.066549,0.03303,-0.291442,-0.215043,-0.023862,-0.421985,-0.264037,-0.246102,-0.605548,-0.237022,-0.371507,-0.55219,-0.181078,-0.37103,-0.692346,-0.125875,-0.576455,-0.5787,-0.235619,-0.710153,-0.815984,-0.040849,-0.931879,-0.711833,-0.053635,-1.0,-0.685766,-0.256333,-0.710086,-0.874623,-0.278196,-0.963694,-0.775493,-0.079445,-0.634225,-0.549268,-0.080359,-0.667397,-0.66216,-0.052179,-0.541784,-0.563325,-0.14531,-0.46893,-0.555147,-0.092391,-0.261878,-0.613545,-0.065841,-0.032247,-0.397654,-0.021982,-0.05887,-0.599323,-0.279283
K,0.0,0.0,0.0,0.133383,-0.196402,0.017558,0.012434,-0.34845,-0.120293,0.145342,-0.285541,0.060603,0.004192,-0.527046,-0.235764,-0.072951,-0.699274,-0.033322,-0.306343,-0.794179,-0.044599,-0.612658,-0.917453,-0.216527,-0.511998,-0.822657,-0.213391,-0.784415,-0.954303,-0.269902,-0.807232,-1.0,-0.124743,-0.816055,-0.950943,-0.02366,-0.828237,-0.977827,-0.162228,-0.876427,-0.997137,-0.227536,-0.63781,-0.936608,-0.062704,-0.640786,-0.843661,0.021609,-0.459567,-0.887083,-0.118632,-0.248541,-0.74846,-0.004894,-0.186902,-0.896279,-0.059569,-0.007847,-0.764702,-0.241996,0.028866,-0.892124,-0.118206
K,0.0,0.0,0.0,0.110874,-0.077357,0.000239,-0.056905,-0.269433,0.043412,-0.13631,-0.267946,0.105101,-0.110115,-0.427884,-0.132938,-0.26672,-0.434465,-0.059034,-0.338197,-0.559747,-0.044938,-0.583196,-0.758802,-0.123182,-0.72773,-0.645931,-0.111251,-0.728314,-0.692999,-0.159172,-0.960213,-0.768271,-0.107456,-0.975925,-0.797053,-0.030708,-0.943514,-0.674231,-0.150151,-1.0,-0.679449,-0.218661,-0.786694,-0.6882,-0.063021,-0.706804,-0.61884,-0.118427,-0.494308,-0.690404,-0.197603,-0.400899,-0.664905,0.059932,-0.298368,-0.523933,-0.097743,-0.263308,-0.581449,-0.144567,-0.005972,-0.633477,-0.061231
K,0.0,0.0,0.0,-0.115122,-0.053629,-0.040965,-0.112431,-0.138044,-0.081441,-0.042156,-0.340147,-0.078034,-0.223196,-0.386489,0.041859,-0.316661,-0.572426,0.075264,-0.481541,-0.505617,0.146376,-0.504788,-0.567927,-0.150593,-0.842691,-0.537558,-0.095715,-0.868386,-0.738666,-0.041432,-0.855132,-0.542193,-0.108921,-0.942649,-0.65862,0.004798,-1.0,-0.694797,0.058812,-0.957378,-0.630446,-0.004923,-0.947077,-0.539122,-0.012412,-0.844573,-0.35633,-0.061008,-0.62659,-0.505373,-0.059953,-0.537651,-0.592477,0.167424,-0.391656,-0.495949,0.139678,-0.307135,-0.390104,0.012923,-0.293416,-0.541534,-0.021416
K,0.0,0.0,0.0,-0.02946,-0.145887,0.238351,-0.059216,-0.279583,0.096561,-0.164039,-0.320211,-0.004771,-0.231315,-0.559726,-0.038652,-0.165126,-0.519779,0.158196,-0.350497,-0.659811,0.055334,-0.490549,-0.574811,-0.072314,-0.512889,-0.866385,-0.027241,-0.842791,-0.770008,0.162887,-0.859304,-0.75782,0.086705,-0.968489,-0.840244,0.05417,-1.0,-0.832879,0.140888,-0.972348,-0.825314,-0.018369,-0.842764,-0.609476,0.124609,-0.73061,-0.728441,0.106896,-0.657017,-0.646432,0.092554,-0.5304,-0.546112,0.00807,-0.430616,-0.66533,0.145277,-0.156468,-0.756032,0.09619,-0.077794,-0.668647,0.002092
K,0.0,0.0,0.0,0.124156,-0.174013,0.210635,0.144569,-0.208287,0.053871,0.067653,-0.35057,0.282392,-0.132142,-0.592667,0.211,-0.024742,-0.597111,0.047914,-0.429911,-0.70043,0.154416,-0.519906,-0.88047,0.193747,-0.691374,-0.785696,-0.088199,-0.68903,-0.923915,0.180368,-0.844494,-1.0,0.082353,-0.808794,-0.91643,0.223957,-0.932427,-0.718662,0.112875,-0.937381,-0.640659,0.191375,-0.860006,-0.729523,0.10034,-0.703048,-0.621375,0.152489,-0.638203,-0.782794,0.176605,-0.465124,-0.8013,0.051193,-0.120656,-0.675784,0.14266,-0.163973,-0.723776,0.054691,0.018461,-0.849164,0.181804
K,0.0,0.0,0.0,0.085416,-0.1496,-0.0007,0.057575,-0.186824,0.046037,0.023321,-0.254688,0.073526,-0.110562,-0.390502,0.032382,-0.231436,-0.441987,-0.075307,-0.497965,-0.502147,-0.162524,-0.517629,-0.54058,-0.020655,-0.510832,-0.772866,-0.074686,-0.713186,-0.589039,-0.003349,-0.862909,-0.662444,-0.046607,-0.840788,-0.537463,-0.120227,-0.845112,-0.712861,-0.063991,-1.0,-0.631133,0.033471,-0.822662,-0.695686,0.041917,-0.545715,-0.648407,0.096129,-0.48531,-0.458435,-0.074449,-0.286158,-0.53072,-0.049775,-0.22917,-0.532205,-0.149018,-0.139486,-0.533547,-0.118341,0.027712,-0.369558,-0.148745
K,0.0,0.0,0.0,0.053933,-0.006537,-0.063234,0.012805,-0.206233,-0.019085,0.008249,-0.367862,-0.187225,-0.17614,-0.313776,-0.019328,-0.099166,-0.55232,-0.139029,-0.439692,-0.589071,-0.099547,-0.558287,-0.533082,-0.236967,-0.635693,-0.714344,-0.360365,-0.893255,-0.69514,-0.076629,-0.938287,-0.725984,-0.187921,-1.0,-0.743078,-0.208232,-0.995151,-0.824825,-0.243962,-0.877117,-0.605589,-0.064079,-0.750914,-0.693271,-0.205564,-0.79468,-0.601087,-0.182229,-0.620035,-0.628409,-0.069402,-0.53541,-0.617818,-0.099453,-0.260372,-0.54927,-0.091046,-0.124366,-0.390123,-0.125573,0.051543,-0.558726,-0.096292
K,0.0,0.0,0.0,-0.114261,-0.063167,-0.011988,-0.122003,-0.111624,0.139629,-0.31533,-0.403523,0.257607,-0.141153,-0.445472,-0.017188,-0.437156,-0.451711,0.225592,-0.335531,-0.680322,0.035697,-0.679764,-0.611378,-0.06396,-0.788411,-0.727063,0.054859,-0.899214,-0.71413,0.043679,-0.823447,-0.536991,0.040467,-1.0,-0.589175,0.105002,-0.935473,-0.78508,0.127813,-0.940584,-0.706829,0.011216,-0.851988,-0.795199,0.072267,-0.840022,-0.633183,0.060682,-0.77489,-0.471317,-0.060935,-0.514963,-0.593001,0.235364,-0.389323,-0.680097,0.110805,-0.348813,-0.456336,0.093465,-0.05939,-0.538883,0.086665
L,0.0,0.0,0.0,-0.075944,-0.060311,-0.091958,0.040234,-0.221337,-0.065362,-0.077402,-0.147808,-0.067165,-0.201118,-0.42958,-0.102001,-0.260226,-0.409812,-0.044344,-0.295719,-0.588982,0.092343,-0.461992,-0.542666,-0.061579,-0.706798,-0.528648,0.042103,-0.799535,-0.581268,-0.167664,-0.861502,-0.593117,-0.190159,-0.868341,-0.54931,-0.131588,-1.0,-0.541847,-0.088719,-0.664706,-0.501528,0.000295,-0.745182,-0.38396,-0.110216,-0.575131,-0.387401,0.014751,-0.338018,-0.463222,0.066582,-0.278803,-0.406501,0.087678,-0.245417,-0.407567,-0.056061,-0.216525,-0.370268,-0.034954,-0.055606,-0.33066,-0.12698
L,0.0,0.0,0.0,0.193257,-0.280718,-0.028251,0.019429,-0.381098,-0.106225,0.066318,-0.397815,-0.109775,-0.001581,-0.549054,0.018436,-0.203411,-0.59411,-0.101941,-0.454534,-0.827693,-0.109039,-0.590719,-0.649485,-0.100435,-0.52649,-0.741636,-0.113018,-0.432055,-0.594171,-0.017604,-0.844393,-0.708587,-0.256902,-0.701359,-1.0,-0.135453,-0.70618,-0.750806,-0.203774,-0.734402,-0.719871,-0.051387,-0.690223,-0.650693,0.041638,-0.55328,-0.56867,-0.044445,-0.442635,-0.556317,0.07095,-0.309734,-0.704138,0.095781,-0.133502,-0.644465,-0.076925,0.093669,-0.495856,-0.075572,0.266762,-0.734851,-0.124966
L,0.0,0.0,0.0,-0.07051,-0.14894,-0.145294,-0.083751,-0.11198,-0.103318,-0.111856,-0.222752,-0.014123,-0.281509,-0.305303,-0.016183,-0.265188,-0.486753,-0.011897,-0.548234,-0.475726,-0.115174,-0.651571,-0.506196,-0.099835,-0.603766,-0.454971,-0.022692,-0.746379,-0.542116,0.002323,-0.886526,-0.404785,-0.15211,-0.974027,-0.63522,-0.160422,-1.0,-0.502164,0.001311,-0.838799,-0.584746,-0.068772,-0.703213,-0.482609,-0.072401,-0.759715,-0.460014,-0.053647,-0.537967,-0.375494,-0.022407,-0.390181,-0.36271,-0.096097,-0.149207,-0.445735,0.00787,-0.251183,-0.400571,-0.03872,0.022549,-0.453693,0.020674
L,0.0,0.0,0.0,0.028327,-0.464996,0.157896,0.040234,-0.254765,0.237792,-0.13321,-0.431875,0.384254,-0.210131,-0.497309,0.149882,-0.262983,-0.586997,0.12056,-0.429848,-0.663334,0.203709,-0.638285,-0.684417,0.048887,-0.766459,-0.806198,0.193573,-0.950682,-0.812664,0.05286,-0.940813,-0.800956,-0.007627,-0.884358,-0.784209,0.037531,-1.0,-0.676176,0.157869,-0.996398,-0.822512,0.198327,-0.772645,-0.699002,0.148335,-0.647501,-0.719846,0.118063,-0.447621,-0.631985,0.12603,-0.415161,-0.653236,0.150677,-0.267856,-0.726974,0.227379,-0.165835,-0.795608,0.117542,-0.122304,-0.936747,0.100304
L,0.0,0.0,0.0,-0.055839,-0.115759,-0.074259,-0.16511,-0.118666,0.035727,-0.158903,-0.399861,0.025231,-0.287691,-0.340301,-0.109495,-0.331655,-0.42944,-0.178714,-0.352329,-0.500469,-0.057266,-0.543406,-0.526472,-0.036696,-0.762975,-0.561193,-0.201292,-0.793965,-0.47165,-0.184008,-0.86318,-0.704195,-0.084643,-0.838094,-0.529228,-0.114047,-1.0,-0.614433,0.02434,-0.759464,-0.513198,-0.026796,-0.808404,-0.394851,-0.06622,-0.612853,-0.538839,-0.019547,-0.443932,-0.492905,0.04296,-0.473975,-0.477635,-0.014203,-0.223916,-0.437551,0.010943,-0.111987,-0.481243,-0.148522,-0.133649,-0.375852,-0.121201
L,0.0,0.0,0.0,0.099511,-0.009567,-0.220343,-0.258003,-0.179771,-0.02298,-0.116344,-0.332573,-0.185947,-0.181813,-0.238243,-0.131925,-0.307943,-0.263026,-0.111613,-0.509463,-0.471735,-0.138629,-0.53372,-0.588042,-0.142473,-0.851376,-0.607436,-0.229831,-0.82255,-0.723966,-0.098505,-0.976405,-0.479205,-0.069925,-0.907171,-0.702392,-0.200595,-1.0,-0.625441,-0.02514,-0.899636,-0.588709,-0.16826,-0.844534,-0.473289,-0.211077,-0.690634,-0.452072,-0.206295,-0.671704,-0.462509,0.021523,-0.353016,-0.488877,0.010802,-0.334241,-0.468147,-0.099736,-0.142166,-0.502133,-0.1563,-0.207532,-0.464225,-0.082571
L,0.0,0.0,0.0,0.032567,0.013128,0.055328,-0.092605,-0.073146,0.092239,-0.208036,-0.152481,-0.015175,-0.165828,-0.386468,0.115738,-0.409691,-0.438488,0.163251,-0.481933,-0.475446,0.171107,-0.606502,-0.585138,-0.161875,-0.804525,-0.450229,0.040189,-0.797996,-0.619639,-0.026658,-1.0,-0.554923,0.042541,-0.900132,-0.41747,0.124185,-0.964884,-0.561693,0.033519,-0.91424,-0.493649,-0.030608,-0.911336,-0.403474,0.042232,-0.755076,-0.445056,0.005941,-0.632563,-0.449312,0.02389,-0.556831,-0.40711,0.115817,-0.250662,-0.506075,0.17347,-0.195203,-0.500727,-0.005232,-0.27266,-0.571824,0.136213
L,0.0,0.0,0.0,0.07177,-0.129105,-0.135216,0.145663,-0.282125,0.010734,0.003453,-0.442912,0.076194,-0.156898,-0.428494,0.037623,-0.361872,-0.545029,0.017344,-0.574764,-0.630757,-0.027319,-0.549193,-0.77032,-0.106224,-0.618502,-0.668766,-0.029771,-0.790221,-0.688583,-0.041211,-1.0,-0.729979,0.041545,-0.889292,-0.734931,0.019033,-0.945202,-0.629733,0.103743,-0.97778,-0.591281,0.200654,-0.737199,-0.566807,-0.010125,-0.696135,-0.630277,0.023839,-0.617408,-0.601095,0.126548,-0.465377,-0.557358,0.061313,-0.240394,-0.530763,0.062341,-0.121207,-0.501143,0.050495,0.130364,-0.626685,-0.044495
L,0.0,0.0,0.0,0.023342,-0.051678,-0.071683,0.027989,-0.327583,0.033917,-0.149541,-0.485138,0.02912,-0.141679,-0.464129,-0.084935,-0.411175,-0.57595,0.09239,-0.579594,-0.621523,0.017832,-0.550766,-0.813525,-0.116832,-0.77056,-0.801854,-0.051553,-0.887673,-0.662295,-0.172946,-1.0,-0.831298,-0.034128,-0.910081,-0.714284,0.062734,-0.918477,-0.896545,-0.13521,-0.811637,-0.639238,0.073525,-0.876617,-0.716839,0.012835,-0.769992,-0.637692,0.231208,-0.5851,-0.528745,-0.009462,-0.518953,-0.538333,0.034311,-0.151419,-0.49873,0.010228,-0.022015,-0.702291,-0.063199,0.049683,-0.790114,-0.015428
L,0.0,0.0,0.0,-0.005365,-0.298846,0.005017,-0.095378,-0.293136,-0.006886,-0.03955,-0.572977,0.085774,-0.272635,-0.659747,0.179621,-0.474121,-0.60165,0.087663,-0.671669,-0.761309,0.160987,-0.707353,-0.938927,-0.006836,-0.835521,-0.747736,-0.157535,-0.942048,-0.845423,0.003302,-0.974024,-0.750298,0.095586,-0.877268,-0.854953,-0.03015,-0.979467,-0.752696,-0.190409,-1.0,-0.616345,-0.063936,-0.878847,-0.825428,0.132358,-0.75845,-0.690456,0.046426,-0.755231,-0.543678,0.019442,-0.45647,-0.681198,0.241811,-0.236598,-0.445782,0.222547,-0.286675,-0.689569,0.186321,-0.158395,-0.589822,-0.040791
L,0.0,0.0,0.0,0.129534,-0.144147,0.144577,0.034332,-0.291302,0.227154,0.014114,-0.48772,0.439795,-0.172621,-0.53505,0.37262,-0.446522,-0.454291,0.202597,-0.491782,-0.782621,0.06558,-0.629927,-0.722494,0.197256,-0.720044,-0.824711,0.235762,-0.634824,-0.67573,0.08309,-0.894268,-0.753012,0.24722,-1.0,-0.865408,0.221331,-0.927756,-0.851026,0.207869,-0.753061,-0.782946,0.100852,-0.807337,-0.632573,0.191641,-0.58775,-0.633547,0.296556,-0.593814,-0.730314,0.186871,-0.490549,-0.578497,0.037589,-0.267745,-0.635318,0.09815,-0.127077,-0.627638,0.265333,-0.091111,-0.633714,0.18167
L,0.0,0.0,0.0,0.162334,-0.066621,0.087201,0.149648,-0.165783,0.326762,-0.195645,-0.307611,0.030468,-0.20004,-0.396397,0.097,-0.316178,-0.503217,0.10891,-0.522175,-0.428989,0.009196,-0.590672,-0.685973,0.006585,-0.795084,-0.637887,0.065332,-0.931816,-0.67626,-0.035958,-1.0,-0.556239,-0.066179,-0.947339,-0.498517,0.147851,-0.910438,-0.607023,0.132074,-0.862775,-0.463929,0.088494,-0.724029,-0.565902,0.26734,-0.694953,-0.634644,0.13999,-0.484632,-0.357305,0.059103,-0.534407,-0.43049,0.163351,-0.36979,-0.493741,0.086327,-0.076279,-0.515633,0.050975,-0.040673,-0.623604,0.209623
L,0.0,0.0,0.0,-0.127127,-0.009882,0.028686,-0.098613,-0.271033,0.154028,-0.104331,-0.26123,0.13639,-0.184265,-0.324853,0.173908,-0.440563,-0.386987,0.118801,-0.40344,-0.47472,0.078147,-0.657903,-0.419265,-0.102773,-0.701874,-0.556962,0.032502,-0.858595,-0.574443,0.069458,-0.958371,-0.561078,0.061269,-1.0,-0.522463,0.073009,-0.980304,-0.619405,0.009228,-0.867212,-0.512514,0.186542,-0.821197,-0.539173,0.15406,-0.756018,-0.503491,0.065292,-0.772588,-0.384914,0.188654,-0.364961,-0.278603,0.22022,-0.327166,-0.332499,0.090068,-0.224662,-0.477915,0.056614,-0.089162,-0.343222,0.106191
L,0.0,0.0,0.0,0.154179,0.07045,-0.044938,0.085706,-0.079862,-0.116485,-0.00631,-0.190078,0.047247,-0.149169,-0.152309,0.161335,-0.28137,-0.477693,0.042273,-0.441035,-0.430457,-0.146066,-0.610998,-0.535816,0.018051,-0.856075,-0.709736,-0.227156,-0.920833,-0.754506,-0.053523,-0.908077,-0.66072,-0.095431,-0.86349,-0.720025,-0.245703,-0.893507,-0.639105,-0.147237,-0.850603,-0.737114,-0.10796,-1.0,-0.514641,0.118331,-0.719762,-0.568364,0.150634,-0.470448,-0.276145,0.017603,-0.347821,-0.338513,-0.01823,-0.196763,-0.66067,0.119248,-0.055541,-0.483806,0.024392,-0.089413,-0.556535,-0.02969
L,0.0,0.0,0.0,0.062322,-0.262957,0.109299,-0.061153,-0.266924,-0.02667,-0.119791,-0.365309,0.091266,-0.133133,-0.45172,-0.022772,-0.314426,-0.55749,0.015122,-0.45253,-0.755947,-0.180016,-0.55081,-0.717268,-0.004329,-0.8593,-0.638941,-0.030624,-0.916437,-0.736757,-0.214072,-0.949093,-0.638051,-0.043881,-1.0,-0.771742,0.032292,-0.903785,-0.755127,-0.005372,-0.930851,-0.653292,-0.073024,-0.760893,-0.604053,0.112197,-0.820187,-0.703928,0.197155,-0.487411,-0.657381,0.101788,-0.466429,-0.714496,-0.152247,-0.282911,-0.445363,0.12585,-0.050234,-0.521765,0.001735,0.036884,-0.790556,0.032948
L,0.0,0.0,0.0,0.163526,-0.082892,0.018408,0.108139,-0.165932,-0.001184,0.152966,-0.264466,-0.023528,-0.088686,-0.349523,0.048818,-0.114645,-0.434726,-0.086787,-0.213149,-0.473728,-0.170261,-0.357696,-0.449272,0.050533,-0.513807,-0.369947,-0.162427,-0.779814,-0.61661,-0.134582,-0.782094,-0.616532,-0.182967,-0.887332,-0.588915,0.000551,-0.856131,-0.484308,-0.161394,-1.0,-0.524005,-0.086259,-0.744306,-0.555717,-0.073103,-0.638873,-0.518163,-0.108131,-0.591727,-0.590946,0.175519,-0.302033,-0.302043,-0.027569,-0.176428,-0.390862,0.014859,-0.143765,-0.455978,-0.032256,-0.108404,-0.363862,0.00198
L,0.0,0.0,0.0,0.307274,0.09633,-0.04366,0.416779,-0.199801,0.019429,0.151824,-0.299211,0.076307,0.160074,-0.429154,-0.051381,-0.284635,-0.416142,0.094022,-0.537192,-0.808229,0.000829,-0.505376,-0.783247,-0.197732,-0.844127,-0.597553,-0.007979,-0.770854,-0.665945,-0.132378,-1.0,-0.797582,-0.028363,-0.898309,-0.578883,0.026488,-0.912449,-0.542024,-0.047803,-0.810119,-0.635185,0.063589,-0.834617,-0.786867,0.064186,-0.627337,-0.66585,0.03795,-0.572946,-0.663255,0.00321,-0.432715,-0.615965,0.109305,0.018274,-0.352493,-0.024408,0.145536,-0.5436,-0.038394,0.181956,-0.510078,-0.093049
L,0.0,0.0,0.0,0.150476,-0.14185,0.026957,0.049104,-0.176269,0.059106,0.085961,-0.353557,0.085862,-0.308785,-0.427401,-0.010174,-0.361401,-0.645751,0.008618,-0.441141,-0.58086,0.023886,-0.608246,-0.65526,0.029673,-0.725792,-0.628334,-0.003755,-0.861531,-0.605199,0.049227,-0.905159,-0.572133,0.00876,-0.949758,-0.658447,0.027922,-1.0,-0.776857,0.058371,-0.807364,-0.675272,0.145949,-0.912812,-0.605476,0.218285,-0.63116,-0.552629,0.11659,-0.422479,-0.617748,0.203929,-0.408031,-0.431326,0.040707,-0.092904,-0.489239,-0.035365,-0.066463,-0.398966,0.14068,-0.003565,-0.471795,-0.010726
L,0.0,0.0,0.0,-0.105676,-0.117802,0.249927,-0.062149,-0.232744,0.344318,-0.101275,-0.514604,0.40662,-0.369915,-0.363077,0.141277,-0.246568,-0.536358,0.271773,-0.637312,-0.528069,0.252892,-0.581289,-0.561855,0.212335,-0.768742,-0.725657,0.147219,-0.766163,-0.743463,0.03282,-1.0,-0.636159,0.148256,-0.913694,-0.816738,-0.039293,-0.929746,-0.569629,0.075102,-0.860438,-0.52577,0.22504,-0.746609,-0.567785,0.22635,-0.638204,-0.409325,0.217478,-0.573224,-0.60118,0.272906,-0.439384,-0.427227,0.358095,-0.236226,-0.434665,0.182095,-0.250877,-0.494753,0.21336,0.055679,-0.701887,0.236161
L,0.0,0.0,0.0,-0.054968,-0.164494,0.194161,0.134139,-0.173511,0.060873,-0.216533,-0.324736,0.071375,-0.133239,-0.108421,0.057942,-0.402799,-0.497117,0.127733,-0.445351,-0.470551,0.043576,-0.504881,-0.471329,0.1047,-0.695936,-0.570756,-0.01572,-0.783794,-0.542246,0.065834,-1.0,-0.548317,0.004246,-0.981894,-0.507836,0.050161,-0.742641,-0.50264,0.035327,-0.870387,-0.591885,0.166249,-0.757899,-0.453701,0.022375,-0.61527,-0.514963,0.071258,-0.534832,-0.466596,0.056554,-0.414227,-0.339721,0.168303,-0.23291,-0.376213,0.053418,-0.093275,-0.548669,0.096519,-0.030029,-0.461767,-0.006751
L,0.0,0.0,0.0,0.080313,-0.015622,0.012009,0.040512,-0.085061,-0.053363,-0.182759,-0.221856,0.071945,-0.279773,-0.323677,0.082304,-0.294205,-0.298692,0.083087,-0.427132,-0.492552,-0.053974,-0.533826,-0.595575,-0.145613,-0.819108,-0.546097,0.073202,-0.895786,-0.572235,-0.093236,-0.833911,-0.472022,-0.139356,-0.988858,-0.584245,-0.112979,-1.0,-0.507909,-0.13051,-0.803868,-0.522129,-0.101199,-0.655675,-0.486182,-0.003437,-0.569833,-0.418116,0.015104,-0.54396,-0.493049,0.018233,-0.42352,-0.347142,-0.010076,-0.187038,-0.470247,-0.097305,-0.00771,-0.425804,0.024501,-0.141618,-0.464766,0.031191
L,0.0,0.0,0.0,0.076088,-0.278238,0.100123,0.043468,-0.482491,0.047521,0.074959,-0.555834,0.068332,-0.004749,-0.629041,-0.027035,-0.2161,-0.588405,0.041882,-0.264426,-0.851257,0.01231,-0.455026,-0.74021,0.066886,-0.754307,-0.805573,0.083873,-0.823878,-0.993065,-0.069552,-0.840078,-0.947985,-0.165063,-0.7686,-0.975459,-0.095491,-0.871417,-1.0,-0.159873,-0.860709,-0.775708,0.009953,-0.899928,-0.692796,0.08346,-0.58552,-0.760645,0.087747,-0.26034,-0.674271,0.059098,-0.400242,-0.717981,0.088801,-0.159637,-0.77406,0.050523,-0.103767,-0.675043,-0.056864,-0.101056,-0.820208,-0.049776
L,0.0,0.0,0.0,-0.019416,-0.179604,0.092046,-0.13218,-0.25023,0.370381,0.013425,-0.42349,0.148175,-0.250113,-0.431945,0.207693,-0.361412,-0.57771,0.211129,-0.582054,-0.577305,-0.008042,-0.704973,-0.586195,0.029325,-0.89526,-0.729072,-0.000922,-0.952764,-0.649717,-0.064912,-0.973356,-0.680999,0.02607,-0.991918,-0.731684,-0.027639,-1.0,-0.604667,0.051025,-0.88972,-0.540032,0.151534,-0.911273,-0.557555,0.205722,-0.744262,-0.679227,0.107474,-0.553223,-0.49195,0.103885,-0.579835,-0.61764,0.160868,-0.144782,-0.522878,0.214117,-0.25717,-0.584513,-0.082087,-0.063053,-0.634819,0.115971
L,0.0,0.0,0.0,-0.128152,-0.224791,-0.175856,0.073414,-0.48908,0.013676,0.03211,-0.602069,-0.106218,-0.14235,-0.532936,-0.097237,-0.224725,-0.681008,-0.063474,-0.539007,-0.747939,-0.043623,-0.466001,-0.7853,-0.166006,-0.602407,-0.841553,-0.088183,-0.827033,-0.847179,-0.275858,-0.991516,-0.773527,-0.052651,-0.918935,-0.849427,-0.095247,-0.890928,-1.0,-0.076586,-0.969895,-0.780606,-0.165115,-0.824338,-0.741794,-0.038441,-0.650641,-0.602576,0.025712,-0.393103,-0.692316,-0.12996,-0.368779,-0.584565,-0.017986,-0.429687,-0.64807,-0.306894,-0.105619,-0.729258,-0.210466,0.054399,-0.772061,-0.168455
L,0.0,0.0,0.0,0.018874,-0.072197,-0.050526,0.063978,-0.274526,0.028427,0.040071,-0.370809,-0.011185,-0.06697,-0.419255,-0.058432,-0.171523,-0.483772,0.1277,-0.55479,-0.572358,0.023485,-0.494153,-0.708714,-0.212795,-0.591045,-0.764847,-0.144661,-0.662669,-0.848877,-0.062931,-0.978237,-0.807351,-0.116471,-0.894665,-0.647903,-0.026721,-1.0,-0.79664,-0.123637,-0.855698,-0.68431,-0.373069,-0.941033,-0.650811,0.025622,-0.735116,-0.535176,-0.156498,-0.488806,-0.547393,0.010661,-0.438237,-0.683089,0.022214,-0.332022,-0.617093,0.057718,-0.060641,-0.538255,-0.031973,0.072144,-0.606577,-0.184254
L,0.0,0.0,0.0,-0.137546,-0.110745,-0.03033,-0.093638,-0.219086,0.040297,-0.193273,-0.27498,0.013171,-0.278853,-0.353072,-0.122087,-0.353486,-0.481233,0.017151,-0.663027,-0.509867,-0.045076,-0.686807,-0.578908,0.095054,-0.809007,-0.491546,-0.053939,-0.836198,-0.703491,-0.109267,-1.0,-0.599351,-0.027317,-0.955066,-0.557235,-0.054496,-0.823824,-0.509759,-0.181204,-0.890215,-0.467364,0.063882,-0.824957,-0.535654,0.064335,-0.75606,-0.379141,0.119642,-0.652474,-0.368929,0.08765,-0.509909,-0.284547,0.080523,-0.440727,-0.39644,0.0522,-0.1719,-0.385629,-0.005876,-0.138007,-0.469663,-0.110216
L,0.0,0.0,0.0,-0.019016,-0.023152,-0.206901,0.023478,-0.170188,-0.157285,-0.131085,-0.349035,-0.159221,-0.178937,-0.451498,-0.076509,-0.347903,-0.404147,-0.310967,-0.439653,-0.552571,-0.202454,-0.687217,-0.587434,-0.210578,-0.714149,-0.497397,-0.343663,-0.793128,-0.578684,-0.257196,-0.916231,-0.497135,-0.086131,-1.0,-0.622689,-0.282787,-0.894178,-0.453,-0.160571,-0.839981,-0.509776,-0.197106,-0.700818,-0.422855,-0.116473,-0.79581,-0.452712,-0.157399,-0.458039,-0.415318,-0.104705,-0.432122,-0.354854,-0.066798,-0.387604,-0.50599,-0.115242,-0.183685,-0.361435,-0.171321,-0.045568,-0.51109,-0.184578
L,0.0,0.0,0.0,-0.146764,-0.037782,-0.141734,-0.112209,-0.083827,-0.111881,-0.185275,-0.209707,-0.105728,-0.127794,-0.294162,-0.085988,-0.249183,-0.555212,-0.011017,-0.538169,-0.51835,-0.097432,-0.490079,-0.564662,-0.092274,-0.732315,-0.630193,-0.177865,-0.777448,-0.577383,-0.060363,-0.883979,-0.590488,-0.059308,-0.92387,-0.665116,-0.042255,-0.936683,-0.535651,-0.128009,-0.910095,-0.646528,-0.037496,-1.0,-0.388634,0.031309,-0.714433,-0.339089,0.116827,-0.54271,-0.399657,-0.017543,-0.283197,-0.514271,-0.051834,-0.198521,-0.356794,-0.055875,-0.055172,-0.412028,-0.066386,-0.021672,-0.463189,-0.091698
L,0.0,0.0,0.0,0.137958,-0.200569,-0.046579,0.096719,-0.471357,0.22842,-0.101903,-0.646519,0.085589,-0.178351,-0.725061,0.250991,-0.264288,-0.841048,0.037397,-0.392273,-0.822578,-0.001279,-0.709737,-0.909412,0.014436,-0.767789,-0.836754,0.047006,-0.81697,-0.988239,0.130434,-1.0,-0.999453,-0.047276,-0.916477,-0.890203,-0.106615,-0.986701,-0.881731,-0.029951,-0.90882,-0.871181,-0.030417,-0.758837,-0.799653,0.075409,-0.539318,-0.757082,0.083284,-0.536417,-0.646426,0.035178,-0.379681,-0.807896,0.112022,-0.026996,-0.753271,0.033429,-0.069549,-0.896939,0.019511,0.149749,-0.770331,0.111539
L,0.0,0.0,0.0,-0.181979,-0.026925,-0.255202,-0.20447,-0.084171,-0.144379,-0.062066,-0.39533,-0.095705,-0.326973,-0.354176,0.014225,-0.234123,-0.371684,-0.217712,-0.570631,-0.45849,-0.182763,-0.569636,-0.399998,-0.216415,-0.795165,-0.629202,-0.183427,-0.825414,-0.56043,-0.112955,-0.867727,-0.566101,-0.171692,-0.919103,-0.553605,-0.210588,-1.0,-0.517677,-0.179721,-0.83334,-0.494481,-0.122502,-0.721127,-0.56687,0.018617,-0.834553,-0.340073,-0.07818,-0.595249,-0.520645,-0.131572,-0.440381,-0.391656,0.00227,-0.299724,-0.382174,-0.090648,-0.220146,-0.431498,-0.14358,-0.072733,-0.511206,-0.19172
L,0.0,0.0,0.0,-0.054543,0.01142,0.11638,-0.083292,-0.076199,0.045727,-0.13913,-0.234245,0.134878,-0.224098,-0.230607,0.024972,-0.441394,-0.420807,-0.091765,-0.497252,-0.50329,0.133659,-0.491526,-0.520655,0.065543,-0.767522,-0.66646,-0.004389,-0.814035,-0.645776,-0.120714,-0.841744,-0.701533,-0.01155,-0.967525,-0.520825,0.032358,-1.0,-0.624003,0.087892,-0.889056,-0.484333,0.069506,-0.87032,-0.409032,0.06992,-0.574208,-0.337518,0.039994,-0.494723,-0.418379,0.048493,-0.495764,-0.424321,-0.105154,-0.288483,-0.308209,0.068781,-0.154504,-0.436535,-0.052298,-0.144334,-0.392174,-0.148379
L,0.0,0.0,0.0,0.154764,-0.185491,0.183386,0.122032,-0.302451,0.207314,0.032268,-0.296707,-0.147576,-0.181413,-0.614992,0.082402,-0.071121,-0.703655,0.099852,-0.191537,-0.593769,-0.045677,-0.472391,-0.759508,-0.0948,-0.658517,-0.868986,-0.048554,-0.936687,-1.0,-0.09644,-0.871514,-0.944704,-0.024507,-0.933213,-0.773957,0.025897,-0.808847,-0.75041,-0.059133,-0.851154,-0.564573,0.079576,-0.760599,-0.74297,-0.034505,-0.736283,-0.545219,0.074763,-0.587904,-0.676894,0.146664,-0.353216,-0.720495,0.056535,-0.100904,-0.687298,-0.047971,0.016743,-0.763815,-0.069191,0.067881,-0.638376,-0.085115
L,0.0,0.0,0.0,0.216796,-0.090005,0.082604,-0.073561,-0.350536,0.206303,-0.11315,-0.522915,-0.044594,-0.224118,-0.49844,0.012084,-0.476759,-0.742829,0.009279,-0.529735,-0.608129,0.035561,-0.562178,-0.66641,0.061304,-0.698258,-0.852777,-0.03851,-0.695223,-0.908842,-0.030813,-0.915404,-0.906698,-0.064762,-0.832069,-0.73619,-0.038982,-0.959279,-0.769118,0.156574,-1.0,-0.734069,-0.065203,-0.858248,-0.67408,0.16181,-0.795741,-0.592431,0.090331,-0.726311,-0.660187,0.027551,-0.309397,-0.548333,0.08809,-0.630433,-0.735388,0.114256,-0.123151,-0.661235,0.03731,-0.096974,-0.624049,-0.015745
L,0.0,0.0,0.0,-0.136241,-0.246802,0.096913,-0.050022,-0.235109,0.182046,-0.116883,-0.377818,0.239468,-0.243455,-0.444003,0.136939,-0.380525,-0.581077,0.196765,-0.510961,-0.661262,0.023025,-0.610067,-0.723036,0.079441,-0.753573,-0.749473,-0.067349,-0.945438,-0.798151,-0.048559,-0.905803,-0.575887,-0.011166,-1.0,-0.763706,0.101978,-0.930706,-0.698146,-0.031722,-0.984372,-0.653988,0.097608,-0.828266,-0.585476,0.01094,-0.690664,-0.586148,0.043562,-0.625921,-0.52914,0.032555,-0.260146,-0.525284,0.10383,-0.328991,-0.507195,0.059708,-0.223199,-0.472627,0.032682,-0.099206,-0.668158,0.065102
L,0.0,0.0,0.0,-0.14235,-0.258902,0.047504,-0.062185,-0.307794,0.285717,-0.165276,-0.621965,0.101373,-0.207333,-0.622956,0.133294,-0.351775,-0.612525,0.161141,-0.509915,-0.659153,-0.05927,-0.71913,-0.778958,-0.021996,-0.774539,-0.812966,0.000706,-0.813265,-0.796484,-0.058037,-1.0,-0.745284,0.041209,-0.895203,-0.724421,0.008224,-0.867296,-0.648697,-0.078375,-0.923539,-0.776187,0.062176,-0.89999,-0.772858,0.172362,-0.809138,-0.662301,0.01337,-0.485758,-0.642303,0.176336,-0.424935,-0.649497,0.115318,-0.187445,-0.697968,-0.103796,-0.244785,-0.737013,0.142418,-0.108513,-0.613602,0.048221
L,0.0,0.0,0.0,0.025776,-0.035725,-0.009992,-0.028622,-0.228572,-0.098417,0.011078,-0.39367,-0.116718,-0.203964,-0.501611,-0.11106,-0.223135,-0.449429,-0.112812,-0.383969,-0.409943,-0.079708,-0.475063,-0.550676,-0.147318,-0.690462,-0.607341,-0.199359,-1.0,-0.723561,-0.313975,-0.932889,-0.788191,-0.088614,-0.996652,-0.608602,-0.085299,-0.848226,-0.763448,-0.039311,-0.819508,-0.536109,0.035786,-0.706512,-0.650781,-0.030748,-0.762708,-0.537907,-0.103227,-0.519157,-0.620836,-0.166704,-0.415084,-0.51174,-0.103948,-0.142677,-0.46313,-0.061054,-0.163869,-0.611897,-0.113137,0.08416,-0.523963,-0.05223
L,0.0,0.0,0.0,-0.144252,-0.154113,-0.019751,-0.078911,-0.338791,-0.016251,-0.137504,-0.384761,-0.035952,-0.316139,-0.44257,-0.142604,-0.430249,-0.433324,0.03351,-0.477758,-0.69126,-0.038325,-0.64517,-0.577761,0.047099,-0.688765,-0.682385,-0.0881,-0.753677,-0.681486,-0.134267,-0.933889,-0.561649,-0.120983,-0.979738,-0.704346,0.020707,-0.920713,-0.556578,0.082091,-1.0,-0.646448,-0.036436,-0.80804,-0.527176,-0.021125,-0.753554,-0.466937,0.063988,-0.557808,-0.661843,0.112584,-0.436013,-0.509379,-0.037923,-0.367969,-0.559699,-0.137526,-0.272461,-0.623258,-0.022991,-0.213962,-0.489763,-0.156071
L,0.0,0.0,0.0,-0.081027,-0.226092,0.140921,0.028245,-0.18198,0.065546,-0.159779,-0.256336,0.16045,-0.192778,-0.410322,0.123986,-0.392175,-0.624515,0.04888,-0.586091,-0.627165,0.090879,-0.662656,-0.634923,0.109523,-0.807576,-0.629083,0.125479,-0.847567,-0.737431,0.101603,-0.911492,-0.653214,0.145096,-0.926347,-0.571005,0.034553,-1.0,-0.578867,-0.006823,-0.783332,-0.538498,0.093366,-0.749409,-0.553322,0.013539,-0.784206,-0.551054,0.131322,-0.501076,-0.526372,0.030139,-0.500025,-0.480684,-0.018649,-0.433297,-0.560696,0.163101,-0.23468,-0.514621,0.074218,-0.144599,-0.626293,0.113496
L,0.0,0.0,0.0,0.056979,-0.237173,-0.255442,0.146987,-0.162765,-0.083136,-0.098385,-0.356451,0.056496,-0.214677,-0.360713,-0.19594,-0.34738,-0.536759,0.015134,-0.281415,-0.537935,0.042612,-0.55208,-0.73513,-0.015627,-0.596091,-0.639373,-0.086768,-0.712813,-0.708449,-0.153233,-0.852116,-0.696871,-0.074147,-0.963249,-0.64424,-0.062882,-0.922745,-0.759982,-0.006908,-0.987671,-0.74303,-0.072724,-1.0,-0.48997,-0.062136,-0.518582,-0.432306,-0.061609,-0.381387,-0.651247,-0.008145,-0.377437,-0.483498,0.0203,-0.196393,-0.495564,0.00484,-0.033154,-0.340714,-0.114668,0.193996,-0.497584,-0.288433
L,0.0,0.0,0.0,-0.066845,-0.140957,0.109463,-0.148782,-0.164349,-0.047149,-0.307019,-0.329842,0.124017,-0.290906,-0.618187,-0.072712,-0.364959,-0.536777,0.108297,-0.519724,-0.650859,0.019857,-0.583379,-0.551441,-0.031167,-0.768543,-0.622522,-0.09368,-0.81856,-0.70835,-0.056154,-0.93664,-0.683079,0.084181,-1.0,-0.708902,0.062532,-0.927184,-0.603568,-0.092507,-0.894112,-0.572228,-0.045871,-0.786299,-0.612887,-0.024473,-0.651495,-0.490142,0.042138,-0.565947,-0.454309,0.007625,-0.442104,-0.561017,-0.044433,-0.368918,-0.611997,0.039904,-0.286973,-0.644956,0.040789,-0.103441,-0.600027,0.017466
L,0.0,0.0,0.0,0.174962,-0.125189,-0.061218,0.136882,-0.162744,0.023258,0.075056,-0.165605,0.05064,-0.196564,-0.400822,-0.057334,-0.182619,-0.600271,-0.019701,-0.523969,-0.601342,-0.008847,-0.547463,-0.665448,-0.050491,-0.809228,-0.739191,-0.19779,-0.758324,-0.74097,0.054154,-0.972736,-0.898377,-0.126775,-1.0,-0.711627,-0.014918,-0.973804,-0.719065,-0.130246,-0.966011,-0.601989,0.050946,-0.888772,-0.529121,0.049799,-0.773557,-0.559784,0.04774,-0.633915,-0.671247,0.059586,-0.418299,-0.404991,0.157727,-0.182244,-0.45273,-0.102113,-0.204685,-0.565056,-0.151468,0.03951,-0.658017,-0.048453
L,0.0,0.0,0.0,-0.004887,-0.280491,0.011092,-0.145761,-0.183489,0.059498,-0.008878,-0.476095,0.053345,-0.242469,-0.487133,-0.06178,-0.331375,-0.701188,-0.009174,-0.609406,-0.519103,-0.006349,-0.625763,-0.661643,-0.150672,-0.828177,-0.709547,-0.052096,-0.936098,-0.717347,-0.051825,-0.913586,-0.738548,-0.131249,-0.996332,-0.907434,-0.104385,-1.0,-0.678703,0.000913,-0.986681,-0.760121,0.091069,-0.854916,-0.652032,0.071014,-0.711843,-0.640438,-0.004526,-0.601366,-0.589898,-0.124992,-0.436726,-0.541977,0.048708,-0.146067,-0.516753,0.027726,-0.132708,-0.638588,0.010614,-0.013315,-0.666675,-0.125236
L,0.0,0.0,0.0,0.02054,-0.175852,0.054569,0.007047,-0.329776,-0.007523,-0.00542,-0.472316,0.16967,-0.184507,-0.535289,0.099097,-0.38621,-0.581839,0.030841,-0.449611,-0.757044,-0.058167,-0.782656,-0.793484,-0.068269,-0.825519,-0.801601,-0.042219,-0.843044,-0.763465,-0.005751,-0.90463,-0.787202,-0.053231,-0.920492,-0.738644,-0.165405,-1.0,-0.915983,-0.17148,-0.972849,-0.746809,-0.032537,-0.981961,-0.637947,-0.033073,-0.672578,-0.723098,-0.001756,-0.53211,-0.669847,0.055211,-0.392863,-0.742136,0.070505,-0.346342,-0.715471,-0.047124,-0.078028,-0.771374,0.040175,-0.02172,-0.669799,-0.016559
L,0.0,0.0,0.0,-0.097239,-0.182837,0.127635,0.047356,-0.143995,0.058429,-0.083156,-0.429328,0.022868,-0.222126,-0.601392,-0.108539,-0.370757,-0.603982,0.119595,-0.524399,-0.72795,0.129125,-0.742132,-0.7508,0.097306,-0.831473,-0.902187,0.138736,-0.821014,-0.722425,-0.022869,-0.913612,-1.0,-0.050974,-0.924042,-0.893603,-0.029065,-0.966097,-0.816023,0.021666,-0.904614,-0.6915,0.013391,-0.909587,-0.647282,0.098288,-0.687622,-0.636736,0.113046,-0.489661,-0.593311,0.095473,-0.45088,-0.487586,-0.016495,-0.274508,-0.644942,-0.095501,-0.098828,-0.63592,0.03438,-0.045818,-0.591604,0.080882
L,0.0,0.0,0.0,0.159808,-0.258959,0.055468,0.123968,-0.283771,0.132598,-0.022913,-0.521767,0.025788,-0.05662,-0.571566,0.040073,-0.14774,-0.623935,0.209465,-0.487984,-0.801813,0.011331,-0.355382,-0.850295,0.110511,-0.635584,-0.896295,-0.015236,-0.798373,-0.799259,-0.04664,-0.968587,-0.827344,-0.129407,-0.94027,-0.800984,0.019717,-1.0,-0.950886,0.107633,-0.908821,-0.90759,0.130048,-0.725636,-0.883127,0.271966,-0.708804,-0.690337,0.241712,-0.43289,-0.707574,-0.0493,-0.173326,-0.639231,-0.058054,-0.062449,-0.70731,0.018912,-0.111493,-0.714857,0.086027,-0.004559,-0.75522,0.281905
L,0.0,0.0,0.0,-0.130451,-0.072997,0.191265,0.080272,-0.306166,0.21493,-0.326067,-0.364745,0.205216,-0.285635,-0.422752,0.105702,-0.369077,-0.611727,0.228675,-0.543159,-0.707023,0.014852,-0.681649,-0.699378,0.108122,-0.844639,-0.72007,0.086116,-0.967234,-0.761059,0.020599,-0.962755,-0.807712,0.017537,-1.0,-0.605777,0.044112,-0.887616,-0.616222,-0.042015,-0.962944,-0.584348,0.099976,-0.858558,-0.602487,0.191221,-0.731065,-0.65118,-0.064283,-0.585184,-0.633806,0.044743,-0.458386,-0.621786,0.127654,-0.323935,-0.553026,0.109074,-0.080749,-0.645569,0.211213,-0.005344,-0.520396,0.068362
L,0.0,0.0,0.0,0.115568,-0.141676,-0.03545,-0.056661,-0.148715,-0.029884,0.045864,-0.257194,-0.094229,-0.160408,-0.28886,-0.029523,-0.28965,-0.589059,-0.284476,-0.409154,-0.605028,-0.163623,-0.580953,-0.412274,-0.137974,-0.636544,-0.562501,-0.346735,-0.823219,-0.707026,-0.047463,-1.0,-0.647494,-0.194915,-0.970029,-0.595182,-0.166801,-0.875015,-0.541617,-0.126107,-0.808816,-0.465979,-0.243797,-0.698788,-0.594524,-0.14804,-0.627271,-0.455384,-0.047533,-0.573843,-0.340175,-0.115787,-0.417633,-0.542646,-0.195766,-0.335086,-0.42342,-0.066451,-0.17978,-0.546831,-0.150042,-0.020968,-0.473811,-0.228061
L,0.0,0.0,0.0,0.024352,-0.196669,0.041489,0.044373,-0.454018,0.185583,-0.072022,-0.568067,0.197454,-0.252469,-0.56709,0.18858,-0.389603,-0.682791,0.212355,-0.621955,-0.599989,-0.014285,-0.659762,-0.742652,0.124394,-0.714506,-0.795974,0.022514,-0.723901,-0.755535,0.138636,-0.95495,-1.0,0.127294,-0.927685,-0.788039,0.01469,-0.973384,-0.824683,0.083942,-0.982662,-0.685551,0.265218,-0.849239,-0.83687,0.118461,-0.656163,-0.643509,0.266611,-0.47628,-0.79642,0.045477,-0.361409,-0.674534,0.252855,-0.326424,-0.562126,0.063274,-0.110104,-0.718654,0.134479,0.045724,-0.667061,0.217785
L,0.0,0.0,0.0,-0.00505,-0.126724,0.010197,0.124117,-0.156771,-0.102892,-0.010028,-0.487686,-0.081933,-0.166936,-0.383388,0.021667,-0.29307,-0.538181,0.004275,-0.424127,-0.704321,-0.148355,-0.635507,-0.781603,-0.038406,-0.630294,-0.702339,-0.270775,-0.937047,-0.767933,-0.250232,-0.96172,-0.729002,-0.003143,-0.844398,-0.857246,-0.121447,-1.0,-0.788416,-0.079773,-0.939968,-0.638632,0.055835,-0.821614,-0.69651,-0.12641,-0.523275,-0.540327,0.012125,-0.560152,-0.451257,-0.033501,-0.532302,-0.551419,-0.136262,-0.20626,-0.457024,-0.195643,-0.173585,-0.515631,-0.120485,0.041189,-0.591228,-0.02564
L,0.0,0.0,0.0,-0.055804,0.152857,-0.010359,0.010039,0.028734,-0.119772,-0.050365,-0.090821,0.035603,-0.172116,-0.25274,0.127339,-0.192186,-0.347709,0.098447,-0.340786,-0.328665,0.016184,-0.61939,-0.303221,0.024908,-0.641725,-0.429709,-0.071393,-0.804836,-0.423882,-0.133915,-0.821928,-0.456446,-0.045376,-0.795284,-0.420438,-0.010713,-1.0,-0.392668,-0.036868,-0.778583,-0.436145,0.065984,-0.7018,-0.419859,-0.041184,-0.53918,-0.34059,0.013714,-0.488546,-0.235085,0.052268,-0.423302,-0.368573,0.007928,-0.250204,-0.45569,-0.065673,-0.108324,-0.339639,0.020566,-0.166914,-0.39894,0.004366
L,0.0,0.0,0.0,0.117416,-0.043017,0.023338,0.085359,-0.115987,-0.005198,-0.033093,-0.39394,0.226108,-0.052686,-0.416046,0.211463,-0.387081,-0.502458,0.042947,-0.488688,-0.565513,0.070023,-0.663767,-0.621552,0.156895,-0.993915,-0.497992,-0.013075,-0.943613,-0.571476,0.061816,-0.974377,-0.579241,-0.00762,-0.978743,-0.791915,0.060064,-1.0,-0.543036,0.110932,-0.971443,-0.639869,0.044451,-0.913829,-0.689696,0.259054,-0.652798,-0.510558,0.190254,-0.512368,-0.594926,0.176904,-0.294446,-0.548823,-0.032345,-0.353391,-0.494609,-0.025723,-0.121638,-0.563716,0.057841,-0.045842,-0.546117,0.086195
L,0.0,0.0,0.0,0.095101,-0.151708,0.127627,0.078508,-0.160684,0.114474,-0.067224,-0.302609,0.152958,-0.053607,-0.497622,0.009471,-0.080022,-0.631054,0.005535,-0.365362,-0.735921,0.046399,-0.572172,-0.72512,0.022825,-0.591381,-0.759807,-0.04404,-0.760307,-0.829532,0.011195,-1.0,-0.750569,0.024781,-0.962423,-0.740623,0.104059,-0.889893,-0.814497,0.000251,-0.81445,-0.758566,0.125183,-0.723833,-0.794439,0.072516,-0.59574,-0.63337,0.087569,-0.443484,-0.500013,0.067069,-0.20609,-0.728495,-0.013191,-0.242897,-0.60477,0.069514,-0.118795,-0.65463,0.049525,-0.024672,-0.571543,0.04596
L,0.0,0.0,0.0,-0.007605,-0.219158,-0.149319,-0.018936,-0.191814,0.024296,0.0621,-0.284273,-0.114469,-0.204781,-0.630639,-0.071447,-0.377579,-0.734197,0.113948,-0.512263,-0.791721,-0.108338,-0.497395,-0.513392,-0.106249,-0.767919,-0.606978,-0.144802,-0.852802,-0.65685,-0.233414,-0.842226,-0.800227,-0.1956,-0.997947,-0.633717,-0.073141,-1.0,-0.66193,-0.017958,-0.939368,-0.71961,-0.131882,-0.768031,-0.68329,-0.189276,-0.741036,-0.58798,0.027715,-0.688645,-0.525808,0.054619,-0.479619,-0.532093,-0.230467,-0.189856,-0.471624,-0.073045,-0.244394,-0.498836,-0.117174,-0.268229,-0.525071,-0.024212
L,0.0,0.0,0.0,-0.110246,0.02557,0.088942,-0.219674,-0.05963,0.146475,-0.128583,-0.2046,0.165792,-0.270869,-0.318285,0.14152,-0.46004,-0.335853,0.247095,-0.546812,-0.30187,0.166312,-0.623048,-0.433529,0.186639,-0.790978,-0.471361,0.173913,-0.882273,-0.524613,0.037611,-0.956522,-0.549455,0.02886,-0.956638,-0.48944,0.132946,-1.0,-0.532756,0.181082,-0.939276,-0.404643,0.092094,-0.789768,-0.379281,-0.022505,-0.648085,-0.31227,0.153222,-0.560126,-0.439291,0.202419,-0.281963,-0.52087,0.133739,-0.27341,-0.278549,0.055304,-0.265657,-0.42099,0.084975,-0.147704,-0.509994,0.092337
L,0.0,0.0,0.0,0.077141,-0.197051,0.160966,0.032495,-0.228011,0.08924,-0.0149,-0.341394,0.175458,-0.150098,-0.503859,0.108147,-0.314446,-0.540739,0.002232,-0.329305,-0.672453,0.163866,-0.572813,-0.593311,-0.023142,-0.86866,-0.835608,0.224906,-0.86978,-0.627358,-0.098973,-0.883987,-0.688953,0.241943,-0.960338,-0.761382,0.050581,-1.0,-0.643157,0.039225,-0.930863,-0.602957,0.077948,-0.711357,-0.471954,0.050499,-0.681294,-0.684953,0.149038,-0.553912,-0.51922,0.204671,-0.403567,-0.571059,0.182447,-0.142186,-0.481635,0.04698,-0.191322,-0.6059,-0.02889,0.07056,-0.559012,-0.019201
L,0.0,0.0,0.0,0.001457,0.006108,0.005706,0.0725,-0.241785,-0.055787,-0.113193,-0.319182,0.066753,-0.289007,-0.457278,0.025123,-0.270159,-0.358547,0.088519,-0.407329,-0.674332,-0.058589,-0.525697,-0.758761,-0.010622,-0.601597,-0.773031,0.087354,-0.83104,-0.808236,0.004096,-1.0,-0.688393,0.079573,-0.972547,-0.637655,0.003163,-0.891081,-0.479216,0.21556,-0.926235,-0.664648,-0.049383,-0.750449,-0.620978,-0.003626,-0.592007,-0.641298,0.031651,-0.510142,-0.631029,0.074546,-0.245633,-0.627754,0.122911,-0.29031,-0.65629,0.040758,0.10578,-0.528181,0.060428,-0.062229,-0.659202,-0.123763
L,0.0,0.0,0.0,-0.093655,0.025885,0.027512,-0.145272,-0.087394,0.014133,-0.304083,-0.396892,0.016471,-0.262379,-0.324667,-0.035079,-0.406709,-0.504362,0.086111,-0.428846,-0.380929,0.017,-0.512428,-0.600222,-0.012216,-0.816967,-0.545839,-0.024413,-1.0,-0.524487,0.004118,-0.937442,-0.5792,-0.150025,-0.980066,-0.475882,-0.1172,-0.920428,-0.657135,-0.001229,-0.839777,-0.490655,0.027729,-0.706615,-0.546255,-0.054708,-0.738043,-0.5716,0.031856,-0.590997,-0.429949,-0.077804,-0.459467,-0.368861,0.058647,-0.465781,-0.44895,-0.043335,-0.237985,-0.486327,0.099601,-0.156219,-0.468439,-0.037326
L,0.0,0.0,0.0,-0.049028,0.011607,0.001591,-0.059392,-0.126659,0.017304,-0.054409,-0.276377,-0.027586,-0.198437,-0.406092,0.054579,-0.222257,-0.407076,0.071821,-0.376358,-0.529994,0.010609,-0.676716,-0.5455,-0.153354,-0.713286,-0.691254,-0.010732,-0.830869,-0.540832,-0.102935,-1.0,-0.638958,-0.134208,-0.90146,-0.485888,0.032371,-0.907937,-0.658725,-0.119311,-0.810595,-0.549015,-0.156123,-0.798467,-0.418241,-0.004981,-0.651234,-0.509367,-0.045632,-0.490558,-0.449078,0.04342,-0.35867,-0.444349,0.007738,-0.313012,-0.448311,0.058166,-0.161485,-0.474176,-0.043008,-0.162134,-0.473339,0.041069
L,0.0,0.0,0.0,0.070356,-0.133292,0.078441,-0.038175,-0.184023,0.046768,-0.157169,-0.310748,0.057528,-0.191938,-0.422119,-0.054776,-0.304197,-0.514134,-0.097392,-0.478861,-0.660438,0.014431,-0.498339,-0.703171,-0.086549,-0.649198,-0.660648,-0.086932,-0.625905,-0.671177,-0.057284,-0.865163,-0.608939,-0.002328,-1.0,-0.724301,-0.065346,-0.8601,-0.600315,-0.092342,-0.814556,-0.488701,0.014139,-0.773701,-0.68517,-0.003992,-0.686525,-0.583287,0.087097,-0.467407,-0.565227,-0.086864,-0.266058,-0.541263,0.047675,-0.262804,-0.544649,-0.022596,-0.177835,-0.597338,-0.002887,0.03384,-0.612621,-0.114868
L,0.0,0.0,0.0,0.040111,-0.212974,0.175746,-0.027138,-0.220718,0.184122,0.057412,-0.471832,0.012211,-0.070804,-0.390089,0.066112,-0.521728,-0.539603,-0.015167,-0.479715,-0.598683,0.099702,-0.43824,-0.689863,-0.019034,-0.613148,-0.666978,0.007648,-0.781526,-0.738811,0.075741,-0.729068,-0.764702,0.056475,-1.0,-0.777188,0.078749,-0.88241,-0.756382,0.057407,-0.762208,-0.75146,0.209364,-0.699154,-0.567725,0.100105,-0.497854,-0.510025,0.085956,-0.439016,-0.611821,0.094822,-0.247687,-0.514558,0.155881,-0.137089,-0.501765,0.028623,0.014181,-0.518833,0.109798,-0.01836,-0.506328,0.186643
M,0.0,0.0,0.0,-0.141524,-0.329459,0.058184,0.061375,-0.278147,0.106372,0.101877,-0.396227,0.02735,-0.253588,-0.402547,-0.06204,-0.286953,-0.623684,-0.041507,-0.671254,-0.566873,-0.067801,-0.696016,-0.821494,0.144477,-0.826672,-0.880654,-0.078995,-0.820435,-0.858529,-0.084949,-0.900993,-0.739594,-0.156367,-1.0,-0.760149,-0.035686,-0.909584,-0.696097,-0.025465,-0.927586,-0.589572,-0.052337,-0.986842,-0.663231,0.063664,-0.699478,-0.656969,0.015832,-0.511439,-0.699826,0.105082,-0.577467,-0.535579,0.065645,-0.166759,-0.75115,0.043542,-0.135642,-0.479121,0.023658,-0.106233,-0.802439,-0.083464
M,0.0,0.0,0.0,-0.063861,-0.237204,0.007872,-0.020649,-0.352542,0.081517,-0.251666,-0.349196,0.082933,-0.251336,-0.374599,-0.178343,-0.412073,-0.570804,0.05201,-0.605403,-0.653707,0.019757,-0.698071,-0.651744,-0.034578,-0.915628,-0.744011,-0.086713,-0.854963,-0.857615,-0.003458,-1.0,-0.790116,-0.039378,-0.974849,-0.753408,0.056026,-0.958306,-0.754552,-0.118953,-0.964618,-0.763017,-0.239812,-0.910273,-0.45073,-0.017707,-0.705286,-0.540101,0.029548,-0.613998,-0.47561,0.038744,-0.443584,-0.501851,-0.05784,-0.400007,-0.705681,0.052338,-0.19626,-0.531442,-0.014418,-0.214503,-0.67127,0.030499
M,0.0,0.0,0.0,0.075938,-0.360787,0.043149,-0.064156,-0.444364,0.171316,-0.174925,-0.498765,0.194816,-0.231852,-0.470785,-0.055769,-0.45466,-0.44583,0.137752,-0.63005,-0.663107,-0.037179,-0.575889,-0.91352,0.041746,-0.798516,-0.845726,-0.023967,-0.889095,-0.909032,-0.117706,-0.993895,-0.824212,-0.049876,-1.0,-0.809956,-0.001144,-0.945412,-0.641615,-0.079202,-0.949612,-0.62229,-0.073237,-0.781006,-0.633046,-0.141109,-0.694705,-0.577594,0.067822,-0.542609,-0.570186,0.16881,-0.307751,-0.636028,-0.041478,-0.16932,-0.677661,0.014999,-0.080051,-0.512395,0.138632,-0.011039,-0.692202,-0.089048
M,0.0,0.0,0.0,-0.118152,-0.106732,-0.059595,-0.260205,-0.092876,-0.017722,-0.148745,-0.280864,-0.022925,-0.412804,-0.348788,-0.087794,-0.427382,-0.386692,0.07618,-0.669808,-0.366068,-0.102003,-0.670067,-0.556254,-0.045164,-0.95883,-0.546798,-0.06796,-0.760753,-0.648586,-0.083984,-0.957395,-0.628917,-0.156249,-0.967928,-0.457538,-0.06706,-1.0,-0.583433,-0.028285,-0.870398,-0.331578,-0.058281,-0.69722,-0.373109,0.036063,-0.63586,-0.354586,-0.155042,-0.559921,-0.410067,0.078787,-0.488985,-0.37809,0.040467,-0.293138,-0.354593,0.044816,-0.204187,-0.420876,-0.13147,-0.125517,-0.470589,-0.081897
M,0.0,0.0,0.0,-0.093607,-0.097182,-0.016391,-0.003931,-0.209959,0.116278,-0.25544,-0.22453,0.081981,-0.28546,-0.327657,0.09467,-0.418798,-0.417382,0.092497,-0.603129,-0.54399,0.047145,-0.780328,-0.606869,0.134549,-0.649446,-0.555006,0.064312,-0.764537,-0.493073,-0.01628,-0.841154,-0.465417,0.032276,-0.999236,-0.366901,0.159491,-1.0,-0.443535,0.153442,-0.749053,-0.38202,-0.056983,-0.675322,-0.404857,0.108336,-0.686755,-0.466916,0.058845,-0.521535,-0.388775,0.03864,-0.386775,-0.415312,0.059315,-0.354598,-0.342821,0.063777,-0.250547,-0.309317,-0.02847,-0.022998,-0.411111,0.073217
M,0.0,0.0,0.0,0.120118,-0.066436,-0.01732,-0.156407,-0.417183,-0.042565,-0.189739,-0.387135,-0.032141,-0.19828,-0.467715,0.033954,-0.369468,-0.49232,0.090235,-0.492826,-0.555577,-0.027047,-0.50622,-0.595331,-0.055103,-0.756247,-0.622972,-0.139905,-0.876101,-0.501762,-0.154356,-1.0,-0.607817,-0.040919,-0.815609,-0.684367,-0.02277,-0.732157,-0.621599,-0.095886,-0.905212,-0.40923,-0.168195,-0.750776,-0.455075,-0.09049,-0.674489,-0.488223,0.142349,-0.490368,-0.480327,-0.106526,-0.311511,-0.394419,-0.078586,-0.17834,-0.506807,-0.188128,-0.083053,-0.337275,-0.15995,-0.032559,-0.43068,-0.10257
M,0.0,0.0,0.0,0.07459,-0.107495,-0.193342,0.057638,-0.215232,-0.072244,-0.065667,-0.323989,-0.017008,-0.094043,-0.489175,-0.132934,-0.139918,-0.538399,-0.118353,-0.597078,-0.698746,-0.176132,-0.587557,-0.69754,-0.145973,-0.885371,-0.574245,-0.232678,-0.846833,-0.750191,-0.208435,-1.0,-0.671169,-0.264483,-0.922574,-0.68527,-0.112107,-0.856862,-0.670883,-0.111906,-0.882865,-0.493422,-0.147738,-0.747589,-0.610219,-0.156174,-0.412503,-0.495684,-0.072023,-0.470499,-0.418861,-0.122131,-0.259238,-0.315646,-0.167868,-0.076008,-0.488013,-0.060704,-0.025711,-0.590317,-0.112928,0.044211,-0.786604,-0.228714
M,0.0,0.0,0.0,-0.036823,-0.029779,0.172185,0.065807,-0.087019,0.162346,-0.112496,-0.233642,-0.043345,-0.123329,-0.171362,0.098466,-0.243355,-0.594759,0.190487,-0.495634,-0.274984,0.124045,-0.564701,-0.51739,-0.015757,-0.881841,-0.447198,-0.236291,-0.852831,-0.409654,-0.003064,-1.0,-0.617265,-0.100177,-0.896034,-0.433799,0.000906,-0.954664,-0.425776,0.02971,-0.77461,-0.255882,0.052757,-0.640592,-0.268755,0.082486,-0.630541,-0.287998,0.002517,-0.526097,-0.427338,0.126263,-0.26906,-0.27377,0.072334,-0.174166,-0.335404,0.051857,-0.128306,-0.477745,-0.050772,0.029967,-0.470059,0.121797
M,0.0,0.0,0.0,0.029312,-0.193076,0.085267,-0.107137,-0.198111,0.112959,-0.233416,-0.415202,0.020806,-0.196537,-0.355003,0.053861,-0.243375,-0.361282,0.141246,-0.561533,-0.434136,0.072251,-0.687438,-0.552691,-0.045458,-0.797393,-0.648275,0.076065,-0.837766,-0.641628,0.035786,-0.884967,-0.496287,0.009795,-1.0,-0.586722,-0.06922,-0.836093,-0.450842,-0.077627,-0.822999,-0.416327,-0.057111,-0.752286,-0.466845,0.145472,-0.56847,-0.388432,0.125278,-0.504339,-0.307516,0.038649,-0.542726,-0.540319,0.068989,-0.252748,-0.458118,0.070776,-0.047542,-0.410403,0.084302,-0.138094,-0.515965,0.067466
M,0.0,0.0,0.0,0.000268,-0.02392,-0.061255,-0.114844,-0.368137,0.047867,-0.176432,-0.244104,0.018665,-0.268085,-0.497793,0.05803,-0.374937,-0.474576,0.026423,-0.486978,-0.612842,-0.000308,-0.577635,-0.565918,-0.014532,-0.699253,-0.64457,-0.110126,-0.678955,-0.52762,-0.092205,-0.845034,-0.68503,-0.131252,-1.0,-0.578199,-0.054859,-0.805934,-0.587756,0.020154,-0.773756,-0.363379,0.086045,-0.617075,-0.4499,-0.079488,-0.584135,-0.320515,0.034733,-0.531824,-0.439788,-0.07135,-0.399927,-0.426374,0.045265,-0.271977,-0.503074,-0.129122,-0.121528,-0.625724,-0.069529,-0.035209,-0.650991,-0.14205
M,0.0,0.0,0.0,0.022635,-0.224341,0.08932,-0.070687,-0.249745,-0.091626,-0.151484,-0.265971,0.070565,-0.233052,-0.422661,0.050734,-0.467271,-0.47413,0.002568,-0.612484,-0.47657,-0.103025,-0.624578,-0.532832,-0.045954,-0.707691,-0.645766,-0.071985,-0.973787,-0.61242,-0.109409,-1.0,-0.609839,-0.036422,-0.858309,-0.513644,0.020073,-0.939572,-0.588365,-0.003921,-0.903696,-0.578395,0.015882,-0.826481,-0.554255,0.116856,-0.737612,-0.542583,0.15494,-0.519893,-0.335919,-0.030732,-0.340956,-0.374152,-0.019778,-0.085898,-0.470402,0.070693,-0.158675,-0.348967,0.031356,0.131032,-0.414616,0.049906
M,0.0,0.0,0.0,0.075526,-0.111732,-0.023173,0.011427,-0.246112,-0.01366,-0.000166,-0.327585,0.142874,-0.147629,-0.581626,0.004211,-0.196034,-0.45966,-0.075856,-0.444529,-0.655889,-0.137842,-0.494951,-0.627778,0.02562,-0.861493,-0.754729,-0.142434,-0.743118,-0.803419,0.107765,-1.0,-0.762199,-0.027544,-0.992422,-0.633727,-0.081603,-0.933829,-0.673649,0.081752,-0.795203,-0.556932,0.122609,-0.707664,-0.52758,0.049489,-0.652688,-0.569836,0.085564,-0.361714,-0.443578,0.122199,-0.383618,-0.438632,0.033941,-0.139979,-0.443292,-0.047421,-0.026715,-0.494013,0.103352,-0.001579,-0.562179,0.011948
M,0.0,0.0,0.0,0.023695,0.059991,0.055326,0.024505,-0.161007,0.056093,-0.089587,-0.202151,0.080992,-0.205254,-0.35694,0.010515,-0.244843,-0.442923,0.171181,-0.43335,-0.367734,0.032712,-0.630506,-0.433237,-0.014632,-0.599738,-0.48947,0.110842,-0.846411,-0.470315,-0.055245,-1.0,-0.468204,-0.002272,-0.776965,-0.50733,0.010917,-0.714385,-0.479565,-0.005417,-0.764736,-0.446591,-0.151313,-0.629949,-0.331124,0.066237,-0.577383,-0.373395,0.205625,-0.384277,-0.366905,0.056757,-0.361858,-0.372763,0.078914,-0.301981,-0.43201,0.140939,-0.083686,-0.576184,0.150696,-0.058947,-0.473741,0.091776
M,0.0,0.0,0.0,0.124833,0.005533,-0.003428,-0.092171,-0.156884,-0.00112,-0.030853,-0.175846,0.119912,-0.072184,-0.208871,-0.104211,-0.383116,-0.293933,0.003106,-0.652379,-0.480632,-0.201979,-0.69141,-0.539094,-0.067061,-0.701946,-0.621168,-0.118471,-1.0,-0.428138,0.025457,-0.936669,-0.484703,-0.169638,-0.967821,-0.583829,-0.051914,-0.984153,-0.508691,-0.030602,-0.824732,-0.273574,0.039345,-0.578801,-0.369895,0.166249,-0.594637,-0.335153,0.016857,-0.451657,-0.296736,-0.085496,-0.261923,-0.448723,0.082636,-0.126786,-0.211672,-0.069133,-0.141733,-0.263869,-0.112634,-0.074741,-0.384771,-0.050816
M,0.0,0.0,0.0,-0.021523,-0.143978,-0.02324,-0.058231,-0.35648,0.055283,-0.064626,-0.303653,0.047924,-0.329157,-0.545597,0.064028,-0.384579,-0.501995,0.003383,-0.507105,-0.525495,-0.041185,-0.803953,-0.564424,-0.01384,-0.876803,-0.727801,-0.009973,-0.787581,-0.847863,-0.05337,-0.943815,-0.636289,-0.075658,-1.0,-0.574202,-0.125111,-0.861044,-0.523174,-0.118953,-0.914877,-0.555277,0.0819,-0.796774,-0.561838,0.014092,-0.579562,-0.464256,0.005628,-0.514148,-0.459027,-0.233815,-0.212669,-0.489653,0.010327,-0.067676,-0.537671,0.153086,-0.064041,-0.471754,0.004011,-0.108806,-0.66884,-0.154388
M,0.0,0.0,0.0,-0.081495,0.00502,0.132958,-0.076032,-0.050015,0.183601,-0.200134,-0.251418,0.203424,-0.271345,-0.351381,0.235206,-0.389675,-0.31723,0.109183,-0.456261,-0.519391,0.228079,-0.781618,-0.542982,0.112557,-0.793375,-0.495015,0.043377,-0.891696,-0.459115,0.066371,-0.830358,-0.468884,0.042572,-0.851707,-0.579725,-0.091331,-0.986104,-0.455971,0.124852,-1.0,-0.405377,0.095693,-0.724269,-0.503263,0.312308,-0.620857,-0.432214,0.158142,-0.400703,-0.419163,0.051894,-0.384528,-0.328261,0.191026,-0.164217,-0.279791,0.034967,-0.24016,-0.405583,0.159144,-0.062617,-0.304097,0.124937
M,0.0,0.0,0.0,0.095971,-0.14896,0.238532,0.045499,-0.056352,0.192332,-0.05825,-0.331149,0.135853,-0.230532,-0.331136,0.054422,-0.345433,-0.624165,0.176456,-0.536253,-0.513997,0.06449,-0.664447,-0.548635,0.109309,-0.647228,-0.663964,0.033593,-0.76924,-0.663402,0.034936,-0.897275,-0.639932,0.043989,-1.0,-0.497899,0.069499,-0.961713,-0.601246,0.131174,-0.730116,-0.556981,0.058573,-0.587788,-0.498349,0.141113,-0.603203,-0.578788,0.159982,-0.401496,-0.36061,0.137554,-0.298935,-0.350535,0.159642,-0.11999,-0.422448,0.084273,-0.138151,-0.396217,-0.100689,-0.039852,-0.635414,0.174359
M,0.0,0.0,0.0,-0.002919,-0.035656,-0.067018,-0.185016,-0.166096,-0.12329,-0.264829,-0.327618,-0.213803,-0.334335,-0.287897,-0.175966,-0.556729,-0.35739,-0.077586,-0.618274,-0.329526,-0.125515,-0.771031,-0.528992,-0.228915,-0.820699,-0.676178,-0.277095,-0.931049,-0.383078,-0.218627,-1.0,-0.538506,-0.204061,-0.985385,-0.531242,-0.260988,-0.901653,-0.561139,-0.279551,-0.938606,-0.51227,-0.239813,-0.720028,-0.333867,-0.144591,-0.65254,-0.426351,-0.295749,-0.529946,-0.340762,-0.195805,-0.485836,-0.44233,-0.145676,-0.286849,-0.276979,-0.230002,-0.214749,-0.380015,-0.233401,-0.068275,-0.332673,-0.292329
M,0.0,0.0,0.0,0.041363,-0.192067,0.050223,0.015005,-0.313792,0.016863,0.003871,-0.456637,0.023946,-0.098797,-0.503455,0.014181,-0.311744,-0.590847,-0.05466,-0.490599,-0.735964,0.126422,-0.634532,-0.790898,-0.074261,-0.718993,-0.829212,0.152828,-0.991871,-0.677563,-0.112835,-1.0,-0.701191,-0.109318,-0.826001,-0.83522,-0.016031,-0.946596,-0.671349,0.001294,-0.992761,-0.642442,0.071505,-0.713064,-0.656233,-0.105339,-0.578393,-0.448219,0.07346,-0.380917,-0.50207,-0.007775,-0.318332,-0.498596,-0.111493,-0.138101,-0.474451,-0.009288,-0.013364,-0.642821,-0.02636,-0.021654,-0.605086,-0.060971
M,0.0,0.0,0.0,0.195372,-0.251203,-0.038825,-0.012044,-0.10964,-0.011098,0.001811,-0.396017,-0.18154,-0.084656,-0.513825,-0.174566,-0.25211,-0.560019,-0.013179,-0.55708,-0.865952,-0.234933,-0.597932,-0.545641,-0.229364,-0.791732,-0.654848,-0.060113,-0.842158,-0.705647,-0.044773,-0.941778,-0.838808,-0.350602,-0.911662,-0.789766,-0.168259,-1.0,-0.49342,-0.173989,-0.998388,-0.478895,-0.039665,-0.848111,-0.593828,-0.091875,-0.52571,-0.278776,-0.041529,-0.208385,-0.4634,-0.083935,-0.30777,-0.502111,-0.115689,-0.156621,-0.692005,-0.209874,0.11713,-0.484054,-0.170548,0.040615,-0.508945,-0.055675
M,0.0,0.0,0.0,0.021865,-0.051976,-0.022949,-0.267406,-0.324559,0.062088,-0.158132,-0.255555,0.127394,-0.336041,-0.233702,0.102036,-0.455634,-0.505663,0.241053,-0.52981,-0.59803,-0.014789,-0.824624,-0.571718,-0.060547,-0.899736,-0.51316,0.08912,-0.798965,-0.698587,-0.053228,-1.0,-0.474279,0.022234,-0.842952,-0.527622,0.021047,-0.906012,-0.667153,-0.096368,-0.86673,-0.515081,0.204755,-0.888768,-0.459916,0.137327,-0.652193,-0.382776,0.056595,-0.489182,-0.401864,0.184862,-0.453311,-0.516757,0.050752,-0.372288,-0.479276,0.054452,-0.262967,-0.460631,-0.026088,-0.135358,-0.533657,0.027504
M,0.0,0.0,0.0,-0.075253,0.00043,0.160691,-0.106943,-0.175877,-0.027341,-0.159254,-0.354441,0.06233,-0.175444,-0.438534,0.030328,-0.430381,-0.518329,0.137535,-0.477623,-0.334929,-0.008817,-0.74081,-0.432534,0.013509,-0.759838,-0.418389,0.032407,-0.749614,-0.56912,-0.038102,-0.887394,-0.47468,0.015669,-0.844812,-0.680988,-0.105468,-1.0,-0.504202,-0.054225,-0.677893,-0.450671,0.077078,-0.777268,-0.49644,0.187035,-0.468278,-0.36598,-0.04557,-0.493617,-0.354888,0.079758,-0.482656,-0.242626,0.030141,-0.312873,-0.376888,0.151535,-0.090159,-0.485531,-0.051172,-0.207701,-0.452423,-0.002399
M,0.0,0.0,0.0,0.006861,-0.117493,-0.022482,0.01246,-0.247575,-0.05254,-0.199015,-0.304455,0.035891,-0.229422,-0.337604,-0.003692,-0.483995,-0.423281,-0.149791,-0.390664,-0.405114,0.005645,-0.69871,-0.524587,-0.229122,-0.957089,-0.673409,-0.110335,-0.976476,-0.527343,-0.202669,-0.93202,-0.649833,-0.158228,-0.959099,-0.524547,-0.211881,-0.918015,-0.528514,-0.261505,-1.0,-0.534265,-0.159626,-0.721124,-0.497389,-0.008178,-0.67996,-0.381776,0.102168,-0.496712,-0.278312,0.027568,-0.392518,-0.382651,-0.246364,-0.3034,-0.426473,-0.022099,-0.157334,-0.412903,-0.186271,-0.202878,-0.576302,0.020462
M,0.0,0.0,0.0,-0.035072,-0.140842,0.080795,0.015907,-0.034124,-0.118493,-0.077458,-0.353123,0.047233,-0.297943,-0.475921,0.116128,-0.372376,-0.614202,0.217824,-0.515914,-0.531491,0.069289,-0.694502,-0.713743,-0.01161,-0.899777,-0.636606,-0.068844,-0.852623,-0.786871,0.000223,-0.960599,-0.694798,0.002385,-0.998105,-0.587448,0.005323,-1.0,-0.670685,-0.082304,-0.9434,-0.497683,0.061347,-0.707454,-0.433487,0.008204,-0.465371,-0.51101,-0.001187,-0.446118,-0.431934,-0.021177,-0.319698,-0.508202,0.049653,-0.072789,-0.499421,0.067244,-0.144786,-0.420692,-0.056155,0.031438,-0.516068,0.000717
M,0.0,0.0,0.0,0.010935,-0.00403,-0.003125,-0.08474,-0.120616,0.065887,-0.107073,-0.420389,0.057731,-0.163491,-0.362018,0.109619,-0.436541,-0.501245,0.090832,-0.487412,-0.470114,0.101034,-0.63482,-0.531481,-0.034327,-0.793759,-0.476487,-0.021827,-0.731332,-0.72841,0.056542,-0.840753,-0.517523,-0.100815,-1.0,-0.439412,0.020057,-0.840584,-0.474261,0.082496,-0.835867,-0.460523,0.03125,-0.714707,-0.310345,-0.026023,-0.720909,-0.48297,0.124984,-0.457256,-0.474373,0.085556,-0.340661,-0.312455,0.126657,-0.01559,-0.44305,-0.080415,-0.052791,-0.310016,-0.060231,-0.115737,-0.394417,0.132454
M,0.0,0.0,0.0,0.047585,-0.124831,0.279791,-0.037271,-0.170998,0.12617,-0.060336,-0.165489,0.329346,-0.031813,-0.383842,0.172255,-0.294002,-0.455078,0.203186,-0.512463,-0.608373,0.106159,-0.514315,-0.50395,0.37114,-0.684414,-0.679239,0.072288,-0.822098,-0.512315,0.15424,-0.969998,-0.624701,-0.0131,-0.837996,-0.655113,0.064634,-1.0,-0.515506,0.223842,-0.842724,-0.553097,0.118613,-0.70548,-0.570535,0.092302,-0.458149,-0.680869,0.228141,-0.400805,-0.33298,0.17408,-0.309182,-0.512633,0.21015,-0.204545,-0.543669,0.108338,-0.115278,-0.557702,0.147857,0.017129,-0.480129,0.130219
M,0.0,0.0,0.0,0.157913,0.117989,0.193301,0.114168,0.030527,0.164222,0.10308,-0.143921,0.303838,-0.221154,-0.319599,0.118277,-0.317877,-0.375036,0.162692,-0.477375,-0.463992,0.061805,-0.517517,-0.434087,-0.069323,-0.624163,-0.451692,0.100949,-0.773039,-0.415361,-0.039141,-1.0,-0.290974,-0.019925,-0.897645,-0.333383,0.01418,-0.929892,-0.361401,0.090387,-0.786981,-0.409357,0.05486,-0.746042,-0.268661,0.096726,-0.546524,-0.416374,0.304155,-0.403901,-0.286422,0.2148,-0.316729,-0.206939,0.003213,-0.186686,-0.378839,-0.046818,-0.063292,-0.342287,-0.006667,-0.040405,-0.379124,0.05254
M,0.0,0.0,0.0,-0.034494,-0.006295,0.010261,-0.032699,-0.218694,-0.036115,-0.070829,-0.161271,0.0474,-0.224449,-0.342956,0.156175,-0.375369,-0.42264,0.131522,-0.560145,-0.432924,-0.042888,-0.587993,-0.425604,-0.084407,-0.867995,-0.490526,0.141185,-0.784029,-0.536635,-0.081172,-1.0,-0.459322,0.05443,-0.971541,-0.513326,4e-05,-0.759853,-0.461954,-0.057695,-0.918627,-0.50366,0.135928,-0.691688,-0.428238,-0.160729,-0.66983,-0.347596,0.101052,-0.439912,-0.45572,0.090206,-0.399287,-0.345231,0.009538,-0.114664,-0.326341,0.038578,0.015598,-0.403413,-0.080928,0.0655,-0.39692,-0.020026
M,0.0,0.0,0.0,-0.013536,-0.105308,-0.020092,-0.064382,-0.255317,-0.063648,0.009651,-0.405708,0.100592,-0.189096,-0.579487,-0.184485,-0.349293,-0.421032,0.060342,-0.463064,-0.639341,-0.087171,-0.597697,-0.543063,-0.03537,-0.660503,-0.602039,-0.026527,-1.0,-0.727414,-0.192949,-0.976154,-0.652006,-0.218186,-0.972605,-0.64078,-0.218031,-0.911126,-0.556617,-0.168866,-0.74654,-0.634331,-0.031088,-0.79069,-0.505515,-0.053901,-0.544564,-0.553137,0.025072,-0.375414,-0.482198,-0.051478,-0.316321,-0.579515,-0.008518,-0.120677,-0.370184,0.057383,-0.135321,-0.496879,-0.075794,0.10711,-0.608277,-0.021021
M,0.0,0.0,0.0,-0.075381,-0.163065,0.067653,0.128123,-0.279,0.05875,-0.161415,-0.211546,0.076476,-0.190217,-0.407541,-0.03634,-0.401087,-0.524792,0.136861,-0.61274,-0.473543,0.096066,-0.694628,-0.577255,0.133543,-0.755948,-0.618469,0.231626,-0.743144,-0.604842,-0.014858,-0.794366,-0.529401,-0.136569,-1.0,-0.633914,0.021151,-0.805953,-0.658712,0.036876,-0.752824,-0.56527,0.035371,-0.703975,-0.437994,0.095058,-0.613567,-0.37484,0.007554,-0.521131,-0.443116,0.091454,-0.255309,-0.503562,0.166216,-0.010726,-0.425201,0.106454,-0.187523,-0.477764,0.010334,-0.023997,-0.533373,-0.000965
M,0.0,0.0,0.0,0.16444,-0.046388,0.125692,0.133233,-0.23884,0.13804,0.057667,-0.343163,-0.027351,-0.187056,-0.292739,0.049354,-0.302336,-0.498452,0.09206,-0.486383,-0.610737,0.051766,-0.563606,-0.457674,0.066767,-0.750343,-0.621278,0.096328,-0.785889,-0.656495,0.038545,-0.869644,-0.531657,0.060503,-0.912246,-0.414587,0.035894,-1.0,-0.492619,-0.130064,-0.656007,-0.4849,0.077379,-0.641037,-0.419251,0.06665,-0.517537,-0.42632,-0.100524,-0.334155,-0.357971,0.15232,-0.210744,-0.287231,0.106058,-0.11182,-0.462654,-0.052551,0.029112,-0.477585,-0.076251,0.062892,-0.484949,0.029037
M,0.0,0.0,0.0,0.020489,0.115222,-0.104988,-0.030626,-0.264993,-0.10941,-0.274896,-0.196819,-0.124017,-0.322181,-0.318495,-0.069982,-0.54433,-0.263932,-0.04232,-0.451315,-0.555973,-0.107727,-0.735353,-0.387432,0.036759,-0.912597,-0.6056,-0.123795,-0.877792,-0.54178,-0.108161,-0.941606,-0.458913,-0.044029,-1.0,-0.403458,-0.215779,-0.833688,-0.397227,-0.104565,-0.855949,-0.479859,-0.025076,-0.788097,-0.341902,-0.080498,-0.624314,-0.420176,0.034522,-0.545564,-0.514212,-0.086336,-0.316476,-0.377113,0.067807,-0.346222,-0.300218,-0.058686,-0.146299,-0.483837,-0.062642,-0.127724,-0.483569,-0.116834
M,0.0,0.0,0.0,0.010047,-0.213655,0.217864,-0.063278,-0.215043,0.216131,-0.09519,-0.324709,0.246923,-0.314366,-0.513769,0.229438,-0.475981,-0.611096,0.218972,-0.340451,-0.589034,0.214447,-0.501322,-0.615159,0.234388,-0.779715,-0.78021,0.179869,-0.703493,-0.578233,0.199396,-0.949807,-0.803051,0.08836,-0.897274,-0.702405,0.238277,-1.0,-0.648869,0.124674,-0.746271,-0.565875,0.143182,-0.656544,-0.697158,0.091816,-0.662992,-0.696089,0.231668,-0.46329,-0.556776,0.283356,-0.371597,-0.616049,0.173304,-0.280023,-0.570718,0.260394,-0.214067,-0.573337,0.264708,0.074087,-0.639983,0.337491
M,0.0,0.0,0.0,0.111969,0.124842,0.259422,0.097053,-0.252018,0.119646,0.032105,-0.249021,0.146919,-0.161316,-0.317548,0.238152,-0.427706,-0.460863,0.166168,-0.497992,-0.440442,0.075937,-0.495411,-0.613429,0.094762,-0.703172,-0.480223,0.112601,-0.853169,-0.640106,0.022168,-0.87451,-0.685661,0.038332,-0.78526,-0.488401,-0.065412,-1.0,-0.609829,-0.061335,-0.89549,-0.502528,0.09918,-0.827678,-0.404826,0.090732,-0.604027,-0.387541,0.169684,-0.422979,-0.485097,0.184624,-0.308297,-0.455781,0.038584,-0.051241,-0.323114,0.128374,-0.068496,-0.395441,0.134028,0.01176,-0.420756,0.031771
M,0.0,0.0,0.0,0.110413,-0.210322,-0.098284,0.150932,-0.206894,-0.047768,-0.049799,-0.249313,0.045819,-0.278768,-0.358653,3.2e-05,-0.176652,-0.525047,0.03516,-0.424086,-0.676955,0.002023,-0.545344,-0.685087,-0.083907,-0.569002,-0.698542,-0.068774,-0.935028,-0.714644,-0.073205,-0.885149,-0.676625,0.001558,-1.0,-0.651248,-0.085517,-0.967015,-0.566771,-0.01525,-0.831977,-0.630337,-0.104449,-0.934584,-0.45488,-0.033853,-0.5907,-0.645075,0.050551,-0.460336,-0.438461,-0.0395,-0.404241,-0.371313,0.040816,-0.066072,-0.457371,-0.167491,0.059137,-0.326352,-0.083998,0.07978,-0.644571,-0.289165
M,0.0,0.0,0.0,0.01883,-0.195725,-0.178085,-0.014796,-0.381453,-0.060071,-0.131694,-0.466997,0.02173,-0.073282,-0.550311,0.050626,-0.464129,-0.623097,-0.178355,-0.537895,-0.621775,-0.010778,-0.71674,-0.68631,-0.026211,-0.694544,-0.727918,-0.189377,-0.930492,-0.823077,-0.156348,-1.0,-0.696263,-0.134972,-0.937297,-0.87471,-0.138293,-0.960422,-0.530528,-0.220264,-0.871571,-0.637347,-0.171752,-0.59943,-0.480329,-0.141018,-0.667592,-0.435282,0.0502,-0.50551,-0.549442,-0.166251,-0.157496,-0.569146,-0.020396,-0.26956,-0.671104,-0.04999,0.065728,-0.648364,-0.186535,0.016264,-0.519385,-0.182798
M,0.0,0.0,0.0,-0.006813,-0.08996,-0.008878,-0.030016,-0.212343,0.026487,-0.195503,-0.268794,0.001869,-0.124628,-0.468776,-0.009831,-0.334064,-0.507566,0.0733,-0.471721,-0.612101,0.011733,-0.612683,-0.426808,-0.06675,-0.672146,-0.610698,-0.265343,-0.916688,-0.720044,-0.233792,-0.947851,-0.78443,-0.203019,-0.915152,-0.513369,-0.210265,-1.0,-0.673033,-0.096901,-0.958027,-0.653144,-0.122552,-0.714347,-0.534232,-0.05254,-0.641036,-0.592474,-0.023462,-0.546266,-0.399474,-0.139583,-0.379817,-0.443155,-0.064589,-0.147454,-0.384795,0.011193,-0.183092,-0.628007,-0.090209,0.018008,-0.488628,-0.158366
M,0.0,0.0,0.0,0.149297,-0.099872,0.056074,0.057211,-0.077384,0.059022,-0.001045,-0.161257,0.060756,-0.258336,-0.22499,0.151935,-0.350105,-0.4218,-0.031022,-0.409746,-0.673032,0.11081,-0.691671,-0.705285,-0.151144,-0.795439,-0.547506,-0.123416,-0.948952,-0.649256,0.036223,-0.838932,-0.593098,0.050753,-0.87416,-0.616771,0.057303,-1.0,-0.518389,-0.082934,-0.821556,-0.428602,0.047932,-0.730992,-0.472273,0.104228,-0.436388,-0.41021,0.027475,-0.475605,-0.510088,-0.027143,-0.504175,-0.467629,-0.049195,-0.175703,-0.478035,-0.043193,-0.237112,-0.489396,-0.11849,0.056852,-0.484344,-0.022951
M,0.0,0.0,0.0,-0.055581,-0.133336,-0.040626,-0.140531,-0.285221,0.130848,-0.207134,-0.296988,0.157881,-0.39464,-0.259227,0.067663,-0.363477,-0.443666,0.002979,-0.589584,-0.417787,0.006379,-0.726958,-0.558559,-0.042149,-0.819262,-0.448122,-0.003457,-0.824879,-0.537513,-0.123942,-0.883246,-0.689875,-0.055146,-1.0,-0.590608,-0.087704,-0.926831,-0.506908,0.0156,-0.873465,-0.483261,-0.111959,-0.857681,-0.427667,0.044533,-0.676954,-0.358329,-0.082086,-0.507326,-0.46162,-0.047474,-0.460306,-0.401859,0.037509,-0.267552,-0.421983,0.034239,-0.081859,-0.431202,-0.02299,-0.171285,-0.486365,0.035496
M,0.0,0.0,0.0,-0.025921,-0.110931,-0.098786,-0.081039,-0.115031,0.051815,-0.223801,-0.16071,0.027556,-0.373639,-0.444602,-0.014465,-0.399226,-0.424388,0.123925,-0.510598,-0.521843,-0.176406,-0.640965,-0.429438,0.076194,-0.774418,-0.402799,-0.153288,-0.86436,-0.590516,-0.020404,-0.976968,-0.491067,-0.153897,-0.788884,-0.525694,-0.03652,-1.0,-0.575517,-0.094942,-0.768012,-0.405201,0.04816,-0.836433,-0.386922,-0.042216,-0.68093,-0.431137,-0.001351,-0.462709,-0.304063,0.042852,-0.342076,-0.250694,0.046595,-0.285243,-0.338377,0.097363,-0.235617,-0.425428,0.060261,-0.132467,-0.382114,0.030287
M,0.0,0.0,0.0,0.078608,-0.222696,-0.10348,0.101794,-0.084476,-0.04592,-0.001314,-0.301252,0.023543,-0.041906,-0.304488,-0.05518,-0.243094,-0.364282,-0.058719,-0.352784,-0.464712,0.022149,-0.492195,-0.56937,-0.001421,-0.625609,-0.567225,-0.221707,-0.731626,-0.430671,-0.332376,-1.0,-0.502129,-0.114656,-0.769456,-0.57835,-0.276973,-0.853996,-0.399026,-0.133894,-0.761548,-0.674224,-0.210227,-0.551166,-0.469526,0.014416,-0.566506,-0.530522,-0.064307,-0.41897,-0.464725,-0.101895,-0.251264,-0.431835,-0.119779,0.015492,-0.368713,-0.057672,-0.018363,-0.375956,-0.052641,-0.017264,-0.576107,-0.279266
M,0.0,0.0,0.0,-0.109039,-0.005118,-0.02367,-0.250539,-0.227573,-0.027645,-0.340494,-0.302898,-0.077415,-0.356402,-0.357487,0.006348,-0.394656,-0.407122,-0.114084,-0.710906,-0.432732,-0.077542,-0.705269,-0.458927,0.041901,-0.915769,-0.569766,-0.076278,-0.956466,-0.608488,0.007066,-1.0,-0.590565,-0.155138,-0.872391,-0.533189,-0.160383,-0.977018,-0.466017,0.008294,-0.809711,-0.486133,-0.065564,-0.636051,-0.340076,-0.028728,-0.818006,-0.411709,-0.088355,-0.601221,-0.42772,-0.013588,-0.416365,-0.405043,-0.090894,-0.319592,-0.3953,-0.148009,-0.17405,-0.430927,-0.060243,-0.163749,-0.419366,-0.052123
M,0.0,0.0,0.0,0.206764,-0.082582,0.174169,-0.025869,-0.165244,0.085389,0.021009,-0.336266,0.126351,-0.269036,-0.416048,0.111959,-0.459002,-0.632211,-0.043832,-0.620147,-0.583866,-0.092733,-0.770788,-0.534035,-0.028606,-0.735847,-0.638799,0.057156,-0.88899,-0.751228,0.023982,-0.988448,-0.678376,-0.045537,-1.0,-0.55099,-0.051122,-0.954555,-0.647123,0.058834,-0.852815,-0.758248,0.056738,-0.740008,-0.508536,0.132318,-0.508218,-0.665201,-0.005813,-0.423287,-0.452544,0.067492,-0.353597,-0.685127,0.10683,-0.146755,-0.589373,0.133461,-0.019712,-0.578026,0.106017,0.26904,-0.665211,-0.077241
M,0.0,0.0,0.0,0.044932,-0.175866,0.23585,0.121953,-0.388496,0.256238,-0.158858,-0.358217,0.07039,-0.212377,-0.544092,0.26689,-0.333387,-0.527758,0.0314,-0.584827,-0.644691,0.136087,-0.625838,-0.57614,0.079678,-0.742408,-0.637686,0.057456,-0.765098,-0.644669,0.111302,-0.843245,-0.572993,0.105666,-0.777483,-0.705065,0.118811,-1.0,-0.556664,0.077828,-0.744453,-0.46392,0.162172,-0.746519,-0.651087,0.163059,-0.60397,-0.480929,0.093652,-0.508466,-0.532181,0.17688,-0.275787,-0.569249,0.271352,-0.159955,-0.692123,0.182529,-0.037013,-0.54928,0.068289,0.027749,-0.445189,0.097255
M,0.0,0.0,0.0,0.038944,-0.013515,-0.084858,0.005991,-0.161075,-0.116066,-0.121575,-0.132668,-0.066462,-0.165508,-0.286595,-0.044049,-0.266794,-0.608592,-0.235313,-0.399192,-0.554435,-0.112723,-0.5307,-0.53343,-0.019034,-0.805267,-0.527033,-0.158065,-0.756753,-0.599662,-0.243641,-0.956386,-0.604915,-0.219394,-0.988147,-0.472435,-0.056167,-0.882763,-0.575923,-0.183419,-1.0,-0.46875,-0.167904,-0.641018,-0.566734,-0.140872,-0.634569,-0.403192,0.048726,-0.593135,-0.440222,-0.187192,-0.296993,-0.45768,-0.098285,-0.241989,-0.407767,-0.119999,-0.197084,-0.4327,-0.189518,0.007121,-0.474481,-0.229223
M,0.0,0.0,0.0,-0.183147,-0.256611,-0.087342,-0.127823,-0.280979,-0.262633,-0.336059,-0.352359,-0.161984,-0.458867,-0.473946,-0.334507,-0.524068,-0.550378,-0.114883,-0.570794,-0.549556,-0.095224,-0.735479,-0.706011,-0.171017,-0.885157,-0.721084,-0.152661,-1.0,-0.59505,-0.283878,-0.9756,-0.670407,-0.124476,-0.931495,-0.67098,-0.198677,-0.860736,-0.495751,-0.260388,-0.804445,-0.48446,-0.139138,-0.80988,-0.573344,-0.214627,-0.673786,-0.524058,-0.092891,-0.546001,-0.331196,-0.041044,-0.419079,-0.628138,-0.101369,-0.239905,-0.522098,0.000312,-0.215746,-0.495007,-0.22736,-0.088874,-0.603699,-0.21865
M,0.0,0.0,0.0,0.172513,-0.149424,0.03362,0.080513,-0.42462,-0.166898,-0.005088,-0.597624,0.018637,-0.144017,-0.623489,0.096471,-0.386893,-0.853395,-0.041232,-0.539038,-0.742718,-0.132715,-0.599663,-0.898317,-0.168175,-0.730059,-0.842252,-0.211108,-0.99203,-0.882985,-0.219922,-1.0,-0.863217,-0.197614,-0.931587,-0.911698,0.020385,-0.980443,-0.843467,-0.020938,-0.874496,-0.670109,-0.230506,-0.704863,-0.749944,-0.013099,-0.606333,-0.539547,-0.174871,-0.273951,-0.57478,0.017171,-0.385938,-0.788004,-0.061007,-0.031229,-0.639639,0.023306,-0.096048,-0.663711,0.043274,0.270053,-0.836283,-0.120181
M,0.0,0.0,0.0,0.249121,-0.15166,-0.014466,-0.001735,-0.149634,0.075037,-0.082321,-0.447211,-0.135784,-0.314002,-0.430942,-0.037792,-0.385618,-0.59478,-0.169018,-0.683087,-0.635942,0.013537,-0.67973,-0.632861,-0.24019,-0.863281,-0.535794,-0.071405,-0.899624,-0.61323,-0.25955,-1.0,-0.5412,-0.172133,-0.827231,-0.470086,-0.142202,-0.948763,-0.360958,-0.018556,-0.853245,-0.488062,-0.049262,-0.755697,-0.553347,-0.07096,-0.737155,-0.382149,-0.035817,-0.417786,-0.518962,0.089357,-0.230224,-0.53409,-0.072153,-0.229196,-0.530133,-0.071796,-0.042718,-0.477926,-0.210451,0.051726,-0.545877,-0.152579
M,0.0,0.0,0.0,-0.195688,-0.057927,0.134194,-0.190434,-0.300786,0.115115,-0.19034,-0.329719,0.022034,-0.328542,-0.352936,0.059563,-0.430431,-0.426713,0.155792,-0.600967,-0.580017,0.055527,-0.580747,-0.659374,-0.115293,-0.806873,-0.588833,0.008543,-0.897768,-0.503361,0.010413,-0.876598,-0.730347,-0.021363,-1.0,-0.700621,0.031545,-0.928858,-0.554544,0.034018,-0.85668,-0.426997,0.106114,-0.753051,-0.311701,0.034229,-0.75535,-0.36247,0.218253,-0.583979,-0.331112,0.05981,-0.378233,-0.373215,0.045299,-0.179523,-0.290591,0.003039,-0.195403,-0.381166,-0.074966,-0.141349,-0.589022,0.076039
M,0.0,0.0,0.0,-0.0568,-0.041662,0.140304,0.03445,-0.102874,0.244254,-0.183016,-0.268227,0.094155,-0.35353,-0.290871,0.072911,-0.491412,-0.450621,0.128369,-0.549562,-0.342308,0.050773,-0.636156,-0.556059,0.181147,-0.856352,-0.605296,0.092844,-1.0,-0.73506,0.071871,-0.844544,-0.616414,0.057833,-0.875017,-0.581458,0.146243,-0.731751,-0.586261,0.093395,-0.838974,-0.394513,0.121909,-0.711641,-0.449433,0.14643,-0.672875,-0.494227,0.401082,-0.61784,-0.538191,0.186757,-0.341195,-0.38595,0.091566,-0.304433,-0.447297,0.209975,-0.195526,-0.437313,0.077445,-0.158942,-0.588839,0.164257
M,0.0,0.0,0.0,-0.070875,-0.190652,-0.040219,-0.037351,-0.255554,-0.062912,-0.138842,-0.561664,-0.045865,-0.27047,-0.644409,0.028719,-0.326583,-0.72193,-0.091521,-0.487972,-0.79102,0.169138,-0.735324,-0.785881,-0.215281,-0.937696,-1.0,-0.012268,-0.949915,-0.757368,0.020237,-0.92441,-0.823592,-0.041277,-0.975682,-0.85115,-0.116186,-0.86229,-0.907062,0.031401,-0.890323,-0.811021,-0.042963,-0.836143,-0.657824,0.069235,-0.664684,-0.627863,0.111096,-0.449852,-0.488363,0.147101,-0.340761,-0.556373,0.083142,-0.180156,-0.694548,0.03958,-0.251279,-0.553034,0.029496,-0.001123,-0.729003,0.030459
M,0.0,0.0,0.0,-0.071964,-0.169933,-0.072434,-0.136813,-0.261257,-0.115911,-0.261354,-0.288057,-0.10128,-0.313347,-0.34335,-0.004306,-0.409475,-0.482034,0.037871,-0.611597,-0.513012,-0.07904,-0.495637,-0.498268,-0.179519,-0.893186,-0.656596,-0.15361,-0.830617,-0.644987,-0.148863,-1.0,-0.606926,-0.121484,-0.976845,-0.445413,-0.190208,-0.833559,-0.359594,-0.183384,-0.688563,-0.478197,-0.155954,-0.782013,-0.477404,-0.005837,-0.56969,-0.342025,-0.169925,-0.523679,-0.51034,-0.017724,-0.446864,-0.369938,-0.123773,-0.418545,-0.350726,-0.044328,-0.203912,-0.565341,-0.077891,-0.197038,-0.429622,-0.177556
M,0.0,0.0,0.0,0.013773,-0.117506,0.271415,-0.028473,-0.206282,0.014451,0.026838,-0.451212,0.108347,-0.194447,-0.546449,0.203964,-0.436636,-0.496195,0.186832,-0.488337,-0.571612,0.284047,-0.650827,-0.667465,0.077444,-0.711062,-0.511408,0.014982,-0.9922,-0.616611,-0.095217,-0.957404,-0.679986,0.009433,-1.0,-0.820828,-0.040323,-0.889851,-0.822728,0.046263,-0.920777,-0.7835,0.218629,-0.870736,-0.538218,0.062972,-0.718843,-0.572126,0.086767,-0.512839,-0.595736,0.035115,-0.261287,-0.521245,0.104012,-0.276799,-0.398948,0.081833,-0.243433,-0.5315,0.000804,0.069458,-0.513041,0.115917
M,0.0,0.0,0.0,0.106929,-0.19417,0.011886,0.137489,-0.26844,0.020672,0.108388,-0.35274,-0.09577,-0.234497,-0.292458,0.11325,-0.455196,-0.478364,-0.004147,-0.461337,-0.628271,0.02749,-0.51957,-0.83884,0.010289,-0.698564,-0.779062,-0.118663,-0.939954,-0.719978,-0.137025,-1.0,-0.582325,0.052635,-0.879228,-0.549944,0.094007,-0.790613,-0.587955,0.082914,-0.850865,-0.584339,-0.013488,-0.69352,-0.410651,0.061089,-0.673317,-0.540718,-0.124705,-0.459912,-0.454538,-0.05553,-0.298034,-0.432184,-0.101472,-0.222895,-0.360903,-0.051359,-0.079097,-0.488871,-0.026486,0.056977,-0.469477,0.055618
M,0.0,0.0,0.0,0.010414,-0.198248,-0.029359,-0.070365,-0.30115,-0.006942,-0.120839,-0.333645,-0.13085,-0.230673,-0.601419,-0.097491,-0.354549,-0.418467,0.005261,-0.479442,-0.594724,-0.07419,-0.523152,-0.690355,-0.132107,-0.658123,-0.658307,0.046359,-0.776349,-0.555296,-0.227735,-0.80448,-0.696977,-0.05355,-0.925342,-0.598994,-0.176702,-1.0,-0.577266,-0.096846,-0.874015,-0.681374,-0.25024,-0.671103,-0.543972,-0.076475,-0.57166,-0.422293,0.001183,-0.484252,-0.319906,-0.063458,-0.418461,-0.462364,-0.044144,-0.11756,-0.515106,-0.055328,-0.147508,-0.439063,-0.055018,-0.03104,-0.549858,-0.088917
M,0.0,0.0,0.0,0.119439,-0.22351,-0.15111,0.210289,-0.211207,-0.015414,0.041937,-0.343242,0.045884,-0.224259,-0.571716,-0.005666,-0.283033,-0.566493,-0.007237,-0.435961,-0.914511,0.013173,-0.53781,-0.569617,-0.151087,-0.895751,-0.786013,-0.093999,-0.880663,-0.664783,-0.199277,-0.914861,-0.792932,0.089855,-1.0,-0.70222,-0.23041,-0.865977,-0.80059,-0.014995,-0.745135,-0.661965,-0.198092,-0.714729,-0.674258,0.011493,-0.647204,-0.520427,0.037723,-0.532695,-0.613527,-0.045056,-0.177322,-0.643645,-0.03334,-0.0262,-0.572185,-0.226851,-0.041744,-0.543134,-0.03118,-0.106526,-0.647386,-0.041786
M,0.0,0.0,0.0,-0.045512,-0.127479,-0.193104,-0.130913,-0.273389,-0.049071,-0.21754,-0.255675,-0.180947,-0.225348,-0.388886,-0.088366,-0.326468,-0.553003,-0.153959,-0.599051,-0.555832,-0.149647,-0.598063,-0.569014,-0.113778,-0.78657,-0.591212,-0.051638,-0.955898,-0.7593,-0.145524,-0.973888,-0.720155,-0.152054,-1.0,-0.493458,-0.167709,-0.91781,-0.636018,-0.144481,-0.954484,-0.723235,-0.248834,-0.664929,-0.582219,-0.220548,-0.634335,-0.330449,-0.027454,-0.553935,-0.52898,-0.160071,-0.429201,-0.423895,-0.135723,-0.321636,-0.564421,0.035466,-0.088653,-0.552025,-0.064097,-0.153569,-0.539167,-0.189297
M,0.0,0.0,0.0,-0.140079,-0.061366,0.106293,0.013033,-0.183036,-0.07963,-0.29093,-0.183406,0.054568,-0.215264,-0.191053,0.041823,-0.350574,-0.479645,0.131915,-0.509931,-0.494508,0.011824,-0.484649,-0.325878,-0.09301,-0.654647,-0.476101,0.027244,-0.804217,-0.463978,0.041057,-1.0,-0.475557,-0.133879,-0.924075,-0.483175,-0.111296,-0.907807,-0.556272,-0.063252,-0.768915,-0.36629,-0.053868,-0.617936,-0.356336,0.12105,-0.71986,-0.348705,0.075429,-0.586572,-0.181612,-0.010352,-0.296023,-0.278936,0.033287,-0.116087,-0.209637,-0.069188,-0.106305,-0.307453,-0.127611,0.029941,-0.289685,0.057535
M,0.0,0.0,0.0,-0.137984,-0.266172,-0.023861,-0.088362,-0.340575,-0.012925,-0.150517,-0.319279,0.036548,-0.233237,-0.690755,0.025642,-0.332348,-0.505092,0.088437,-0.534069,-0.628727,-0.07171,-0.630322,-0.753849,0.007933,-0.812096,-0.726988,0.013002,-0.865488,-0.714783,-0.111613,-0.843231,-0.704067,-0.01594,-0.975002,-0.763084,-0.03376,-1.0,-0.649101,-0.289085,-0.918538,-0.651072,-0.089635,-0.759559,-0.649453,0.003597,-0.703317,-0.514829,0.058981,-0.498828,-0.563922,0.212512,-0.392255,-0.613453,-0.078522,-0.181318,-0.442796,-0.072164,-0.164718,-0.617688,-0.040235,-0.202791,-0.569948,0.037514
M,0.0,0.0,0.0,-0.116351,-0.511879,-0.138391,0.244409,-0.410952,-0.102087,0.06874,-0.641464,0.027019,-0.138609,-0.832853,-0.175962,-0.261411,-0.800286,-0.156126,-0.45528,-0.813911,-0.263243,-0.530199,-0.914259,-0.135173,-0.788734,-0.972301,-0.112452,-0.906753,-0.936426,-0.449961,-0.907703,-0.951063,-0.13945,-0.848997,-0.832272,-0.19119,-1.0,-0.635,-0.124842,-0.869207,-0.852714,-0.226988,-0.949006,-0.649228,-0.189469,-0.623308,-0.768745,0.038329,-0.50305,-0.708799,-0.046456,-0.385047,-0.86405,-0.174893,-0.066815,-0.72015,-0.141083,0.106506,-0.842245,-0.175041,0.127189,-0.891088,0.032827
N,0.0,0.0,0.0,0.223075,-0.213372,0.069102,0.051458,-0.302408,-0.016667,-0.036229,-0.429215,-0.093341,-0.206427,-0.399431,0.219779,-0.259396,-0.536278,-0.014431,-0.419224,-0.616869,0.026836,-0.473416,-0.772594,0.149997,-0.709971,-0.705985,-0.139836,-0.84177,-0.667014,-0.064185,-0.8055,-0.74147,-0.340104,-1.0,-0.67668,-0.075074,-0.838859,-0.701907,-0.056235,-0.724424,-0.647884,-0.189198,-0.663327,-0.497033,-0.112143,-0.393418,-0.432196,-0.083346,-0.330712,-0.449149,0.087179,-0.196734,-0.664004,0.079113,0.038246,-0.5121,0.030945,-0.004787,-0.547584,-0.093914,0.208534,-0.567783,-0.013563
N,0.0,0.0,0.0,-0.036566,-0.164796,-0.025407,-0.092167,-0.171616,-0.029287,-0.289131,-0.42811,-0.065987,-0.366654,-0.418855,9.4e-05,-0.544713,-0.581243,0.01549,-0.582652,-0.455864,0.044304,-0.687844,-0.524281,0.026665,-0.718024,-0.596651,0.000937,-0.939158,-0.533116,0.012482,-0.952504,-0.60451,-0.09609,-1.0,-0.590848,0.034455,-0.853119,-0.536695,-0.103281,-0.880321,-0.505582,0.071776,-0.717278,-0.272206,0.006206,-0.625596,-0.334892,-0.097905,-0.437493,-0.474106,-0.132248,-0.329473,-0.326314,0.030688,-0.199522,-0.585666,-0.012993,-0.127156,-0.385167,-0.099422,-0.001277,-0.512697,-0.066088
N,0.0,0.0,0.0,-0.152569,0.029419,-0.053642,-0.12516,-0.329848,-0.062747,-0.219009,-0.093028,-0.016705,-0.364616,-0.221079,-0.053714,-0.374317,-0.325216,-0.09526,-0.512399,-0.349369,0.011271,-0.713916,-0.381076,0.0619,-0.791545,-0.467159,0.017415,-0.830083,-0.471376,0.021171,-1.0,-0.389989,-0.019553,-0.838316,-0.46876,-0.176848,-0.857741,-0.327129,-0.146575,-0.777287,-0.449038,0.02619,-0.734949,-0.328832,0.031811,-0.516925,-0.260662,0.055864,-0.410904,-0.178211,-0.135272,-0.315845,-0.286293,-0.038403,-0.163294,-0.277429,0.018222,-0.193725,-0.160283,-0.089079,-0.034591,-0.38259,-0.076446
N,0.0,0.0,0.0,-0.174633,-0.159672,-0.052654,0.143576,-0.174439,0.117662,-0.103505,-0.340124,0.033161,-0.189396,-0.29387,0.023621,-0.479793,-0.434548,-0.086197,-0.548866,-0.509837,-0.048824,-0.795479,-0.638836,-0.090797,-0.925861,-0.651162,-0.203855,-0.876793,-0.59326,-0.075303,-1.0,-0.626778,-0.163436,-0.926209,-0.69129,-0.076275,-0.972746,-0.405071,-0.01855,-0.83433,-0.602688,-0.147225,-0.674082,-0.332961,0.019488,-0.558026,-0.437216,0.008884,-0.404029,-0.492573,-0.076113,-0.263947,-0.313805,0.056638,-0.242641,-0.471602,0.033078,0.082902,-0.339113,-0.068176,0.090346,-0.517606,-0.084619
N,0.0,0.0,0.0,-0.130285,-0.077176,0.049541,0.020729,-0.171889,-0.104939,-0.123162,-0.209374,-0.079611,-0.275351,-0.405596,-0.0911,-0.461561,-0.448083,-0.1283,-0.657744,-0.574943,-0.056642,-0.815865,-0.707523,-0.001634,-0.890548,-0.572977,-0.054166,-1.0,-0.666503,-0.180486,-0.861014,-0.547758,-0.133017,-0.95362,-0.480837,-0.013751,-0.666594,-0.503834,0.013144,-0.735028,-0.440405,-0.242571,-0.72788,-0.454998,-0.030277,-0.58408,-0.447313,0.107536,-0.332608,-0.541706,-0.062525,-0.247672,-0.29009,-0.081791,-0.191096,-0.396544,-0.019084,-0.196322,-0.585227,0.002419,-0.097109,-0.325049,-0.177505
N,0.0,0.0,0.0,0.22189,-0.175526,0.127605,-0.16605,-0.224653,0.23619,-0.265337,-0.464309,0.305229,-0.356922,-0.580328,0.20444,-0.482569,-0.358624,0.158902,-0.624234,-0.551862,0.132106,-0.703219,-0.686883,0.134038,-0.822372,-0.531924,0.085928,-0.986309,-0.50023,0.07763,-0.985958,-0.472594,0.128165,-1.0,-0.598579,0.076138,-0.898631,-0.62652,0.219137,-0.848001,-0.498808,0.320084,-0.847308,-0.482896,0.254767,-0.640692,-0.382403,0.174097,-0.418642,-0.452887,0.233256,-0.290658,-0.444097,0.172817,-0.221307,-0.431484,0.195621,-0.123367,-0.462802,0.129955,0.119465,-0.3431,0.254794
N,0.0,0.0,0.0,-0.252728,-0.235124,-0.012038,-0.087606,-0.241525,0.005486,-0.398966,-0.183681,0.098354,-0.317397,-0.468195,0.046027,-0.538707,-0.490015,0.174865,-0.73465,-0.546693,0.047422,-0.781274,-0.504428,-0.125593,-0.741894,-0.690527,-0.100275,-0.984793,-0.639067,0.001683,-0.968877,-0.571799,-0.130078,-1.0,-0.556022,0.072053,-0.934801,-0.500968,0.143775,-0.955809,-0.525138,-0.05697,-0.650683,-0.347179,0.154663,-0.601201,-0.416733,0.024329,-0.451043,-0.52233,-0.032862,-0.405975,-0.29299,0.014065,-0.287514,-0.421796,0.098313,-0.080201,-0.553254,0.004764,-0.097718,-0.496126,0.052943
N,0.0,0.0,0.0,-0.009381,-0.040623,-0.099353,-0.086213,-0.116484,-0.082004,-0.219587,-0.181,-0.009525,-0.35189,-0.267478,-0.075838,-0.59862,-0.493572,0.025722,-0.573112,-0.48168,-0.000219,-0.723348,-0.534881,-0.038582,-0.867342,-0.499451,-0.17404,-0.990622,-0.597534,-0.128683,-1.0,-0.567376,-0.137007,-0.957467,-0.611828,-0.295981,-0.882735,-0.461363,-0.19397,-0.803343,-0.408854,-0.094937,-0.587886,-0.319359,-0.082042,-0.630541,-0.491894,0.047362,-0.451361,-0.313863,-0.191865,-0.282636,-0.408395,-0.004964,-0.185684,-0.386927,-0.114497,-0.104582,-0.475644,-0.010699,-0.128774,-0.460738,-0.160957
N,0.0,0.0,0.0,0.137227,0.033128,0.109258,-0.054419,-0.107943,0.092106,-0.130598,-0.284659,0.223811,-0.297394,-0.245536,0.2181,-0.404694,-0.43145,0.177589,-0.453264,-0.565817,0.058794,-0.685347,-0.474675,-0.048488,-0.879579,-0.608084,0.095438,-0.789787,-0.371506,0.012463,-0.910901,-0.380094,-0.001705,-1.0,-0.478219,0.040188,-0.940675,-0.37134,-0.05326,-0.826952,-0.344201,0.079536,-0.754484,-0.289566,0.109555,-0.725453,-0.286004,0.07193,-0.472058,-0.366611,0.031373,-0.283803,-0.263567,0.108012,-0.110309,-0.27503,-0.069494,-0.155827,-0.261089,-0.037488,-0.23228,-0.261706,0.056597
N,0.0,0.0,0.0,0.06339,-0.018125,-0.03727,-0.121415,-0.142708,0.069122,-0.159845,-0.187364,-0.029513,-0.179765,-0.380025,-0.003408,-0.335554,-0.423058,0.007709,-0.504335,-0.426696,-0.087617,-0.555252,-0.523754,-0.04089,-0.792449,-0.476384,-0.033031,-0.82705,-0.693308,-0.18581,-1.0,-0.454843,-0.08868,-0.86896,-0.482252,-0.061042,-0.907033,-0.339607,-0.052394,-0.794171,-0.40714,-0.045017,-0.719636,-0.299394,0.05367,-0.486401,-0.25644,0.187376,-0.495851,-0.306323,-0.097336,-0.118158,-0.291041,-0.059547,-0.133728,-0.226385,0.005783,0.016455,-0.245549,0.019982,0.111996,-0.408411,-0.231686
N,0.0,0.0,0.0,-0.15028,0.004532,-0.020968,-0.05873,-0.10572,-0.020321,-0.195542,-0.157516,0.029875,-0.237316,-0.319232,-0.00773,-0.413539,-0.498254,-0.125336,-0.551187,-0.555153,-0.056574,-0.726128,-0.460777,-0.058479,-0.89486,-0.448134,-0.119435,-1.0,-0.503545,-0.071186,-0.903669,-0.491837,-0.086135,-0.907707,-0.456062,-0.178407,-0.870855,-0.277847,-0.054779,-0.741373,-0.423854,-0.073207,-0.673295,-0.289381,0.057297,-0.567145,-0.329145,-0.030528,-0.35209,-0.281217,-0.018161,-0.20811,-0.27649,-0.074033,-0.166019,-0.338269,-0.106017,-0.095061,-0.275644,0.018103,0.03914,-0.346234,-0.064258
N,0.0,0.0,0.0,-0.026742,-0.067818,0.111189,0.011448,-0.284854,0.208204,-0.252657,-0.256056,0.088241,-0.362944,-0.344243,0.169155,-0.421605,-0.386581,0.210425,-0.574972,-0.5689,0.214783,-0.746997,-0.482594,0.075233,-0.85111,-0.526681,0.145914,-1.0,-0.61858,-0.00534,-0.844144,-0.465629,0.121196,-0.962095,-0.50514,0.088333,-0.866277,-0.579568,0.120558,-0.78441,-0.693059,0.138168,-0.676858,-0.451334,0.00384,-0.493596,-0.450592,0.20861,-0.514764,-0.532322,0.029803,-0.240137,-0.462891,0.153062,-0.235113,-0.543593,-0.045289,-0.135919,-0.532779,0.076555,0.021781,-0.474634,0.047212
N,0.0,0.0,0.0,-0.020924,-0.160433,-0.145215,-0.098388,-0.297315,0.056596,-0.207803,-0.375697,0.066899,-0.372843,-0.446603,0.107395,-0.453635,-0.429666,0.054748,-0.655252,-0.497238,-0.104906,-0.59082,-0.490806,-0.047089,-0.775026,-0.668269,0.007109,-1.0,-0.58592,-0.186176,-0.907642,-0.472216,-0.097627,-0.947481,-0.588486,-0.112124,-0.953786,-0.42683,-0.039921,-0.87435,-0.512436,0.142948,-0.716943,-0.376863,-0.098993,-0.570399,-0.50847,-0.082679,-0.406073,-0.51422,-0.129666,-0.277667,-0.482204,-0.070032,-0.344005,-0.55529,-0.050534,-0.132049,-0.42289,-0.157724,-0.067986,-0.536785,-0.127443
N,0.0,0.0,0.0,0.019642,-0.087215,0.014071,-0.099673,-0.084068,0.001131,-0.115567,-0.06437,0.0551,-0.319488,-0.303555,-0.094115,-0.586221,-0.458546,0.009541,-0.633179,-0.308925,-0.219232,-0.745577,-0.42441,0.012435,-0.846675,-0.446003,-0.060567,-0.902456,-0.47534,0.074312,-0.932311,-0.446139,-0.138438,-1.0,-0.324463,-0.257323,-0.927696,-0.40926,-0.013984,-0.832192,-0.261398,-0.020929,-0.746601,-0.272947,0.10711,-0.559676,-0.243933,-0.010736,-0.462165,-0.193876,0.047357,-0.35379,-0.301272,0.076631,-0.131306,-0.38099,0.008073,-0.12262,-0.354181,0.057706,-0.081127,-0.441104,-0.124783
N,0.0,0.0,0.0,-0.076375,-0.116958,0.030992,-0.039782,-0.3089,0.052905,-0.175893,-0.166812,0.095397,-0.304405,-0.346193,-0.029994,-0.38198,-0.361383,0.157678,-0.38316,-0.560876,-0.041087,-0.654638,-0.521582,-0.026116,-0.842151,-0.560038,0.162534,-0.726762,-0.638759,-0.093895,-1.0,-0.552788,-0.039149,-0.955397,-0.510112,-0.0714,-0.97579,-0.326181,0.025548,-0.846332,-0.528284,0.041161,-0.628053,-0.334332,0.160225,-0.66014,-0.44854,0.198465,-0.361097,-0.359784,0.179398,-0.377514,-0.434103,-0.019476,-0.134166,-0.336523,0.04607,-0.125853,-0.199877,0.042902,0.100879,-0.446553,0.001847
N,0.0,0.0,0.0,-0.03464,0.018647,-0.025181,-0.125508,-0.246324,-0.023696,-0.292349,-0.20052,-0.072548,-0.301606,-0.417258,0.145742,-0.462055,-0.444494,0.121261,-0.505948,-0.42993,0.056581,-0.733681,-0.446067,-0.024292,-0.734249,-0.475468,-0.096101,-0.784096,-0.517302,-0.112578,-0.862817,-0.49389,0.001135,-1.0,-0.451913,-0.057234,-0.767964,-0.451172,-0.029822,-0.763016,-0.403706,0.065723,-0.716221,-0.420183,0.117342,-0.575918,-0.356164,-0.038445,-0.54443,-0.430905,-0.002923,-0.262801,-0.294837,-0.08641,-0.261364,-0.334414,0.010867,-0.058246,-0.361695,-0.017905,-0.113656,-0.446843,-0.071602
N,0.0,0.0,0.0,-0.07197,-0.235162,0.025782,-0.140266,-0.113437,-0.090103,-0.297047,-0.470947,-0.003603,-0.49161,-0.34757,0.08897,-0.509412,-0.57639,-0.118328,-0.686894,-0.505792,-0.08505,-0.622198,-0.475111,-0.049614,-0.90423,-0.64326,0.049498,-0.995434,-0.532947,-0.076959,-0.933977,-0.649574,-0.102264,-0.987232,-0.612543,0.026109,-1.0,-0.578884,0.053827,-0.778961,-0.387123,-0.164335,-0.741439,-0.467369,-0.044651,-0.603487,-0.47355,0.021682,-0.239003,-0.412095,0.03859,-0.295439,-0.420819,-0.077683,-0.359124,-0.450351,-0.034356,-0.290292,-0.358873,-0.029077,0.018534,-0.691706,0.048989
N,0.0,0.0,0.0,0.048735,-0.165015,-0.025159,-0.092617,-0.326582,-0.085808,-0.17448,-0.444403,-0.080374,-0.224814,-0.47359,0.044313,-0.341889,-0.558504,-0.057622,-0.508621,-0.807331,-0.017353,-0.602796,-0.547155,-0.071224,-0.932469,-0.835444,-0.003682,-0.86996,-0.492268,-0.16535,-0.858183,-0.50568,-0.044923,-1.0,-0.400472,0.068356,-0.857213,-0.515165,0.032536,-0.714057,-0.645688,0.018017,-0.544644,-0.475973,0.043826,-0.563189,-0.555848,-0.088786,-0.329709,-0.490967,-0.069328,-0.179327,-0.516677,-0.042405,-0.169584,-0.501646,0.037013,-0.105197,-0.443615,0.016439,-0.020578,-0.57826,-0.072256
N,0.0,0.0,0.0,-0.012895,-0.302277,0.104831,-0.073045,-0.247718,0.010749,-0.144267,-0.357465,0.051295,-0.346369,-0.537586,0.063392,-0.472242,-0.572444,0.057451,-0.651412,-0.662698,0.010111,-0.814163,-0.796573,0.014222,-0.868543,-0.762599,-0.067447,-1.0,-0.708024,-0.004149,-0.851709,-0.780977,-0.026256,-0.970635,-0.758198,0.159187,-0.987851,-0.620759,0.02299,-0.815277,-0.719334,0.177345,-0.758404,-0.54267,0.008719,-0.604856,-0.65032,0.181954,-0.585184,-0.541154,0.054952,-0.457295,-0.629969,0.114535,-0.269064,-0.623692,0.088195,-0.01526,-0.548123,0.028136,-0.008055,-0.647058,-0.078212
N,0.0,0.0,0.0,-0.031026,-0.186598,0.048687,-0.13871,-0.172727,0.063566,-0.205717,-0.176836,-0.047201,-0.253592,-0.286711,0.026301,-0.459102,-0.247923,0.119446,-0.743927,-0.349426,-0.117659,-0.67226,-0.580475,-0.031527,-0.877369,-0.499956,-0.111325,-0.946247,-0.518749,-0.118936,-0.943051,-0.430528,0.047414,-1.0,-0.421984,-0.020705,-0.941018,-0.567202,-0.197698,-0.973545,-0.257098,0.009842,-0.647535,-0.268016,-0.057087,-0.406202,-0.291317,-0.007386,-0.357015,-0.252741,0.098118,-0.203197,-0.326184,0.005261,-0.254381,-0.433562,0.035177,-0.026044,-0.490152,-0.101,-0.034605,-0.381548,0.079917
N,0.0,0.0,0.0,-0.00019,-0.138972,-0.073948,-0.018283,-0.221088,0.044067,-0.108921,-0.536518,-0.140275,-0.304471,-0.31592,-0.057849,-0.379208,-0.417278,0.020865,-0.598868,-0.608879,-0.147844,-0.458188,-0.517818,0.076647,-0.872986,-0.472612,-0.126209,-0.89173,-0.594318,-0.168859,-1.0,-0.561121,-0.144876,-0.920577,-0.59944,-0.030246,-0.92213,-0.37247,-0.069044,-0.809666,-0.34079,-0.07974,-0.717497,-0.490284,-0.002746,-0.605591,-0.347831,-0.008693,-0.334311,-0.336456,-0.042919,-0.315405,-0.418221,-0.011198,-0.104318,-0.372222,-0.033469,-0.085784,-0.486634,-0.014081,-0.021474,-0.447543,-0.031315
N,0.0,0.0,0.0,-0.300198,-0.137519,-0.024108,-0.154248,-0.03708,0.104183,-0.211596,-0.311902,-0.018146,-0.419196,-0.385523,0.002356,-0.518322,-0.492144,0.111011,-0.698759,-0.458763,0.037337,-0.829916,-0.396082,-0.109133,-0.808333,-0.52942,0.056238,-0.962867,-0.442859,-0.029411,-0.999234,-0.412233,-0.012975,-0.918661,-0.443715,-0.061741,-1.0,-0.375468,-0.079257,-0.838807,-0.435056,-0.060401,-0.774243,-0.429579,0.011944,-0.707764,-0.346412,0.037941,-0.498135,-0.266943,0.108065,-0.263125,-0.190024,0.038851,-0.361605,-0.374181,0.051012,-0.024826,-0.410857,0.040464,-0.179286,-0.456206,-0.089442
N,0.0,0.0,0.0,0.077724,-0.164744,-0.197987,0.018879,-0.380466,0.069302,-0.067286,-0.46524,-0.087152,-0.215663,-0.501502,-0.201896,-0.306423,-0.728521,-0.20034,-0.618217,-0.6504,-0.139442,-0.729822,-0.970528,-0.297067,-1.0,-0.740781,-0.151826,-0.891652,-0.727661,-0.232538,-0.898307,-0.873659,-0.063514,-0.954817,-0.785577,-0.137548,-0.961694,-0.742376,-0.155735,-0.935788,-0.748358,0.027354,-0.901365,-0.720189,-0.093722,-0.604699,-0.613098,-0.174568,-0.306996,-0.538157,0.021626,-0.251364,-0.691613,-0.085207,-0.072529,-0.575687,-0.084976,0.075447,-0.720681,-0.078952,0.092106,-0.715861,-0.302992
N,0.0,0.0,0.0,-0.11782,-0.179912,-0.073762,-0.083898,-0.180028,-0.047002,-0.103223,-0.221288,0.015616,-0.275554,-0.495486,-0.032899,-0.507061,-0.504463,0.024159,-0.497232,-0.435537,-0.013374,-0.629447,-0.626093,-0.136903,-0.776312,-0.493962,-0.097365,-0.923667,-0.58111,-0.139299,-0.98418,-0.373535,0.007026,-1.0,-0.631078,-0.119313,-0.929233,-0.314863,-0.101173,-0.733154,-0.479698,-0.104921,-0.588121,-0.374197,-0.011953,-0.38111,-0.380368,-0.026819,-0.287209,-0.355948,0.115375,-0.296539,-0.584382,-0.106733,-0.113377,-0.434232,-0.001214,-0.025953,-0.410707,-0.096431,-0.050195,-0.459344,-0.085803
N,0.0,0.0,0.0,-0.027463,-0.162033,-0.026409,-0.12757,-0.18839,0.06966,-0.12409,-0.412682,0.091441,-0.16723,-0.382738,0.057205,-0.311711,-0.472062,-0.036707,-0.517377,-0.55172,0.009012,-0.580934,-0.654243,0.004156,-0.873213,-0.649034,0.097173,-0.81882,-0.561828,-0.177195,-0.918956,-0.729548,-0.038202,-1.0,-0.489908,-0.015211,-0.951328,-0.471528,0.163759,-0.781914,-0.395522,-0.1527,-0.607426,-0.480176,0.019083,-0.45486,-0.426958,-0.076392,-0.227206,-0.509349,-0.010451,-0.193308,-0.378621,0.083024,-0.062271,-0.311824,0.068439,-0.067876,-0.650882,0.016032,0.21184,-0.594357,-0.105599
N,0.0,0.0,0.0,0.066393,-0.110403,-0.115325,-0.154437,-0.252127,0.028667,-0.21227,-0.23585,-0.133411,-0.267191,-0.421234,-0.002101,-0.423173,-0.378683,-0.077999,-0.530751,-0.422942,-0.074889,-0.639592,-0.455703,-0.0935,-0.843731,-0.557981,-0.231972,-0.824407,-0.489786,-0.10605,-0.751389,-0.424859,-0.096572,-1.0,-0.444523,-0.153931,-0.746821,-0.441666,-0.042247,-0.701458,-0.276033,-0.030764,-0.72182,-0.335969,-0.075294,-0.433597,-0.283263,0.005657,-0.4836,-0.402491,0.055167,-0.147902,-0.366862,-0.059202,-0.251711,-0.460439,-0.04166,-0.0453,-0.509138,-0.022409,0.050662,-0.412455,0.012563
N,0.0,0.0,0.0,0.057119,-0.098939,-0.045421,-0.080672,-0.21512,-0.002575,-0.133797,-0.341229,0.077423,-0.301901,-0.492269,-0.059695,-0.542072,-0.512645,0.12761,-0.636187,-0.530534,0.048462,-0.797479,-0.628077,0.038305,-0.838962,-0.657175,-0.097057,-0.959108,-0.587377,0.022598,-0.966226,-0.677185,-0.13648,-0.982504,-0.563758,-0.128547,-0.879255,-0.720477,-0.014601,-1.0,-0.43965,-0.037575,-0.703091,-0.507579,0.109547,-0.771405,-0.381616,-0.028989,-0.44789,-0.402716,-0.088288,-0.255778,-0.403125,0.021256,-0.177585,-0.439292,0.058788,-0.146573,-0.416236,0.014111,-0.061186,-0.387971,-0.018494
N,0.0,0.0,0.0,0.056991,-0.158605,0.095946,-0.184621,-0.40513,0.08101,-0.230783,-0.378094,-0.126471,-0.194398,-0.440981,0.157395,-0.579788,-0.512251,0.069486,-0.606096,-0.55514,-0.093838,-0.727788,-0.674737,-0.057402,-0.865291,-0.653503,-0.05195,-0.860139,-0.638768,-0.0708,-1.0,-0.70007,-0.026028,-0.932534,-0.563774,-0.023483,-0.897518,-0.600313,-0.002401,-0.751346,-0.545829,0.066411,-0.695876,-0.550054,0.094338,-0.656136,-0.431308,0.005335,-0.440366,-0.439555,0.065466,-0.298748,-0.489861,-0.044101,-0.187885,-0.376735,0.074132,-0.061213,-0.536044,0.019152,-0.099913,-0.580267,0.009553
N,0.0,0.0,0.0,0.311302,-0.363089,0.071327,0.029748,-0.451277,0.114035,-0.083485,-0.517346,0.096327,-0.12065,-0.497254,-0.003837,-0.194059,-0.637435,0.178607,-0.584,-0.754446,0.210776,-0.452358,-0.611255,-0.037587,-0.840429,-0.823349,0.200318,-0.923817,-0.899732,0.070597,-1.0,-0.725714,0.2837,-0.88083,-0.700511,0.193419,-0.870746,-0.786606,0.078076,-0.715457,-0.684607,0.044188,-0.562264,-0.743969,0.056096,-0.602183,-0.616002,0.262867,-0.329977,-0.676749,0.103996,-0.118103,-0.632924,0.197547,-0.055131,-0.6146,0.180081,0.291564,-0.643251,0.081756,0.158397,-0.825287,0.003246
N,0.0,0.0,0.0,-0.201288,-0.172804,-0.033262,-0.202051,-0.288871,-0.106716,-0.251202,-0.251931,0.07784,-0.401303,-0.412347,-0.127755,-0.413871,-0.398144,-0.109128,-0.622328,-0.457543,-0.070091,-0.746412,-0.467003,-0.173254,-0.769691,-0.503683,-0.076009,-0.761999,-0.516512,-0.11039,-1.0,-0.355934,-0.228426,-0.87787,-0.624464,-0.152263,-0.725626,-0.363079,-0.019698,-0.78055,-0.30301,-0.046413,-0.630207,-0.213292,0.024377,-0.566934,-0.328723,0.055616,-0.404035,-0.298899,0.050248,-0.166403,-0.40738,0.005242,-0.196151,-0.38449,-0.0963,-0.040252,-0.451821,-0.164351,-0.131582,-0.541881,-0.147111
N,0.0,0.0,0.0,0.015251,-0.053723,-0.032677,-0.187127,-0.284538,-0.107294,-0.077095,-0.295827,-0.040681,-0.316992,-0.48653,-0.197135,-0.388317,-0.539287,-0.044618,-0.490315,-0.592993,-0.089042,-0.709607,-0.694778,-0.20413,-1.0,-0.65355,-0.208035,-0.989066,-0.553591,-0.126721,-0.896985,-0.549786,-0.16949,-0.942544,-0.512384,-0.100966,-0.809501,-0.551455,-0.215858,-0.786532,-0.559713,-0.054451,-0.660351,-0.473635,-0.118169,-0.456664,-0.374225,-0.117575,-0.486868,-0.419757,0.029711,-0.339284,-0.394157,-0.146368,-0.186129,-0.371768,-0.044519,-0.010996,-0.418151,-0.066992,-0.056532,-0.530499,-0.030865
N,0.0,0.0,0.0,0.019673,0.051112,0.201876,0.038942,-0.03403,0.079298,-0.311521,-0.055267,0.088427,-0.393872,-0.295592,0.097744,-0.566214,-0.439534,0.049101,-0.599369,-0.224903,0.085249,-0.797691,-0.347436,0.227997,-1.0,-0.490686,0.044242,-0.970644,-0.391769,-0.073312,-0.974404,-0.3862,0.083104,-0.91901,-0.468203,-0.088206,-0.953057,-0.481909,0.040198,-0.958664,-0.252677,0.04367,-0.753176,-0.335087,0.019379,-0.649956,-0.21354,0.158163,-0.380589,-0.102541,0.173436,-0.287794,-0.183585,0.222745,-0.193893,-0.265,0.046649,-0.028834,-0.268989,0.238242,-0.148042,-0.205537,0.024643
N,0.0,0.0,0.0,0.057695,-0.041056,0.227086,-0.1567,-0.037034,0.140737,-0.28955,-0.153252,0.247663,-0.272786,-0.290703,0.047834,-0.529572,-0.39688,0.142081,-0.505026,-0.403952,-0.013081,-0.901763,-0.478598,0.080404,-0.793207,-0.549676,-0.001249,-0.861823,-0.347651,-0.053509,-0.989745,-0.351247,0.157927,-1.0,-0.324952,0.104869,-0.84349,-0.431234,0.142226,-0.898613,-0.388222,0.121854,-0.696581,-0.143682,0.349624,-0.607984,-0.187232,0.095647,-0.415212,-0.330499,0.145832,-0.118806,-0.307461,0.1227,-0.268327,-0.349102,0.049022,-0.088512,-0.308698,0.154801,-0.048538,-0.412199,0.061189
N,0.0,0.0,0.0,-0.052788,0.011887,0.21163,-0.107133,-0.253476,0.081473,-0.1011,-0.294861,0.117578,-0.349743,-0.45673,0.143168,-0.420412,-0.389769,-0.051057,-0.43675,-0.46883,-0.0789,-0.62474,-0.547129,0.03256,-0.837279,-0.543081,0.008394,-1.0,-0.473469,0.010028,-0.884974,-0.464459,0.011457,-0.892213,-0.608188,-0.046292,-0.868838,-0.458281,0.062773,-0.694855,-0.44699,0.082531,-0.685686,-0.428476,0.060858,-0.619888,-0.394926,0.073064,-0.438021,-0.499098,0.084138,-0.358621,-0.375405,0.002917,-0.174241,-0.406403,0.019451,-0.06575,-0.387898,0.039294,0.011716,-0.492793,0.050672
N,0.0,0.0,0.0,0.066475,0.082185,0.129891,-0.116888,-0.026547,0.138882,-0.142265,-0.086953,0.040438,-0.226961,-0.355885,0.05463,-0.226499,-0.326259,0.216546,-0.507196,-0.382237,0.018862,-0.600349,-0.441407,0.047438,-0.793104,-0.466179,0.025293,-0.840195,-0.463161,-0.097831,-0.848639,-0.455916,-0.22304,-1.0,-0.458593,0.117344,-0.80221,-0.445109,0.031217,-0.6902,-0.4089,-0.01075,-0.600781,-0.255535,0.043463,-0.503861,-0.31487,0.057057,-0.321618,-0.345564,0.15577,-0.270439,-0.309073,0.053351,-0.231078,-0.328252,0.039127,-0.064314,-0.426047,0.043151,0.014265,-0.435154,0.08608
N,0.0,0.0,0.0,-0.185568,0.015216,0.089128,-0.266225,-0.168553,0.119695,-0.233097,-0.123167,0.01728,-0.36403,-0.372027,0.107988,-0.513948,-0.344194,0.05436,-0.582996,-0.469579,-0.012676,-0.753777,-0.31031,-0.073814,-0.965955,-0.448763,0.106166,-0.935198,-0.512454,0.042669,-0.959781,-0.50484,0.073947,-1.0,-0.561692,0.013724,-0.99756,-0.30191,-0.056004,-0.910861,-0.347961,0.248905,-0.61693,-0.3399,0.114109,-0.587341,-0.387945,0.10182,-0.390541,-0.286583,0.250008,-0.389517,-0.302521,0.088439,-0.333243,-0.227054,0.051273,-0.122089,-0.386588,0.183123,0.010082,-0.386187,-0.06056
N,0.0,0.0,0.0,-0.093732,-0.195573,0.185933,-0.159659,-0.234535,0.054668,-0.334619,-0.265778,0.019149,-0.440375,-0.438213,0.077539,-0.571248,-0.589732,-0.068672,-0.58605,-0.614522,0.016398,-0.953442,-0.774472,-0.071212,-0.914057,-0.663369,0.085695,-0.95716,-0.632592,0.148992,-0.963134,-0.592115,0.045381,-1.0,-0.676965,0.021322,-0.874031,-0.656434,0.0098,-0.955656,-0.620858,0.047989,-0.788736,-0.521698,0.180718,-0.492034,-0.547046,0.116352,-0.665734,-0.605649,0.112451,-0.334915,-0.46086,0.164199,-0.142198,-0.378591,0.075652,-0.207242,-0.496646,0.145775,-0.068868,-0.615993,0.00668
N,0.0,0.0,0.0,-0.082161,-0.120189,0.009488,-0.071109,-0.268341,0.094568,-0.234748,-0.238465,0.133788,-0.352866,-0.436559,0.242937,-0.449343,-0.41287,-0.008348,-0.671222,-0.75768,0.216293,-0.875937,-0.610019,0.173104,-0.779389,-0.61143,0.117034,-0.99165,-0.600863,-0.004381,-0.991797,-0.613022,0.0985,-0.855993,-0.624466,-0.068191,-1.0,-0.417308,0.156301,-0.936989,-0.405581,0.007208,-0.681383,-0.561035,0.256628,-0.640859,-0.561786,0.063171,-0.240184,-0.442643,0.020456,-0.366827,-0.600181,0.135168,-0.276398,-0.389379,0.135838,-0.086354,-0.412173,0.122457,-0.003942,-0.622403,0.058722
N,0.0,0.0,0.0,-0.024815,-0.111559,0.109188,-0.191336,-0.296022,0.036013,-0.24371,-0.299184,-0.039237,-0.368974,-0.247425,0.017933,-0.509606,-0.459806,0.091854,-0.474101,-0.599725,-0.052285,-0.661618,-0.532272,-0.130959,-0.876456,-0.618752,-0.160255,-0.880749,-0.463239,-0.093537,-0.811504,-0.531627,-0.05945,-1.0,-0.431375,-0.027842,-0.95634,-0.458,-0.058054,-0.768079,-0.437772,0.087695,-0.748463,-0.38662,0.114513,-0.37631,-0.331044,0.059925,-0.402603,-0.282945,0.017446,-0.24142,-0.237399,0.021431,-0.324578,-0.461293,0.032562,-0.157134,-0.454725,-0.029047,-0.006601,-0.54097,-0.069182
N,0.0,0.0,0.0,-0.099897,-0.057881,0.018638,-0.260526,-0.111861,0.021081,-0.174646,-0.235943,-0.006083,-0.468633,-0.319202,0.001082,-0.34315,-0.222879,-0.041469,-0.490031,-0.382671,-0.134622,-0.60976,-0.291323,-0.07924,-0.786926,-0.409833,-0.078948,-0.639042,-0.354242,-0.072124,-1.0,-0.412526,0.031489,-0.821319,-0.336169,-0.046284,-0.821302,-0.260213,-0.042504,-0.770677,-0.333981,0.049953,-0.728838,-0.294647,-0.014429,-0.62812,-0.245398,0.006984,-0.372265,-0.211588,-0.009737,-0.349483,-0.363585,-0.052036,-0.219791,-0.347427,0.006884,-0.199734,-0.420166,-0.080687,-0.087919,-0.429008,-0.116731
N,0.0,0.0,0.0,0.078257,-0.11105,-0.082076,-0.025698,-0.140956,0.145749,-0.046578,-0.381117,0.014605,-0.229403,-0.435776,-0.006352,-0.356399,-0.420187,0.006164,-0.608806,-0.608327,-0.041317,-0.701626,-0.645691,-0.037126,-0.778398,-0.601652,-0.029077,-0.870041,-0.571616,-0.104837,-0.960641,-0.601542,-0.043727,-1.0,-0.570825,-0.019117,-0.907397,-0.472319,-0.172838,-0.845164,-0.309778,-0.153855,-0.548739,-0.389691,-0.033256,-0.565151,-0.287038,-0.157407,-0.289434,-0.347988,0.105462,-0.396126,-0.385569,-0.168331,-0.036039,-0.460407,-0.082118,-0.184959,-0.380586,-0.0216,-0.029013,-0.446476,-0.112198
N,0.0,0.0,0.0,0.216435,-0.053724,-0.097196,0.026863,-0.149899,-0.048858,-0.060801,-0.308371,-0.231913,-0.238899,-0.528315,-0.202027,-0.31588,-0.614356,-0.044366,-0.430673,-0.568365,-0.190855,-0.583943,-0.553823,-0.059037,-0.89873,-0.64498,-0.206237,-0.876732,-0.567533,-0.186954,-0.82474,-0.64046,-0.290697,-1.0,-0.64949,-0.224362,-0.914947,-0.564275,-0.140131,-0.837639,-0.413278,-0.304416,-0.863488,-0.381304,-0.027486,-0.403347,-0.38454,-0.093214,-0.370959,-0.564994,-0.077568,-0.314717,-0.204259,-0.192239,-0.052905,-0.305792,-0.154763,0.032394,-0.704056,-0.264957,0.182898,-0.385536,-0.253871
N,0.0,0.0,0.0,0.037989,-0.372327,0.097611,-0.150433,-0.484125,0.109253,-0.242933,-0.514047,0.127809,-0.387048,-0.61525,-0.046231,-0.481015,-0.66288,0.08714,-0.472745,-0.705815,-0.091533,-0.677772,-0.751378,-0.056821,-0.918022,-0.891298,-0.080409,-1.0,-0.809355,0.023157,-0.964889,-0.671821,-0.066075,-0.914025,-0.773904,0.011024,-0.891696,-0.721676,-0.032745,-0.888537,-0.690867,-0.037035,-0.762271,-0.519061,-0.043395,-0.431522,-0.607431,-0.01632,-0.486403,-0.565674,0.071828,-0.502961,-0.596003,-0.15614,-0.113779,-0.534914,-0.020374,-0.077574,-0.751206,-0.088182,-0.080344,-0.72619,-0.002631
N,0.0,0.0,0.0,-0.160423,-0.135446,0.063944,-0.180403,-0.282841,0.101843,-0.203961,-0.415739,0.039157,-0.312157,-0.332214,0.066497,-0.467586,-0.446201,0.114859,-0.699608,-0.492572,-0.033187,-0.667481,-0.61602,0.035649,-0.905646,-0.505397,0.020144,-0.899984,-0.421911,-0.068847,-0.889595,-0.464705,0.045229,-1.0,-0.540749,-0.050312,-0.934144,-0.554972,-0.014914,-0.737174,-0.488435,0.039198,-0.787249,-0.438788,0.108526,-0.581312,-0.316319,-0.020872,-0.538301,-0.43012,0.171525,-0.338685,-0.49868,0.133143,-0.24027,-0.351477,0.150515,-0.228941,-0.332387,0.014063,-0.135219,-0.477021,-0.084078
N,0.0,0.0,0.0,-0.073683,-0.00382,0.086254,-0.166993,-0.17143,0.181497,-0.190959,-0.410684,-0.080136,-0.395924,-0.313942,0.200909,-0.535691,-0.492399,0.163538,-0.633695,-0.452505,0.075596,-0.724432,-0.591508,-0.00529,-0.787026,-0.705343,-0.010947,-0.974305,-0.51392,-0.044887,-1.0,-0.682476,0.063398,-0.860661,-0.703631,-0.018729,-0.894814,-0.271983,0.109968,-0.935391,-0.488187,-0.01255,-0.690692,-0.35765,0.224157,-0.640943,-0.481786,0.245663,-0.350052,-0.480622,0.096084,-0.250449,-0.419288,0.119509,-0.303673,-0.505578,0.089848,-0.139284,-0.541709,0.046949,-0.090032,-0.499018,0.129418
N,0.0,0.0,0.0,0.054747,-0.014756,-0.238708,-0.089744,-0.213259,-0.099501,-0.073181,-0.302374,-0.133357,-0.249073,-0.343202,-0.103446,-0.325213,-0.369623,-0.012461,-0.498807,-0.378549,-0.082659,-0.749544,-0.50506,-0.213625,-0.841841,-0.388676,-0.191797,-0.925422,-0.458038,-0.059514,-1.0,-0.475958,-0.160943,-0.854186,-0.493231,-0.208677,-0.871931,-0.396836,0.05038,-0.731459,-0.438987,-0.153515,-0.664468,-0.408399,-0.025887,-0.530761,-0.322477,-0.061377,-0.267542,-0.300821,-0.084191,-0.187304,-0.425555,-0.103555,-0.201622,-0.259359,-0.072079,-0.098567,-0.374024,-0.04192,0.118929,-0.541564,-0.010896
N,0.0,0.0,0.0,0.281107,-0.165225,-0.180531,0.161252,-0.446628,-0.14752,-0.070561,-0.498758,-0.028,-0.244608,-0.536528,-0.184139,-0.346484,-0.677428,0.021022,-0.420097,-0.731661,-0.284037,-0.824828,-0.652629,-0.142823,-0.659155,-0.694465,-0.129273,-0.908351,-0.886673,-0.225161,-0.931684,-0.795196,-0.12115,-0.87284,-0.750411,-0.190551,-1.0,-0.61782,-0.054702,-0.61146,-0.638701,-0.105345,-0.634561,-0.64386,-0.153316,-0.506505,-0.543362,-0.004955,-0.298747,-0.468413,-0.002285,-0.145052,-0.68475,-0.039158,-0.036193,-0.689102,-0.037893,0.145315,-0.583462,-0.061276,0.181802,-0.707344,0.024968
N,0.0,0.0,0.0,0.06336,-0.058602,0.177883,-0.200103,-0.045455,0.272139,-0.258946,-0.189793,0.308049,-0.12236,-0.168879,0.169652,-0.414351,-0.14439,0.314948,-0.762861,-0.299016,0.167605,-0.774192,-0.409179,0.240481,-0.925664,-0.281079,0.159038,-1.0,-0.350665,0.177146,-0.976622,-0.393975,0.257728,-0.943576,-0.35861,0.228927,-0.999496,-0.278382,0.250844,-0.870718,-0.356238,0.111531,-0.747127,-0.315009,0.317194,-0.751658,-0.121969,0.249746,-0.546411,-0.250221,0.23162,-0.289505,-0.3118,0.160336,-0.224546,-0.229985,0.277195,-0.074318,-0.29331,0.213262,-0.018879,-0.335164,0.17959
N,0.0,0.0,0.0,0.304108,-0.286227,0.029161,-0.076253,-0.495989,-0.023368,-0.071468,-0.355712,0.113133,-0.049635,-0.495461,0.059675,-0.445559,-0.504608,0.097266,-0.622442,-0.650199,-0.090813,-0.487614,-0.82095,-0.060869,-0.768866,-0.757632,0.101725,-0.727059,-0.901292,-0.060615,-0.92912,-0.662599,-0.084309,-1.0,-0.803244,-0.125493,-0.886394,-0.65586,-0.11668,-0.625253,-0.585816,0.041547,-0.658797,-0.69076,0.067312,-0.578319,-0.750075,0.054492,-0.388638,-0.580153,0.068971,-0.240596,-0.692918,0.105616,-0.017139,-0.452087,0.030295,0.16008,-0.588542,-0.039007,0.274038,-0.588573,-0.133268
N,0.0,0.0,0.0,-0.014153,-0.100221,0.05278,-0.083668,-0.174888,0.108233,-0.229037,-0.173245,0.074095,-0.299054,-0.377509,0.044891,-0.424124,-0.30666,0.025351,-0.496103,-0.477667,0.051051,-0.722734,-0.349135,0.101206,-0.768642,-0.508834,-0.11651,-0.834571,-0.457802,0.038884,-1.0,-0.450336,0.009882,-0.959707,-0.430328,-0.059409,-0.915001,-0.447353,-0.0089,-0.69747,-0.402637,-0.0277,-0.624738,-0.280446,0.107154,-0.46477,-0.315698,0.073243,-0.479273,-0.218356,0.058262,-0.325364,-0.341565,0.100594,-0.187029,-0.314335,0.017062,-0.119773,-0.366843,0.117193,-0.176648,-0.370672,0.07368
N,0.0,0.0,0.0,0.069007,-0.093082,-0.138154,0.066744,-0.123977,0.106061,-0.023205,-0.450426,-0.057261,-0.338862,-0.460215,0.047142,-0.456298,-0.530065,-0.121878,-0.345527,-0.536582,-0.003726,-0.622474,-0.544031,-0.010329,-0.768609,-0.673425,-0.20455,-0.710531,-0.558418,-0.326571,-0.927918,-0.578193,0.007772,-1.0,-0.550527,-0.155983,-0.959545,-0.437475,-0.181494,-0.682683,-0.651843,-0.114469,-0.590761,-0.418993,-0.011519,-0.405919,-0.476965,0.085276,-0.30019,-0.372732,-1.5e-05,-0.133295,-0.519725,-0.121917,-0.08436,-0.406342,-0.112371,0.043592,-0.492373,0.03327,0.187609,-0.666946,-0.099473
N,0.0,0.0,0.0,0.093801,-0.164172,0.041014,-0.040583,-0.22762,-0.00922,-0.229737,-0.346496,0.110953,-0.32951,-0.409938,-0.048063,-0.487621,-0.456808,-0.105522,-0.515586,-0.579482,0.150927,-0.708078,-0.717424,0.004701,-0.886807,-0.562063,0.093228,-0.888336,-0.604768,-0.163808,-0.918447,-0.530635,0.045504,-1.0,-0.522608,-0.056101,-0.935021,-0.637409,0.011662,-0.82384,-0.519509,0.060391,-0.663732,-0.330806,-0.049757,-0.537849,-0.30914,0.019151,-0.326623,-0.461584,0.056064,-0.433176,-0.553186,-0.086041,-0.045755,-0.479686,-0.042094,-0.026211,-0.511197,0.094393,0.156439,-0.684874,0.014648
N,0.0,0.0,0.0,0.084587,0.019518,-0.014839,-0.068591,-0.078797,0.035068,-0.026824,-0.337692,0.054072,-0.325029,-0.48506,0.041563,-0.274395,-0.522654,0.035688,-0.545766,-0.501496,-0.109185,-0.756767,-0.59257,0.080937,-1.0,-0.752674,0.206886,-0.962462,-0.556326,-0.045082,-0.969944,-0.503411,-0.030347,-0.932495,-0.545679,0.015512,-0.79799,-0.502201,-0.017318,-0.939782,-0.494709,0.000975,-0.771796,-0.427353,0.027699,-0.402553,-0.490805,0.053396,-0.428853,-0.306565,0.099589,-0.015117,-0.42507,0.016861,0.058708,-0.334806,-0.273447,0.034333,-0.385995,-0.074163,0.264876,-0.404114,-0.104128
N,0.0,0.0,0.0,-0.123501,-0.229629,-0.05173,-0.196607,-0.23823,-0.085112,-0.22949,-0.332239,-0.063303,-0.368321,-0.469398,-0.064279,-0.364835,-0.630762,-0.219919,-0.555759,-0.640043,-0.130034,-0.719943,-0.61553,-0.149614,-0.76861,-0.598877,0.036144,-0.969674,-0.652264,-0.10446,-1.0,-0.620805,-0.085252,-0.938532,-0.65198,-0.12486,-0.974369,-0.653649,-0.094057,-0.738586,-0.412366,0.032158,-0.776555,-0.503773,-0.198635,-0.622758,-0.538812,0.107898,-0.452184,-0.491381,-0.03506,-0.357594,-0.454042,-0.088427,-0.174642,-0.40094,-0.048506,-0.145766,-0.545005,0.010117,-0.053163,-0.633698,-0.041141
N,0.0,0.0,0.0,-0.028996,-0.230184,0.04015,-0.19868,-0.269585,0.083011,-0.095375,-0.307399,-0.038706,-0.286158,-0.335582,0.015968,-0.489006,-0.517798,-0.022375,-0.509083,-0.494432,-0.107141,-0.567402,-0.594575,-0.000568,-0.856823,-0.362526,0.048099,-0.923914,-0.547968,-0.144357,-0.933071,-0.50874,0.001279,-1.0,-0.575033,0.020977,-0.758344,-0.545884,0.042709,-0.873549,-0.475568,-0.095689,-0.695719,-0.273515,0.009773,-0.551276,-0.439246,0.004423,-0.447969,-0.370036,0.027537,-0.280657,-0.421302,0.034961,-0.177753,-0.412448,-0.032651,-0.195255,-0.359794,-0.162847,-0.100894,-0.407374,-0.129553
N,0.0,0.0,0.0,0.259669,-0.317287,-0.060849,0.057173,-0.460637,0.135193,0.033424,-0.384824,0.081885,-0.045557,-0.639724,0.115558,-0.333611,-0.467553,0.191373,-0.479444,-0.679292,0.194989,-0.696607,-0.910407,-0.047318,-0.792846,-0.636785,0.10352,-0.850701,-0.714554,-0.058781,-0.713164,-0.635241,0.007952,-0.898207,-0.652356,0.012059,-1.0,-0.545992,0.140696,-0.718866,-0.676853,0.067441,-0.851883,-0.700826,0.242743,-0.428782,-0.745085,0.034186,-0.47863,-0.627591,0.094072,-0.018065,-0.491055,0.071979,-0.039631,-0.644173,0.171205,0.194229,-0.7266,-0.097383,0.130093,-0.684273,0.04799
N,0.0,0.0,0.0,0.051326,0.012126,0.187292,0.003696,-0.099283,0.0209,-0.13485,-0.337269,0.122704,-0.24568,-0.406607,-0.041037,-0.291207,-0.40652,0.159072,-0.449303,-0.467035,0.062738,-0.664635,-0.529627,0.066106,-0.832547,-0.415479,0.020587,-0.682782,-0.655571,-0.141817,-0.864713,-0.533029,-0.081054,-1.0,-0.539542,-0.01177,-0.95607,-0.517955,0.024151,-0.692776,-0.471429,-0.048617,-0.626161,-0.43072,-0.080892,-0.527885,-0.435305,0.057541,-0.396304,-0.415666,0.043156,-0.131033,-0.360787,0.27016,-0.1559,-0.308491,0.021795,-0.062628,-0.45067,-0.123002,0.125529,-0.498768,-0.078456
N,0.0,0.0,0.0,0.083701,-0.191625,0.04795,-0.030259,-0.194104,0.24692,0.012092,-0.426872,0.062166,-0.154847,-0.585611,0.206052,-0.334333,-0.621549,0.068927,-0.505597,-0.691664,0.108359,-0.597652,-0.715702,-0.045226,-0.836943,-0.809851,-0.167395,-0.952681,-0.793882,0.111502,-1.0,-0.659589,-0.090238,-0.809512,-0.688031,-0.128864,-0.855565,-0.615747,0.100404,-0.835005,-0.591801,-0.102526,-0.626906,-0.560995,0.0377,-0.569284,-0.562438,0.134784,-0.470577,-0.459305,-0.069911,-0.400901,-0.401382,-0.030771,-0.094414,-0.55934,0.064347,0.006632,-0.483908,-0.111249,0.125247,-0.631429,-0.144722
N,0.0,0.0,0.0,-0.015184,0.111293,0.186691,0.060253,-0.091325,0.306231,-0.03173,-0.277914,0.193403,-0.341264,-0.301945,0.318552,-0.483545,-0.460784,0.075744,-0.615546,-0.113652,0.264191,-0.959667,-0.459224,0.067393,-0.763144,-0.57057,0.013379,-0.975489,-0.531411,0.139994,-1.0,-0.378786,0.021529,-0.900669,-0.529679,0.150874,-0.965906,-0.329492,-0.076974,-0.901841,-0.271363,0.131173,-0.85651,-0.391082,0.201553,-0.641106,-0.211704,0.273203,-0.368034,-0.20644,0.145106,-0.152802,-0.201295,0.166916,-0.276074,-0.498045,0.23856,-0.1727,-0.41415,0.171812,-0.083221,-0.193252,0.1283
N,0.0,0.0,0.0,-0.071117,-0.1746,0.194869,-0.18223,-0.195612,0.330683,-0.353567,-0.352603,0.320435,-0.3982,-0.420976,0.23338,-0.363121,-0.4461,0.349879,-0.519942,-0.562476,0.205529,-0.620126,-0.658258,0.216265,-0.812135,-0.612938,0.118288,-0.956516,-0.544759,0.238745,-0.925252,-0.670221,0.241871,-0.892276,-0.577165,0.101294,-1.0,-0.456249,0.033983,-0.784094,-0.53284,0.207662,-0.998075,-0.596902,0.159343,-0.699245,-0.396096,0.240672,-0.368454,-0.399638,0.175987,-0.290877,-0.466922,0.17671,-0.263966,-0.334081,0.270107,-0.104716,-0.339493,0.244869,-0.207533,-0.485099,0.268317
O,0.0,0.0,0.0,0.096354,-0.021535,0.227683,-0.014704,-0.17244,0.007536,-0.266143,-0.23365,-0.112167,-0.32154,-0.355562,0.155986,-0.658209,-0.435352,0.048776,-0.563589,-0.579821,0.038969,-0.862636,-0.585886,0.175141,-0.856284,-0.597025,-0.009212,-1.0,-0.642074,0.056998,-0.712024,-0.455567,0.091449,-0.731095,-0.467733,0.142942,-0.815117,-0.433354,-0.043289,-0.754569,-0.482412,0.049341,-0.650651,-0.283317,0.093243,-0.453823,-0.190636,0.204104,-0.284361,-0.282391,0.085444,-0.173752,-0.408358,0.152598,0.025251,-0.482843,0.145538,0.127023,-0.487022,0.071857,0.028954,-0.638466,-0.035223
O,0.0,0.0,0.0,-0.079546,-0.126391,-0.086857,-0.221838,-0.158069,-0.068606,-0.309932,-0.273713,-0.036717,-0.451557,-0.295439,-0.121762,-0.693639,-0.354917,-0.014183,-0.68583,-0.571125,-0.034419,-0.762077,-0.390869,-0.265044,-0.713551,-0.416841,-0.125161,-0.999988,-0.50778,-0.103022,-1.0,-0.501936,-0.143359,-0.948268,-0.354862,-0.085184,-0.801669,-0.38456,-0.177828,-0.694531,-0.425053,-0.133902,-0.659636,-0.262864,-0.020852,-0.571975,-0.251317,-0.143958,-0.254285,-0.227935,0.059457,-0.241544,-0.357864,-0.116499,-0.136589,-0.42735,-0.274523,-0.116478,-0.392111,-0.095486,-0.024227,-0.436631,-0.073892
O,0.0,0.0,0.0,-0.225042,0.030752,-0.099765,-0.051065,-0.092967,-0.069233,-0.282173,-0.337706,-0.157433,-0.472918,-0.341165,-0.072323,-0.358564,-0.398163,-0.198927,-0.580529,-0.456346,-0.098946,-0.733337,-0.405826,-0.207344,-0.730598,-0.471983,-0.254598,-0.928396,-0.421237,-0.31951,-0.937511,-0.374086,-0.175462,-1.0,-0.405725,-0.311607,-0.830691,-0.286134,-0.176967,-0.836601,-0.377472,-0.142529,-0.530393,-0.245282,-0.223193,-0.498565,-0.278904,-0.170345,-0.283421,-0.409208,-0.098428,-0.101027,-0.303321,-0.114837,0.002608,-0.36714,-0.09844,0.018527,-0.44682,-0.100383,0.17909,-0.342332,-0.123848
O,0.0,0.0,0.0,-0.124759,-0.28604,-0.087539,-0.149526,-0.325783,0.077094,-0.126851,-0.559618,-0.019034,-0.222456,-0.332099,0.041049,-0.563725,-0.410171,0.10791,-0.755241,-0.385119,0.043287,-0.712865,-0.445146,0.013934,-0.846653,-0.491431,-0.054905,-0.894693,-0.543106,-0.038514,-0.850099,-0.508035,-0.006861,-0.961802,-0.505575,0.11794,-1.0,-0.442706,-0.095648,-0.704441,-0.419119,-0.017938,-0.815457,-0.268868,-0.0614,-0.507067,-0.296833,0.212824,-0.445413,-0.421599,0.021245,-0.317734,-0.504189,0.166169,-0.194859,-0.397936,0.072994,0.019746,-0.51219,0.030162,-0.131473,-0.457551,0.003432
O,0.0,0.0,0.0,-0.008271,-0.14076,-0.100441,-0.162257,-0.272905,-0.05604,-0.231784,-0.3224,0.035087,-0.276459,-0.381562,0.033228,-0.420189,-0.524405,-0.054243,-0.629257,-0.551134,-0.146227,-0.681905,-0.59983,0.102276,-0.812518,-0.646967,-0.004414,-0.887234,-0.503762,-0.103782,-0.985038,-0.618618,-0.162741,-1.0,-0.506723,-0.056789,-0.954344,-0.378153,-0.021726,-0.556186,-0.445122,0.161407,-0.562324,-0.534937,-0.078722,-0.456604,-0.498222,-0.042861,-0.460076,-0.193017,0.111783,-0.230999,-0.246857,0.114834,0.007553,-0.427733,-0.023124,-0.094163,-0.434267,-0.084785,-0.048655,-0.397356,0.006089
O,0.0,0.0,0.0,0.005319,-0.060195,0.02341,0.090956,-0.24571,0.068678,-0.247473,-0.428263,0.140053,-0.206593,-0.492258,-0.086418,-0.314142,-0.442749,-0.085292,-0.680464,-0.427189,-0.057555,-0.758277,-0.652531,-0.01364,-0.933084,-0.589013,-0.172968,-1.0,-0.709055,-0.177583,-0.857374,-0.524505,-0.084632,-0.945352,-0.443742,-0.004342,-0.927152,-0.491643,-0.014579,-0.678849,-0.268104,-0.078464,-0.565306,-0.337335,0.143843,-0.451508,-0.537618,-0.11993,-0.25308,-0.398179,0.03459,-0.157811,-0.35419,0.058214,-0.032821,-0.502075,0.078103,-0.024148,-0.420666,-0.059152,0.11343,-0.41795,0.000928
O,0.0,0.0,0.0,-0.16163,-0.191846,0.090555,-0.16774,-0.132399,0.118268,-0.39075,-0.350219,0.125893,-0.437407,-0.308812,-0.070821,-0.459914,-0.333165,-0.021192,-0.546551,-0.518573,-0.024015,-0.741444,-0.363429,-0.128732,-0.9245,-0.400579,0.06434,-0.865773,-0.397804,-0.043949,-1.0,-0.394639,0.052569,-0.98533,-0.423717,0.043287,-0.839194,-0.409594,-0.113145,-0.948129,-0.334139,-0.0759,-0.648432,-0.438767,0.137242,-0.607099,-0.35424,-0.003635,-0.511944,-0.181444,0.084976,-0.318983,-0.380534,0.02476,-0.275563,-0.503474,-0.037882,-0.101202,-0.38435,-0.020508,-0.029325,-0.346867,0.108532
O,0.0,0.0,0.0,0.197112,-0.043147,-0.112533,0.084489,-0.159365,-0.207223,-0.049216,-0.333062,0.051602,-0.196644,-0.197235,-0.031526,-0.502219,-0.683531,-0.136562,-0.535801,-0.446881,-0.132182,-0.762736,-0.530365,-0.069314,-0.748933,-0.601962,-0.19698,-0.734328,-0.374248,-0.19,-0.845599,-0.312267,-0.01767,-1.0,-0.473384,-0.287609,-0.946634,-0.445092,-0.080045,-0.805971,-0.659009,-0.053807,-0.525696,-0.297767,-0.065238,-0.437545,-0.320966,0.00807,-0.260718,-0.548699,0.102698,-0.132875,-0.454123,-0.074355,0.057586,-0.424839,-0.110428,0.116703,-0.384064,-0.162692,0.231352,-0.616271,0.070279
O,0.0,0.0,0.0,-0.199302,-0.041491,0.058935,-0.168379,-0.112913,0.013393,-0.299039,-0.312851,0.061429,-0.477648,-0.30807,0.039041,-0.454237,-0.353848,-0.124918,-0.733399,-0.487894,-0.071163,-0.734065,-0.622524,0.063311,-0.826394,-0.457082,-0.033351,-0.955186,-0.452924,0.013138,-1.0,-0.402845,-0.131305,-0.927487,-0.43996,-0.025291,-0.972559,-0.356527,-0.04045,-0.705337,-0.339094,0.021306,-0.734844,-0.307808,0.039994,-0.596579,-0.342344,-0.040375,-0.440716,-0.35011,0.041883,-0.365446,-0.317289,-0.056836,-0.117264,-0.328325,-0.004455,-0.079095,-0.239655,-0.021865,-0.189091,-0.338193,-0.147797
O,0.0,0.0,0.0,-0.047024,-0.189391,0.052659,-0.139379,-0.248717,0.170678,-0.086066,-0.372299,0.021045,-0.442577,-0.689055,0.158221,-0.475976,-0.599234,-0.100002,-0.738097,-0.755818,0.152395,-0.72343,-0.745819,0.143058,-0.940685,-0.619939,0.01747,-0.958578,-0.666346,-0.01975,-0.999714,-0.601071,0.002016,-1.0,-0.501813,-0.077023,-0.861779,-0.584776,-0.057876,-0.814638,-0.575909,0.092189,-0.668925,-0.379257,-0.016795,-0.692501,-0.436851,0.21602,-0.320736,-0.536771,-0.005666,-0.052251,-0.497259,-0.014757,0.000204,-0.502727,-0.117201,0.160839,-0.486357,-0.099952,0.151601,-0.681922,-0.090916
O,0.0,0.0,0.0,-0.013183,-0.138719,-0.340939,0.025086,-0.279389,-0.001104,-0.166478,-0.447197,-0.180843,-0.316311,-0.594197,-0.143622,-0.379644,-0.629652,0.001843,-0.609379,-0.510758,-0.061716,-0.776269,-0.70976,-0.262472,-0.865408,-0.817258,-0.10044,-0.979629,-0.696997,-0.417439,-1.0,-0.737622,-0.145735,-0.912891,-0.589441,-0.172781,-0.787306,-0.604154,-0.304036,-0.793751,-0.606517,-0.437602,-0.736732,-0.398752,-0.16142,-0.506361,-0.732742,-0.237258,-0.298856,-0.578221,-0.214395,-0.082234,-0.604919,-0.240716,-0.063588,-0.639826,-0.220153,0.018598,-0.67025,-0.317818,0.119516,-0.607014,-0.222854
O,0.0,0.0,0.0,-0.016481,-0.083867,0.174086,-0.164865,-0.18747,0.190113,-0.2505,-0.168422,0.219141,-0.302508,-0.224837,0.06393,-0.432193,-0.346702,0.204456,-0.588376,-0.456432,0.191796,-0.860252,-0.565903,0.163895,-0.88334,-0.470422,0.047147,-0.911851,-0.495429,0.092363,-1.0,-0.504938,0.081388,-0.858922,-0.453914,0.098995,-0.908574,-0.434666,0.218627,-0.897654,-0.362268,0.088562,-0.637359,-0.318293,0.258324,-0.491262,-0.302277,0.23898,-0.346277,-0.367171,0.24347,-0.256987,-0.269635,0.1476,-0.232956,-0.404058,-0.091501,-0.14308,-0.18708,0.198039,-0.02495,-0.352252,0.096602
O,0.0,0.0,0.0,-0.058986,-0.087722,0.085211,0.016193,-0.109565,-0.017322,-0.220007,-0.366499,-0.096736,-0.323711,-0.314266,0.106554,-0.440594,-0.446757,0.006375,-0.644667,-0.35896,0.092858,-0.861006,-0.481024,0.138691,-0.785044,-0.400289,-0.094927,-0.899899,-0.520405,0.055771,-1.0,-0.541437,0.010349,-0.986979,-0.426119,-0.135095,-0.764296,-0.629018,0.11356,-0.803955,-0.492255,0.08059,-0.566377,-0.261041,0.176015,-0.560979,-0.314034,-0.035305,-0.343902,-0.294872,0.075848,-0.356739,-0.373208,0.2434,-0.069822,-0.387918,0.064631,0.012848,-0.511525,-0.062602,-0.029503,-0.490115,0.169628
O,0.0,0.0,0.0,-0.189296,-0.130863,-0.036861,-0.189663,-0.071336,0.082384,-0.307733,-0.340348,-0.050512,-0.358553,-0.306907,0.067682,-0.554493,-0.392759,0.019084,-0.52673,-0.364857,-0.102377,-0.871003,-0.454017,-0.066593,-0.898617,-0.509438,0.003649,-1.0,-0.313297,-0.101022,-0.86734,-0.478914,-0.158579,-0.906562,-0.495121,-0.025557,-0.841051,-0.423308,-0.005815,-0.672657,-0.3493,-0.047457,-0.602505,-0.281574,0.005047,-0.399202,-0.315974,0.147168,-0.411122,-0.223773,0.024948,-0.216188,-0.439381,0.190465,-0.104893,-0.239243,-0.085823,-0.037179,-0.365243,-0.08469,0.085923,-0.397031,-0.032874
O,0.0,0.0,0.0,-0.079682,-0.032213,0.089801,-0.197088,-0.185255,-0.01924,-0.324976,-0.150936,0.030157,-0.32821,-0.292672,-0.035985,-0.666289,-0.486933,-0.05224,-0.612673,-0.318773,0.00153,-0.746111,-0.487716,-0.077683,-0.858398,-0.440967,0.007642,-0.979102,-0.476196,-0.076114,-0.983842,-0.409788,-0.130391,-0.998333,-0.51746,-0.073292,-1.0,-0.602216,0.144378,-0.892677,-0.406956,0.12296,-0.800156,-0.417209,0.003383,-0.608269,-0.333889,-0.03793,-0.441004,-0.149767,-0.088871,-0.226955,-0.163803,-0.022221,-0.148894,-0.314394,-0.125035,-0.001265,-0.343213,-0.05618,-0.168179,-0.364462,-0.026901
O,0.0,0.0,0.0,-0.312748,-0.143204,0.064662,-0.134835,-0.122101,0.089177,-0.197032,-0.282959,0.003582,-0.452963,-0.298992,0.034696,-0.466737,-0.504665,0.133634,-0.601669,-0.493879,0.108361,-0.714109,-0.546511,0.041874,-0.775752,-0.427953,0.014615,-0.757086,-0.550128,-0.093615,-1.0,-0.482309,0.015611,-0.877166,-0.502718,0.179541,-0.727702,-0.506249,0.037086,-0.742699,-0.35007,-0.039845,-0.753945,-0.455636,0.188523,-0.555384,-0.296898,0.137408,-0.393683,-0.287703,0.0141,-0.292957,-0.503567,0.097439,-0.213027,-0.219699,0.078055,-0.027443,-0.362642,0.047587,0.024165,-0.458098,0.065569
O,0.0,0.0,0.0,-0.232779,-0.109828,0.061669,-0.248601,-0.294023,-0.078985,-0.408982,-0.264391,0.079283,-0.428391,-0.310365,0.038948,-0.646043,-0.352179,0.073639,-0.770298,-0.382623,0.102695,-0.754408,-0.382458,-0.02886,-0.8353,-0.463199,0.137074,-0.887849,-0.419354,0.106617,-1.0,-0.395325,0.14128,-0.89814,-0.397706,-0.011947,-0.96369,-0.398741,-0.030402,-0.834249,-0.358959,0.107785,-0.741395,-0.366104,0.119188,-0.550824,-0.325452,0.11196,-0.491671,-0.316024,0.176271,-0.369362,-0.333785,0.068205,-0.392215,-0.33778,0.067903,-0.064454,-0.355468,0.05998,-0.133717,-0.263108,0.077721
O,0.0,0.0,0.0,0.024966,-0.330161,0.257269,0.094646,-0.228832,0.210279,-0.066779,-0.458441,0.148847,-0.312365,-0.587637,0.073212,-0.227485,-0.615278,0.194594,-0.404293,-0.565536,0.020561,-0.77784,-0.649339,0.250186,-0.705802,-0.623891,0.02246,-0.864459,-0.645958,0.043359,-0.996351,-0.716142,0.056573,-1.0,-0.663137,0.044762,-0.80976,-0.48144,-0.040496,-0.837958,-0.429385,0.231178,-0.686411,-0.578243,0.159475,-0.442593,-0.479994,0.06296,-0.229879,-0.495054,0.108483,-0.238409,-0.415437,0.090816,-0.023363,-0.407102,0.013058,0.063222,-0.68218,0.0314,0.226709,-0.744654,0.070514
O,0.0,0.0,0.0,-0.216913,-0.262137,0.165013,-0.2384,-0.342751,0.005975,-0.379138,-0.334652,0.24259,-0.360213,-0.336613,0.158524,-0.424155,-0.387533,0.161861,-0.714632,-0.519832,-0.024261,-0.762168,-0.661807,0.113973,-0.903111,-0.436344,-0.086428,-0.851992,-0.393103,0.005111,-0.912775,-0.538991,0.002026,-0.866542,-0.46572,0.11262,-1.0,-0.438766,-0.102014,-0.774385,-0.401954,0.036594,-0.637793,-0.38129,0.256457,-0.510798,-0.341936,0.03342,-0.500979,-0.306776,0.045583,-0.25466,-0.34717,0.067735,-0.214095,-0.372054,0.075465,-0.009761,-0.361153,0.064782,-0.057561,-0.45634,-0.048568
O,0.0,0.0,0.0,0.304334,0.052254,0.201684,0.155506,-0.320372,0.055687,0.130897,-0.120686,0.110771,-0.358288,-0.292855,-0.106391,-0.313469,-0.226777,-0.07819,-0.492839,-0.539401,-0.071365,-0.788421,-0.292795,-0.2157,-0.862071,-0.350341,-0.333603,-0.915205,-0.474035,-0.214971,-0.865951,-0.278922,-0.072633,-1.0,-0.57398,-0.106314,-0.903,-0.386507,-0.149574,-0.817283,-0.328341,-0.194392,-0.477777,-0.37211,-0.02374,-0.430038,-0.194765,0.045705,-0.145939,-0.374422,-0.033936,0.153795,-0.295644,0.08434,0.139576,-0.323775,-0.032013,0.166093,-0.252292,-0.173744,0.372615,-0.3137,-0.069781
O,0.0,0.0,0.0,-0.01137,-0.16936,0.02182,-0.024771,-0.154571,0.185166,-0.17022,-0.210729,0.054488,-0.224449,-0.336239,0.107443,-0.458226,-0.39001,0.141682,-0.601683,-0.554619,-0.008154,-0.74515,-0.637162,0.099826,-1.0,-0.530156,-0.001249,-0.960968,-0.570111,-0.220832,-0.986575,-0.597675,-0.057639,-0.682132,-0.610357,0.055179,-0.933391,-0.538172,-0.06301,-0.679781,-0.33434,0.019882,-0.568964,-0.483475,0.059529,-0.442454,-0.459133,0.046516,-0.345579,-0.366875,0.021951,-0.028802,-0.443755,0.174972,-0.04158,-0.464616,0.116463,-0.070613,-0.437006,0.120966,-0.002067,-0.470692,-0.014552
O,0.0,0.0,0.0,-0.195494,-0.057103,0.207196,-0.1205,-0.268949,0.085838,-0.153437,-0.213909,0.148315,-0.342278,-0.339683,0.08214,-0.59651,-0.484149,0.032581,-0.64191,-0.636653,0.075327,-0.949558,-0.493298,0.10273,-0.824276,-0.604156,0.040339,-0.905207,-0.394692,0.009467,-0.90487,-0.542568,-0.084598,-0.898718,-0.411699,-0.055356,-1.0,-0.437417,0.018388,-0.790184,-0.34441,0.119318,-0.682977,-0.461714,0.004022,-0.588672,-0.372446,0.034184,-0.415795,-0.348417,0.026665,-0.235172,-0.21783,0.054511,-0.19822,-0.359773,-0.013326,-0.07281,-0.478034,-0.058505,-0.085073,-0.536047,-0.079166
O,0.0,0.0,0.0,-0.207034,-0.140729,-0.014717,-0.074921,-0.25829,-0.112345,-0.265716,-0.331408,0.09157,-0.35608,-0.372356,-0.043314,-0.52288,-0.526634,-0.034702,-0.667492,-0.402065,-0.115582,-0.698496,-0.430243,-0.066087,-0.74669,-0.598024,-0.064081,-0.888306,-0.472954,-0.167282,-1.0,-0.392885,-0.0497,-0.771705,-0.298283,-0.19344,-0.849309,-0.383227,-0.010191,-0.662788,-0.439316,-0.088991,-0.560839,-0.456938,-0.106109,-0.502715,-0.193142,-0.134152,-0.404601,-0.284604,0.07566,-0.263598,-0.447983,-0.114092,-0.105015,-0.317116,-0.119464,-0.092134,-0.360965,-0.229894,-0.225382,-0.410985,0.049738
O,0.0,0.0,0.0,-0.011151,0.14388,0.13907,-0.182695,0.041604,0.262558,-0.203006,-0.195971,0.253805,-0.427054,-0.249091,0.124677,-0.547238,-0.218866,-0.002766,-0.756311,-0.348495,0.221576,-0.900027,-0.365275,0.178331,-0.932011,-0.223628,0.080087,-0.851369,-0.173929,0.118156,-0.995643,-0.275681,0.148124,-1.0,-0.196951,0.135346,-0.834866,-0.37476,0.133905,-0.764112,-0.314753,0.176277,-0.667462,-0.051936,0.136288,-0.552807,-0.214999,0.166596,-0.28783,-0.163126,0.123178,-0.292115,-0.209199,0.135205,-0.201338,-0.231876,0.05531,-0.065184,-0.313635,0.219136,-0.049575,-0.262982,0.136254
O,0.0,0.0,0.0,0.042854,0.086431,-0.066827,0.064518,-0.16992,-0.011192,2e-06,-0.280328,-0.116563,-0.324533,-0.293789,-0.082871,-0.422168,-0.461356,-0.107961,-0.572589,-0.456847,-0.248386,-0.663545,-0.575114,-0.132763,-0.797034,-0.537788,0.005223,-0.720953,-0.442724,-0.078849,-0.77215,-0.577081,-0.277725,-1.0,-0.42661,-0.246033,-0.777097,-0.433998,-0.191166,-0.641029,-0.398319,-0.150284,-0.634368,-0.329413,0.066335,-0.356354,-0.153893,-0.12995,-0.25428,-0.320085,-0.097042,-0.012265,-0.492055,-0.127931,0.138731,-0.385443,-0.040676,0.139835,-0.393636,-0.110716,0.131003,-0.608773,-0.122153
O,0.0,0.0,0.0,0.035319,0.076824,-0.028149,-0.002763,-0.107523,0.039103,-0.152957,-0.312547,0.049548,-0.318063,-0.308429,0.023877,-0.270654,-0.506035,-0.01167,-0.558844,-0.49769,0.005835,-0.732381,-0.552616,-0.096149,-0.717868,-0.56199,-0.104902,-0.94366,-0.426373,-0.113951,-0.949311,-0.40966,-0.022297,-0.86831,-0.341992,-0.047751,-1.0,-0.333803,0.044609,-0.903302,-0.414803,0.100092,-0.764911,-0.286278,-0.042643,-0.381839,-0.231753,0.079993,-0.342367,-0.085863,-0.041399,-0.177848,-0.151888,0.128883,-0.107915,-0.44111,-0.041474,0.141253,-0.38211,-0.01153,0.021996,-0.387803,0.047255
O,0.0,0.0,0.0,-0.048024,-0.273123,-0.026585,-0.23101,-0.449342,0.023639,-0.1752,-0.561285,0.039058,-0.392264,-0.601119,-0.0557,-0.453522,-0.55167,-0.023505,-0.633947,-0.730492,-0.026306,-0.824738,-0.512721,-0.121455,-0.718201,-0.68978,-0.119037,-0.977811,-0.767837,-0.020111,-0.972109,-0.603488,0.003044,-0.971144,-0.631012,-0.098081,-1.0,-0.732069,-0.204636,-0.709476,-0.583071,-0.004428,-0.701698,-0.650498,0.023157,-0.610481,-0.463405,0.041125,-0.401616,-0.462761,-0.137296,-0.037872,-0.471499,0.023435,-0.077441,-0.539212,-0.04941,0.016946,-0.597784,-0.048728,0.01362,-0.684761,-0.067258
O,0.0,0.0,0.0,0.187218,-0.073772,-0.181167,-0.003541,-0.313938,-0.081574,-0.149822,-0.512306,0.069575,-0.338466,-0.373158,-0.045145,-0.411788,-0.543585,0.029203,-0.827012,-0.610784,-0.118791,-0.722619,-0.589017,-0.213887,-0.957785,-0.80644,-0.262977,-0.869442,-0.630532,-0.115656,-1.0,-0.69056,-0.045949,-0.846654,-0.554149,-0.341897,-0.693753,-0.591497,-0.14009,-0.717419,-0.530307,-0.14328,-0.601704,-0.454633,-0.027673,-0.34423,-0.585179,-0.13634,-0.210705,-0.617137,-0.070413,-0.200869,-0.435118,-0.170779,-0.031164,-0.536796,-0.095017,0.182019,-0.466278,-0.125854,0.048852,-0.396201,-0.177836
O,0.0,0.0,0.0,-0.110783,-0.082763,0.12082,-0.259231,-0.200943,-0.064908,-0.151948,-0.206276,0.009705,-0.333009,-0.413456,-0.146521,-0.482707,-0.422432,0.004324,-0.813522,-0.564742,-0.119547,-0.695774,-0.42983,-0.118653,-0.809281,-0.517239,0.08239,-0.874649,-0.501091,-0.121739,-1.0,-0.410831,-0.083374,-0.880136,-0.417759,-0.162198,-0.679397,-0.525624,0.08531,-0.716372,-0.398175,0.030885,-0.629604,-0.282293,0.024932,-0.433205,-0.256465,0.003974,-0.288507,-0.28436,0.109278,-0.259971,-0.231831,-0.042922,-0.271067,-0.438945,-0.029268,-0.042509,-0.38087,0.026383,-0.103292,-0.31613,0.044537
O,0.0,0.0,0.0,-0.051167,-0.134297,0.196036,-0.111052,-0.246806,0.172633,-0.186365,-0.403559,0.176798,-0.427321,-0.440909,-0.038328,-0.578617,-0.516186,0.104535,-0.668554,-0.607866,0.09097,-0.683875,-0.569679,0.182961,-0.764125,-0.59769,0.114649,-1.0,-0.624284,0.073242,-0.895427,-0.421692,0.054957,-0.901841,-0.501836,0.201984,-0.766678,-0.452335,0.151,-0.749157,-0.374464,0.17721,-0.683185,-0.416061,0.147748,-0.525533,-0.439543,0.172129,-0.441836,-0.436989,0.142683,-0.266101,-0.316612,0.192009,-0.104937,-0.299378,0.08516,-0.058023,-0.407324,0.122475,-0.005492,-0.506406,0.130946
O,0.0,0.0,0.0,0.163426,-0.190713,-0.041213,-0.097108,-0.262083,0.011217,-0.040822,-0.25328,0.011581,-0.327066,-0.425652,0.201404,-0.546046,-0.58251,-0.013372,-0.522971,-0.456376,-0.027894,-0.847749,-0.575708,-0.22629,-0.796241,-0.528577,-0.109866,-1.0,-0.628592,-0.247224,-0.931599,-0.272862,-0.118446,-0.94235,-0.490347,-0.193222,-0.93549,-0.524853,0.000171,-0.709136,-0.450112,0.0147,-0.459121,-0.343198,-0.110541,-0.608524,-0.528967,0.062755,-0.357281,-0.304059,-0.045772,-0.114039,-0.320585,-0.083357,0.04662,-0.460046,-0.096855,0.136689,-0.396145,-0.024812,0.023278,-0.545501,-0.03019
O,0.0,0.0,0.0,-0.214115,-0.092559,0.085101,-0.264993,-0.274527,-0.015892,-0.262004,-0.269157,0.163666,-0.361749,-0.438873,0.120063,-0.45652,-0.409831,0.105437,-0.649341,-0.560407,0.149983,-0.765472,-0.449518,0.16959,-0.787633,-0.459079,-0.058507,-0.942071,-0.448231,-0.043078,-1.0,-0.614853,-0.021647,-0.915861,-0.426931,-0.059842,-0.767575,-0.537973,-0.055521,-0.767224,-0.432504,0.073519,-0.749401,-0.390402,-0.049733,-0.700003,-0.281904,0.130658,-0.447721,-0.514298,0.039073,-0.310782,-0.422063,0.157246,-0.207664,-0.469457,-0.054131,-0.12562,-0.392774,0.073206,-0.039495,-0.46398,0.013791
O,0.0,0.0,0.0,-0.083568,-0.113442,-0.019769,-0.187196,-0.260493,-0.032579,-0.256793,-0.406537,0.063384,-0.353112,-0.369379,0.024619,-0.554759,-0.381981,-0.036508,-0.642186,-0.49578,-0.024756,-0.552533,-0.49274,-0.094377,-0.688382,-0.65144,-0.111339,-0.912152,-0.535505,-0.064547,-0.866468,-0.490205,-0.044527,-0.883764,-0.406474,-0.185764,-1.0,-0.414859,-0.08089,-0.626194,-0.365245,0.00243,-0.667098,-0.364554,-0.045636,-0.507107,-0.414219,0.010709,-0.401747,-0.316527,0.026005,-0.300676,-0.420074,-0.098863,-0.298346,-0.346787,-0.053282,-0.17574,-0.415905,-0.09869,-0.059003,-0.585251,-0.025648
O,0.0,0.0,0.0,-0.025416,-0.250829,0.223954,-0.088212,-0.113524,0.051291,-0.304074,-0.366129,0.07515,-0.362809,-0.265813,0.010464,-0.537897,-0.411078,-0.058562,-0.632383,-0.496227,0.070818,-0.725632,-0.383658,-0.050458,-0.896824,-0.495023,0.013508,-0.885758,-0.639032,0.149047,-0.901957,-0.633822,0.032801,-1.0,-0.419404,-0.099143,-0.784626,-0.548082,-0.053812,-0.756555,-0.470558,0.000574,-0.76154,-0.4214,0.128482,-0.371952,-0.314951,0.126735,-0.498938,-0.370322,0.029425,-0.355168,-0.469007,0.118975,-0.173813,-0.50646,0.003652,-0.030532,-0.486352,-0.061877,-0.077954,-0.426875,-0.14848
O,0.0,0.0,0.0,-0.093087,-0.024125,0.159248,-0.088852,-0.247033,0.109091,-0.177231,-0.306124,0.141656,-0.371138,-0.622809,0.088465,-0.435296,-0.436345,0.115285,-0.653333,-0.498437,0.079401,-0.608301,-0.443822,0.097528,-0.846142,-0.622854,0.118018,-0.85747,-0.483443,0.007908,-0.910573,-0.510844,0.069198,-1.0,-0.613813,-0.069335,-0.862595,-0.454728,0.033915,-0.877653,-0.373861,-0.011443,-0.61218,-0.47867,0.025642,-0.585267,-0.302014,0.068865,-0.330018,-0.248755,0.246769,-0.208308,-0.430395,0.196067,0.007434,-0.372266,0.182449,-0.00073,-0.538951,0.006096,-0.021417,-0.497174,-0.040493
O,0.0,0.0,0.0,-0.021067,-0.173351,0.120252,-0.011713,-0.364026,0.219554,-0.244847,-0.579021,0.159299,-0.445758,-0.515337,0.095,-0.542944,-0.455135,0.193892,-0.725273,-0.625114,0.136767,-0.901851,-0.620333,0.20087,-0.873859,-0.681656,0.057447,-0.877027,-0.671334,0.074493,-1.0,-0.464991,0.071374,-0.857638,-0.579896,-0.102776,-0.881534,-0.660666,0.206442,-0.853159,-0.491711,0.233182,-0.597221,-0.500984,0.142415,-0.48258,-0.588348,0.203354,-0.2354,-0.541034,0.192995,-0.187074,-0.451129,0.138179,-0.181188,-0.591964,-0.026357,0.091894,-0.511736,0.136217,0.018784,-0.619172,0.111253
O,0.0,0.0,0.0,-0.093533,0.005259,-0.199726,0.047172,-0.352723,-0.024209,-0.233985,-0.273916,-0.062488,-0.268698,-0.487191,-0.058737,-0.442104,-0.449016,-0.079625,-0.646022,-0.39986,-0.065232,-0.703708,-0.417326,-0.021422,-0.894676,-0.307357,-0.105712,-0.92183,-0.295045,-0.1777,-1.0,-0.490028,-0.187681,-0.806986,-0.432216,-0.125571,-0.825546,-0.30256,-0.137466,-0.751284,-0.41097,-0.121415,-0.573936,-0.274445,0.060942,-0.48381,-0.32945,-0.02481,-0.36968,-0.349447,-0.027966,-0.230724,-0.328766,-0.015578,-0.0649,-0.17728,-0.009899,-0.065186,-0.400332,-0.207662,-0.037157,-0.331817,-0.146639
O,0.0,0.0,0.0,0.007473,0.04849,0.122548,0.051302,-0.153144,0.287392,-0.150473,-0.134665,0.140389,-0.201039,-0.383723,0.071851,-0.54379,-0.231774,0.143395,-0.705098,-0.404916,0.15438,-0.862691,-0.40324,0.099511,-0.92778,-0.540545,0.168227,-1.0,-0.681744,0.108461,-0.952552,-0.314987,0.114597,-0.952709,-0.409209,0.048736,-0.835504,-0.341887,-0.0125,-0.815484,-0.294419,-0.034275,-0.575551,-0.25592,0.046309,-0.506956,-0.241072,0.267765,-0.23246,-0.12568,0.219812,-0.216537,-0.309727,0.113211,-0.032457,-0.257759,0.245868,0.046451,-0.483271,0.020687,0.033312,-0.457818,-0.149225
O,0.0,0.0,0.0,-0.099662,0.096446,-0.042124,-0.132227,0.036327,0.064867,-0.316478,-0.187017,0.102402,-0.423968,-0.228095,0.126279,-0.547825,-0.023128,0.003259,-0.606411,-0.3506,0.084021,-1.0,-0.350402,0.058391,-0.891356,-0.463939,-0.02198,-0.863837,-0.243647,0.06522,-0.824415,-0.422164,-0.029669,-0.971378,-0.324926,0.018201,-0.826751,-0.235447,-0.127499,-0.782913,-0.213925,-0.10392,-0.761137,-0.308846,0.049204,-0.625129,-0.274935,0.099678,-0.534281,-0.0656,0.096093,-0.352652,-0.076151,0.094169,-0.205371,-0.190462,0.036567,-0.125455,-0.115739,-0.204354,0.018522,-0.348403,0.030104
O,0.0,0.0,0.0,0.219053,-0.293951,0.142286,-0.098425,-0.28104,0.164899,-0.047106,-0.69977,0.104391,-0.251918,-0.748464,0.216499,-0.511382,-0.748312,0.212494,-0.604831,-0.834107,0.242881,-0.726976,-0.949049,0.080553,-0.861201,-0.781558,-0.225989,-0.969528,-0.692325,0.064639,-1.0,-0.644657,-0.074977,-0.913705,-0.674386,-0.06384,-0.84454,-0.497265,0.14437,-0.74142,-0.725867,0.084136,-0.73877,-0.553759,0.119414,-0.527924,-0.499697,0.340688,-0.30726,-0.702357,0.191121,-0.117338,-0.484491,0.145901,0.085546,-0.522209,0.125673,0.180391,-0.552987,0.022908,0.247249,-0.722608,0.074462
O,0.0,0.0,0.0,0.006274,-0.176537,-0.077419,0.096288,-0.345522,-0.086074,-0.187585,-0.450077,0.032192,-0.446933,-0.510616,-0.079555,-0.550245,-0.43964,-0.161754,-0.683042,-0.609447,-0.022804,-0.62542,-0.545461,-0.205691,-0.87584,-0.476046,-0.124881,-1.0,-0.423625,-0.179552,-0.921562,-0.618972,-0.207322,-0.802197,-0.526661,-0.101244,-0.935651,-0.531882,-0.151045,-0.809589,-0.443073,-0.107015,-0.5781,-0.396283,-0.093728,-0.461199,-0.464078,-0.106885,-0.43518,-0.414922,-0.101094,-0.124372,-0.306515,-0.019629,-0.098927,-0.448014,0.103377,0.10834,-0.504008,-0.110166,0.029559,-0.632891,-0.250741
O,0.0,0.0,0.0,0.192255,-0.215851,-0.007618,-0.168148,-0.257647,0.089925,-0.140806,-0.305966,0.079365,-0.366629,-0.352485,0.051443,-0.368727,-0.578841,0.047861,-0.416488,-0.319689,-0.027492,-0.623918,-0.395333,0.14998,-0.839866,-0.702018,0.046672,-0.870797,-0.513148,0.067993,-1.0,-0.553011,-0.171747,-0.83709,-0.557292,0.021372,-0.825323,-0.493385,-0.025336,-0.720745,-0.559864,0.154794,-0.552619,-0.424816,0.072234,-0.53874,-0.388175,0.111542,-0.326278,-0.225103,-0.015573,-0.229047,-0.291894,0.293356,-0.101483,-0.293435,0.004395,0.028335,-0.421984,0.017395,0.073957,-0.601008,0.107254
O,0.0,0.0,0.0,-0.023832,-0.043167,0.082525,0.137568,-0.166635,0.087076,-0.050682,-0.218332,0.094231,-0.280812,-0.293289,0.167673,-0.308198,-0.290476,0.117035,-0.522046,-0.258991,0.028535,-0.60511,-0.345611,0.115892,-0.804296,-0.235526,0.142753,-0.733974,-0.505041,0.082989,-1.0,-0.43141,0.020862,-0.848341,-0.274319,0.032073,-0.829202,-0.303528,0.072529,-0.796559,-0.230344,0.073392,-0.483635,-0.270038,0.06171,-0.393293,-0.287475,0.11964,-0.246045,-0.261383,0.134526,-0.190089,-0.318913,0.148259,0.047876,-0.336592,0.097695,-0.080892,-0.207435,0.135651,0.020021,-0.417951,0.119078
O,0.0,0.0,0.0,-0.007114,-0.157641,0.114157,-0.150018,-0.257402,0.116413,-0.266457,-0.164297,0.03997,-0.312241,-0.378541,0.166798,-0.662275,-0.579396,0.05848,-0.547731,-0.517957,0.05544,-0.730974,-0.58381,0.089112,-0.812029,-0.495277,0.146191,-0.903475,-0.517456,-0.043957,-1.0,-0.50815,0.035284,-0.842756,-0.440035,0.057601,-0.715042,-0.473337,0.044802,-0.726351,-0.505166,0.130287,-0.6263,-0.386223,0.139725,-0.47371,-0.343698,0.085204,-0.253394,-0.470416,0.0662,-0.280244,-0.422721,-0.018826,-0.015576,-0.346066,0.044118,-0.00644,-0.442185,0.046697,-0.084473,-0.484236,0.001
O,0.0,0.0,0.0,0.147581,-0.241949,-0.029961,-0.00093,-0.324867,-0.018291,-0.134524,-0.485734,-0.042732,-0.236598,-0.345274,0.078303,-0.340704,-0.462074,0.146525,-0.593258,-0.616827,0.098644,-0.657854,-0.695584,0.021916,-0.826015,-0.62765,-0.025619,-0.982525,-0.622754,-0.005221,-0.939875,-0.528373,-0.090081,-0.861729,-0.691938,0.024772,-1.0,-0.587442,0.049196,-0.836832,-0.595202,0.152427,-0.724387,-0.463368,0.212994,-0.445126,-0.43056,0.054644,-0.365537,-0.437052,-0.043711,-0.092537,-0.413783,-0.033531,0.024677,-0.400213,0.119429,0.204256,-0.487816,0.181271,0.075566,-0.519692,-0.005589
O,0.0,0.0,0.0,0.096934,-0.064182,0.009026,0.069758,0.032761,-0.006903,-0.055677,-0.02958,0.123065,-0.299035,-0.252965,0.070699,-0.337167,-0.325635,0.079528,-0.45944,-0.465839,-0.096903,-0.632499,-0.418451,0.06148,-0.701933,-0.57137,-0.103456,-0.87583,-0.494467,-0.084369,-1.0,-0.424244,-0.125009,-0.842649,-0.28042,0.004409,-0.586831,-0.241456,0.068473,-0.707983,-0.310315,0.125945,-0.587292,-0.24964,0.027255,-0.367249,-0.154582,0.14646,-0.281056,-0.204827,0.087297,0.015844,-0.377681,0.050222,-0.03732,-0.297105,-0.042922,0.153109,-0.503874,-0.008524,0.002292,-0.419736,-0.039616
O,0.0,0.0,0.0,0.152762,-0.171738,0.017297,0.029545,-0.31853,0.041742,-0.385816,-0.352364,0.080249,-0.340378,-0.475012,-0.071853,-0.380493,-0.655291,-0.103802,-0.581838,-0.545514,0.002082,-0.729295,-0.637868,-0.072727,-1.0,-0.773886,-0.191289,-0.954744,-0.668177,-0.13819,-0.982509,-0.733877,-0.195755,-0.890457,-0.511838,-0.195625,-0.853146,-0.373028,-0.151508,-0.741105,-0.433802,-0.130516,-0.763523,-0.315458,0.020453,-0.544836,-0.329196,-0.008896,-0.270377,-0.566192,-0.085197,-0.096928,-0.208466,-0.093456,-0.138162,-0.394332,-0.053091,0.026902,-0.671051,-0.125826,0.096241,-0.749199,-0.262825
O,0.0,0.0,0.0,0.006476,-0.177173,-0.001001,0.063381,-0.085478,0.09615,-0.274864,-0.444094,0.18074,-0.220677,-0.419072,0.079986,-0.444386,-0.78081,0.169655,-0.69748,-0.596622,0.012967,-0.73428,-0.55936,0.024168,-0.907161,-0.654044,-0.016444,-1.0,-0.481678,-0.135903,-0.886917,-0.636975,-0.04384,-0.892731,-0.589841,0.160054,-0.955055,-0.600935,0.156285,-0.762711,-0.468863,0.201606,-0.553234,-0.537946,0.087516,-0.334291,-0.446308,0.116082,-0.243602,-0.563554,0.116,-0.129734,-0.465359,0.091511,-0.019397,-0.493507,0.234215,-0.091993,-0.468588,0.07041,0.148226,-0.633727,0.096554
O,0.0,0.0,0.0,-0.09024,0.04139,-0.220344,-0.209409,0.03634,-0.103613,-0.239953,-0.171466,0.034571,-0.398174,-0.131163,-0.115883,-0.49201,-0.240132,-0.054961,-0.591487,-0.336625,-0.058512,-0.824247,-0.408953,-0.179992,-0.818569,-0.405715,-0.182768,-1.0,-0.347871,-0.119764,-0.984538,-0.396613,-0.159955,-0.964032,-0.119686,-0.161908,-0.785074,-0.34859,-0.125164,-0.839397,-0.240402,-0.187398,-0.587405,-0.179778,-0.108213,-0.439858,-0.182252,-0.032984,-0.280616,-0.165775,-0.084036,-0.2182,-0.081659,-0.101356,-0.226113,-0.141731,-0.087397,-0.048644,-0.190042,-0.13366,-0.049911,-0.242423,-0.26837
O,0.0,0.0,0.0,-0.110501,-0.036177,0.096506,-0.239965,-0.299309,0.257851,-0.403643,-0.270777,0.059342,-0.332354,-0.442929,0.203139,-0.535718,-0.429648,0.060947,-0.690166,-0.477939,0.111064,-0.876208,-0.526153,0.142605,-0.854037,-0.521978,-0.060593,-0.983539,-0.411835,-0.039477,-0.872163,-0.52715,0.008136,-0.914694,-0.487525,0.0324,-1.0,-0.414255,0.075042,-0.830275,-0.365097,0.076211,-0.653583,-0.44445,0.090852,-0.66045,-0.378265,0.096,-0.405391,-0.409562,0.079319,-0.248443,-0.399467,-0.054329,-0.166961,-0.417048,0.031223,-0.121617,-0.384239,0.122355,-0.108071,-0.436015,-0.079754
O,0.0,0.0,0.0,-0.100948,-0.021909,-0.172594,-0.167495,-0.120489,-0.033838,-0.325048,-0.411456,-0.294253,-0.322755,-0.354591,-0.024895,-0.48294,-0.427768,-0.273561,-0.708988,-0.576868,-0.21559,-0.746573,-0.519682,-0.376374,-0.965198,-0.380466,-0.218278,-0.944231,-0.325613,-0.416196,-1.0,-0.388434,-0.228796,-0.905726,-0.348818,-0.17702,-0.850433,-0.458165,-0.290492,-0.941615,-0.263976,-0.143121,-0.785437,-0.339168,-0.344318,-0.566237,-0.352527,-0.286879,-0.418676,-0.140107,-0.136768,-0.304129,-0.291339,-0.064237,-0.079305,-0.333565,-0.186033,-0.168361,-0.348302,-0.189156,0.026751,-0.455633,-0.193332
O,0.0,0.0,0.0,-0.07569,-0.16709,-0.17127,-0.069935,-0.25724,-0.041578,-0.295678,-0.277893,0.069369,-0.426983,-0.499552,0.00199,-0.605337,-0.468848,-0.060528,-0.585954,-0.628825,-0.162421,-0.69671,-0.323722,-0.25272,-0.778172,-0.534233,-0.100616,-1.0,-0.495485,-0.160069,-0.874129,-0.416898,-0.220485,-0.965373,-0.29896,-0.155582,-0.905017,-0.360185,-0.109655,-0.877497,-0.3318,-0.246258,-0.704188,-0.414022,-0.122169,-0.552475,-0.334797,-0.2415,-0.385431,-0.393861,0.074493,-0.278429,-0.336517,-0.053674,-0.038298,-0.427994,-0.080954,0.015549,-0.365627,-0.134462,-0.05231,-0.460816,-0.176898
O,0.0,0.0,0.0,0.0626,-0.077462,0.12344,-0.230062,-0.240685,0.06039,-0.24343,-0.355776,0.208282,-0.472021,-0.460921,0.274852,-0.575834,-0.545535,0.050447,-0.578111,-0.675285,-0.048888,-0.699088,-0.583027,-0.042734,-0.875432,-0.713963,0.105806,-0.915515,-0.661785,-0.025569,-1.0,-0.67088,0.129141,-0.850791,-0.587867,0.00932,-0.971616,-0.534546,0.09502,-0.687405,-0.559015,-0.054335,-0.734469,-0.412507,0.099225,-0.429074,-0.432139,0.246173,-0.486197,-0.625777,0.227722,-0.282844,-0.421668,0.120555,-0.074611,-0.494579,0.01422,-0.097435,-0.450842,0.12785,0.011149,-0.60797,0.088137
O,0.0,0.0,0.0,0.073219,-0.224958,0.04255,0.018484,-0.584875,0.043135,-2.8e-05,-0.57168,0.100579,-0.207238,-0.585854,0.025472,-0.398462,-0.646108,0.161371,-0.525226,-0.670926,0.0617,-0.694227,-0.949156,-0.070189,-0.928267,-0.744887,-0.131952,-0.89591,-0.80407,0.056477,-0.829891,-0.873411,-0.064889,-0.996487,-0.689871,-0.027301,-1.0,-0.761138,-0.131425,-0.824434,-0.682672,0.042632,-0.613022,-0.680169,-0.032174,-0.682325,-0.3988,0.013528,-0.216956,-0.497838,0.011566,-0.361654,-0.625196,0.035638,-0.012662,-0.509525,-0.017518,0.241544,-0.743791,0.001632,0.037043,-0.635865,-0.137596
O,0.0,0.0,0.0,0.236095,0.068826,0.102187,0.015299,-0.19869,0.005466,-0.145322,-0.25763,0.03679,-0.323115,-0.287822,0.024245,-0.304298,-0.261244,0.121351,-0.511992,-0.533258,0.239082,-0.713788,-0.364812,0.091051,-0.886616,-0.493614,0.033289,-1.0,-0.441387,-0.212491,-0.896121,-0.297879,-0.010873,-0.999486,-0.429138,0.05419,-0.797605,-0.309228,0.010496,-0.771435,-0.300551,0.056558,-0.486859,-0.318856,0.078106,-0.433077,-0.066169,0.025603,-0.296779,-0.327571,0.200773,-0.002289,-0.27213,0.180854,0.03357,-0.220153,-0.02224,0.109626,-0.166562,0.159541,0.211759,-0.307676,0.215097
O,0.0,0.0,0.0,-0.092695,-0.017484,-0.054185,-0.20475,-0.119922,0.019072,-0.203469,-0.189139,-0.053867,-0.484201,-0.293832,-0.006163,-0.644974,-0.349603,-0.063654,-0.68496,-0.332058,-0.012312,-0.610689,-0.4088,-0.009594,-0.878914,-0.439981,-0.068613,-0.925542,-0.419983,-0.067105,-0.902873,-0.454795,-0.163731,-0.904687,-0.327324,-0.134897,-1.0,-0.284796,-0.050594,-0.820847,-0.386338,0.018578,-0.655498,-0.232015,-0.102004,-0.47079,-0.327922,-0.013939,-0.364012,-0.397971,-0.032085,-0.318084,-0.188137,-0.032636,-0.18524,-0.179496,-0.194868,0.036188,-0.191403,-0.112454,0.0045,-0.338071,-0.275275
O,0.0,0.0,0.0,-0.054352,-0.031715,0.231338,-0.173204,-0.149772,0.261773,-0.242481,-0.254913,0.228505,-0.32354,-0.286768,0.229478,-0.616527,-0.406023,0.300371,-0.907949,-0.459269,0.021025,-0.789834,-0.383497,0.180769,-0.933452,-0.515786,-0.045761,-0.964785,-0.263281,0.012694,-1.0,-0.403802,0.026911,-0.860169,-0.288127,0.139651,-0.834817,-0.4065,0.002714,-0.866496,-0.29407,0.093939,-0.637137,-0.277571,0.034441,-0.436915,-0.30577,0.219826,-0.454927,-0.32636,0.08423,-0.361075,-0.375196,0.180121,-0.201424,-0.258006,0.138203,0.030687,-0.410719,0.190932,-0.06694,-0.610942,0.097191
O,0.0,0.0,0.0,0.022065,-0.20565,-0.037913,0.079851,-0.363176,0.05232,-0.21906,-0.411604,-0.069526,-0.270221,-0.483469,0.062045,-0.393307,-0.546889,0.160597,-0.569458,-0.589458,-0.022655,-0.677284,-0.639815,-0.067544,-0.734446,-0.630445,0.021287,-1.0,-0.504589,-0.001269,-0.884068,-0.607489,-0.019738,-0.93988,-0.571096,-0.044608,-0.958143,-0.515243,-0.138956,-0.625812,-0.407288,0.102173,-0.610966,-0.505923,-0.141904,-0.396864,-0.57455,-0.088478,-0.329901,-0.535242,-0.048986,-0.170252,-0.39021,0.05607,-0.047112,-0.392767,0.006401,-0.019928,-0.578884,0.015538,-0.019954,-0.551716,-0.081294
O,0.0,0.0,0.0,-0.042004,-0.067206,-0.091749,0.031387,-0.027164,0.037968,-0.200221,-0.219894,-0.101232,-0.291979,-0.471261,-0.013082,-0.463792,-0.358084,-0.048822,-0.53986,-0.50159,-0.00976,-0.701786,-0.378988,-0.002256,-0.922238,-0.434544,-0.210618,-0.819977,-0.538543,-0.15823,-0.921851,-0.389852,-0.096521,-0.85805,-0.419229,-0.094001,-1.0,-0.302861,-0.115754,-0.791244,-0.194423,-0.286298,-0.619257,-0.501746,-0.017408,-0.536812,-0.536115,0.057429,-0.433757,-0.212818,-0.106898,-0.225508,-0.480675,-0.003369,-0.114877,-0.349813,-0.064931,-0.114907,-0.307237,-0.127454,0.250454,-0.463516,-0.137088
O,0.0,0.0,0.0,0.155892,-0.029158,-0.037122,0.088544,-0.067163,0.010814,-0.121428,-0.24019,0.010664,-0.1168,-0.311423,0.045361,-0.404693,-0.381966,0.031832,-0.504918,-0.333186,0.077957,-0.552281,-0.403378,-0.097782,-0.923263,-0.292448,-0.115719,-0.925596,-0.486077,-0.197442,-0.758965,-0.317141,-0.240992,-1.0,-0.35076,-0.189795,-0.839644,-0.199882,0.00139,-0.857094,-0.373344,-0.04044,-0.496067,-0.327319,-0.00801,-0.477449,-0.096209,0.026902,-0.304614,-0.350822,-0.107353,-0.351976,-0.213662,0.02336,0.031592,-0.310004,0.053641,0.189339,-0.35736,0.020877,0.118653,-0.407989,0.001097
P,0.0,0.0,0.0,0.022288,-0.128822,0.099819,-0.124381,-0.206967,0.132232,-0.226367,-0.100833,0.124415,-0.357961,-0.174007,0.116508,-0.500082,-0.281338,0.110587,-0.73962,-0.164456,0.046443,-0.767999,-0.529796,0.025701,-0.856014,-0.479928,-0.093917,-1.0,-0.393884,-0.000122,-0.950947,-0.317579,0.039721,-0.847626,-0.278771,0.020269,-0.78682,-0.285173,-0.03687,-0.700917,-0.183261,0.099114,-0.506909,-0.250298,0.049666,-0.411519,-0.244578,0.157858,-0.393845,-0.021324,0.259824,-0.095349,-0.172749,0.146755,-0.05152,-0.193631,0.165971,-0.065246,-0.416735,0.092493,0.093606,-0.401066,-0.022797
P,0.0,0.0,0.0,0.141557,-0.068159,0.141878,-0.00911,0.046401,0.065228,-0.343743,-0.276234,0.009619,-0.367748,-0.276647,0.280761,-0.62205,-0.482683,0.169103,-0.577094,-0.376108,0.236963,-0.704031,-0.471269,0.177751,-0.851054,-0.44004,0.029018,-0.896534,-0.582717,0.143322,-1.0,-0.496374,-0.131932,-0.946678,-0.46929,0.090118,-0.905226,-0.391297,0.038263,-0.828158,-0.301427,0.101532,-0.540126,-0.225532,0.14286,-0.418386,-0.201514,0.129911,-0.28145,-0.220281,0.095214,-0.007864,-0.277169,0.278439,0.0005,-0.24617,-0.005031,0.183225,-0.320345,0.051599,0.178164,-0.552427,0.039691
P,0.0,0.0,0.0,-0.029676,-0.340209,-0.183792,-0.091756,-0.336595,-0.101414,-0.32896,-0.289462,-0.118823,-0.500655,-0.422259,-0.09187,-0.550556,-0.68112,-0.035144,-0.69844,-0.747767,-0.161709,-1.0,-0.71332,0.012743,-0.997007,-0.478373,-0.02277,-0.974711,-0.509449,-0.066752,-0.928858,-0.566772,-0.110848,-0.984631,-0.622531,-0.080474,-0.83417,-0.596395,-0.217642,-0.872862,-0.370313,-0.128951,-0.762909,-0.567296,-0.166227,-0.548566,-0.582622,-0.00539,-0.323157,-0.395726,-0.279416,-0.044517,-0.472056,-0.023792,0.125174,-0.468301,0.106983,-0.115301,-0.595161,-0.295772,0.128065,-0.640379,-0.255852
P,0.0,0.0,0.0,-0.135078,-0.019456,0.124055,-0.201396,-0.197535,0.141725,-0.32127,-0.15044,0.159507,-0.484841,-0.265277,0.044576,-0.586758,-0.426222,0.106441,-0.765248,-0.300614,0.095717,-0.695398,-0.459965,0.106736,-0.835211,-0.317763,0.237954,-1.0,-0.383856,0.219921,-0.941692,-0.291504,0.04084,-0.942343,-0.343992,0.229143,-0.868638,-0.285704,0.108786,-0.655198,-0.173143,0.149894,-0.802191,-0.2764,0.08686,-0.422446,-0.266113,0.274023,-0.355865,-0.13874,0.311024,-0.337162,-0.318601,0.177067,-0.139611,-0.285269,0.153063,-0.069537,-0.215522,0.096573,-0.105665,-0.394386,0.025481
P,0.0,0.0,0.0,-0.171272,0.091828,-0.04043,-0.14879,-0.050841,0.125311,-0.323188,-0.186432,0.068395,-0.435211,-0.184145,-0.026028,-0.535139,-0.292718,-0.047488,-0.682857,-0.271864,-0.145036,-0.893914,-0.244556,-0.0477,-0.912825,-0.255664,-0.014569,-0.942511,-0.495709,-0.060129,-0.993416,-0.238421,0.019457,-1.0,-0.207585,-0.010867,-0.877984,-0.273845,-0.110099,-0.760244,-0.196668,-0.139199,-0.6942,-0.221129,0.067905,-0.61225,-0.016239,0.179227,-0.431147,-0.157201,0.096181,-0.186883,-0.161535,-0.009237,-0.199979,-0.215541,0.068611,-0.096956,-0.251831,-0.01216,-0.109454,-0.08621,-0.054702
P,0.0,0.0,0.0,-0.074124,-0.116867,0.214915,-0.200624,-0.415423,0.209686,-0.34521,-0.299229,0.016852,-0.483138,-0.454015,-0.09392,-0.628471,-0.384986,-0.08208,-0.668702,-0.286321,0.038463,-0.91853,-0.443249,0.065053,-0.804135,-0.460033,0.020641,-0.884218,-0.417399,-0.010388,-1.0,-0.369008,-0.07204,-0.728995,-0.456399,0.037484,-0.941455,-0.412652,-0.04487,-0.845327,-0.38969,0.047231,-0.638617,-0.236107,-0.027085,-0.433796,-0.352138,0.136547,-0.293005,-0.232847,0.044462,-0.131767,-0.441837,0.080197,-0.121684,-0.289393,0.024329,-0.139293,-0.477413,0.006722,-0.060301,-0.398315,0.055939
P,0.0,0.0,0.0,-0.077503,-0.123497,-0.160867,-0.082736,-0.211994,0.046091,-0.363904,-0.32811,0.038905,-0.384129,-0.451544,0.032845,-0.653708,-0.349714,-0.128698,-0.596408,-0.440037,-0.048726,-0.813076,-0.4595,-0.092534,-0.839557,-0.472229,-0.005803,-1.0,-0.388109,-0.085638,-0.855422,-0.421287,-0.10283,-0.890331,-0.493479,-0.085665,-0.587639,-0.242292,-0.155583,-0.870195,-0.330559,0.011802,-0.603052,-0.163464,-0.110515,-0.439851,-0.302006,0.019499,-0.253919,-0.200145,-0.043936,-0.09092,-0.279263,0.061194,0.030116,-0.336075,-0.114113,-0.001811,-0.310751,-0.201622,-0.028235,-0.401355,-0.307642
P,0.0,0.0,0.0,-5.9e-05,-0.089974,-0.080255,0.076147,-0.222704,-0.109517,-0.109925,-0.330437,-0.042768,-0.300656,-0.385802,0.069445,-0.5698,-0.439445,-0.045296,-0.769013,-0.145054,-0.055562,-0.918705,-0.362498,0.011071,-0.889086,-0.500741,-0.067392,-0.969953,-0.348987,-0.065682,-0.855821,-0.423576,-0.061038,-1.0,-0.203602,-0.028996,-0.83097,-0.190995,0.027545,-0.667416,-0.308474,-0.047084,-0.464689,-0.405373,-0.04086,-0.476493,-0.247274,0.055359,-0.412795,-0.070267,0.123744,-0.156343,-0.245274,0.087159,-0.03022,-0.283379,0.063212,0.164767,-0.365371,0.030321,0.084788,-0.481378,-0.086864
P,0.0,0.0,0.0,0.086607,-0.101645,0.01602,-0.109972,-0.17519,0.194231,-0.240263,-0.214378,0.095459,-0.347207,-0.406197,0.104842,-0.651608,-0.465573,0.005393,-0.657256,-0.414448,0.135434,-0.709736,-0.425705,-0.025211,-0.874434,-0.529765,-0.185124,-1.0,-0.334471,-0.085811,-0.948098,-0.321888,-0.237296,-0.91644,-0.457617,0.006986,-0.749099,-0.291346,0.123919,-0.638516,-0.284456,0.221372,-0.715646,-0.104175,0.188582,-0.412934,-0.317983,0.012935,-0.278869,-0.165748,-0.127323,0.033467,-0.274741,0.150943,-0.117373,-0.249953,0.069496,0.093857,-0.412535,-0.015299,-0.020118,-0.366101,0.09778
P,0.0,0.0,0.0,-0.067768,-0.10425,-0.213485,-0.250617,0.003342,-0.143256,-0.358866,-0.01143,0.035121,-0.355482,-0.279036,0.011957,-0.610391,-0.054054,-0.05587,-0.616373,-0.19818,-0.064631,-0.856425,-0.165392,-0.049881,-0.940984,-0.29396,-0.196611,-0.901679,-0.228625,-0.129932,-1.0,-0.110248,-0.266432,-0.875877,-0.11612,-0.163582,-0.972978,-0.128853,-0.025898,-0.615259,-0.075793,-0.141995,-0.566813,-0.062263,-0.048279,-0.545433,-0.039232,-0.023245,-0.147106,-0.076842,0.074015,-0.099066,-0.09391,0.029353,-0.164478,-0.144393,-0.126444,-0.047889,-0.334324,0.030603,-0.031755,-0.185566,-0.112251
P,0.0,0.0,0.0,-0.053537,-0.045101,0.01897,-0.183435,-0.070959,0.183192,-0.344953,-0.264408,0.138569,-0.407628,-0.295747,0.190142,-0.527757,-0.449651,0.038634,-0.81387,-0.371623,-0.025765,-0.941914,-0.537939,0.211843,-1.0,-0.401542,0.039577,-0.933266,-0.314201,0.019933,-0.985916,-0.321475,0.041445,-0.90949,-0.256552,-0.012069,-0.852167,-0.377681,0.039099,-0.775778,-0.156869,-0.032731,-0.628078,-0.255548,0.15778,-0.544801,-0.198006,0.124846,-0.225513,-0.263945,0.017791,-0.129928,-0.321115,0.070401,-0.081281,-0.194611,-0.029265,-0.016117,-0.292133,0.000479,0.007135,-0.292512,0.005295
P,0.0,0.0,0.0,0.081574,-0.321343,0.020151,-0.06302,-0.349693,0.042027,-0.151778,-0.445404,0.10919,-0.342456,-0.450259,0.068149,-0.642543,-0.453157,-0.054604,-0.67194,-0.593883,-0.007292,-0.846087,-0.528695,0.128707,-0.913522,-0.630459,-0.139726,-0.87986,-0.542764,-0.051494,-0.978374,-0.468511,-0.065251,-1.0,-0.60677,-0.10737,-0.892987,-0.374281,-0.038345,-0.727339,-0.33624,0.060553,-0.445471,-0.396045,0.038901,-0.486785,-0.220862,0.166886,-0.424085,-0.209117,0.11004,-0.156422,-0.35548,-0.019924,-0.041242,-0.457534,0.009511,0.094291,-0.506966,0.022329,0.071569,-0.478907,0.094511
P,0.0,0.0,0.0,-0.251917,-0.00969,-0.133125,-0.10271,-0.168795,-0.00734,-0.233288,-0.36428,-0.209131,-0.418319,-0.279116,-0.002153,-0.595133,-0.546291,-0.083663,-0.675918,-0.401799,-0.222113,-0.704012,-0.492182,-0.13821,-0.859926,-0.389255,-0.237693,-1.0,-0.35337,-0.149414,-0.911271,-0.309061,-0.164591,-0.929763,-0.324887,-0.144249,-0.791013,-0.398469,-0.232827,-0.65333,-0.311191,-0.282708,-0.694942,-0.375051,-0.032429,-0.452987,-0.256735,-0.12723,-0.389963,-0.199691,-0.048212,-0.236767,-0.164728,-0.050244,-0.146941,-0.324641,-0.153379,0.009002,-0.460568,-0.202238,0.072784,-0.5387,-0.185923
P,0.0,0.0,0.0,-0.079905,-0.278648,-0.002491,-0.249909,-0.389198,-0.053692,-0.080094,-0.437909,0.078651,-0.377572,-0.403501,-0.111107,-0.554873,-0.532709,0.017461,-0.615615,-0.545693,0.021,-0.770886,-0.566289,-0.131914,-1.0,-0.67566,-0.209565,-0.899366,-0.489392,-0.159237,-0.841533,-0.504305,-0.12527,-0.916511,-0.415263,-0.260187,-0.712473,-0.397238,-0.092687,-0.695798,-0.301615,-0.127142,-0.560524,-0.355866,0.02319,-0.385687,-0.241228,-0.072434,-0.325192,-0.601632,-0.067275,-0.153092,-0.379806,0.093384,-0.066858,-0.452903,0.109683,0.071946,-0.451422,0.061162,0.039565,-0.662371,0.078501
P,0.0,0.0,0.0,-0.102892,0.092902,0.161168,-0.097653,-0.120302,0.108564,-0.33401,-0.195064,0.038415,-0.462862,-0.27921,0.102012,-0.502496,-0.161825,0.073428,-0.613162,-0.320553,0.145293,-0.844956,-0.360791,0.103418,-0.796255,-0.283519,0.137377,-1.0,-0.399763,0.069413,-0.830845,-0.246821,0.218244,-0.918185,-0.238958,0.037555,-0.744905,-0.208532,0.025121,-0.664262,-0.200321,0.090944,-0.495303,-0.012221,-0.03078,-0.356786,-0.125158,0.062125,-0.343922,-0.106942,0.118947,-0.208048,-0.227702,0.054914,-0.179632,-0.243824,0.081735,-0.027857,-0.30978,0.121681,-0.090365,-0.259863,-0.010296
P,0.0,0.0,0.0,-0.192014,-0.093562,-0.118666,-0.324041,-0.237618,0.07958,-0.296302,-0.438391,-0.079638,-0.487449,-0.267514,-0.001887,-0.773151,-0.473846,0.016745,-0.70905,-0.417578,0.023762,-0.845983,-0.395313,0.038479,-0.883019,-0.501686,-0.115159,-1.0,-0.579663,-0.148372,-0.904361,-0.410314,-0.005391,-0.9063,-0.326012,-0.201245,-0.880237,-0.373503,-0.121813,-0.657412,-0.456174,-0.054284,-0.570617,-0.256044,-0.053607,-0.582403,-0.221144,-0.051334,-0.456195,-0.225527,0.005604,-0.31487,-0.282294,0.006825,-0.20721,-0.320809,-0.181692,-0.15231,-0.415885,-0.111639,-0.167097,-0.463843,-0.097801
P,0.0,0.0,0.0,-0.010524,0.006335,0.052652,-0.19387,-0.159635,0.018692,-0.298189,-0.306062,-0.029167,-0.278797,-0.342418,-0.054623,-0.576274,-0.297565,0.014985,-0.614438,-0.186008,0.028737,-0.711862,-0.17868,-0.018202,-0.889779,-0.412087,0.004827,-1.0,-0.520497,-0.143267,-0.854654,-0.311231,-0.093846,-0.802376,-0.280705,-0.045187,-0.810456,-0.227602,0.004598,-0.726141,-0.203465,-0.07621,-0.56356,-0.209452,-0.032508,-0.43473,-0.179516,-0.074514,-0.296031,-0.059665,-0.053342,-0.11211,-0.242854,0.085511,-0.143295,-0.265548,0.143286,-0.038101,-0.266748,0.002165,-0.148282,-0.344254,-0.153958
P,0.0,0.0,0.0,-0.183936,-0.113373,0.282517,-0.066286,-0.173602,0.156377,-0.253751,-0.31859,0.075851,-0.365881,-0.389473,0.226547,-0.66117,-0.461225,0.210654,-0.712383,-0.437885,0.134069,-0.71773,-0.401262,0.085801,-0.825672,-0.416868,0.125257,-0.722999,-0.397704,-0.025792,-0.861609,-0.422535,0.061855,-0.876824,-0.425105,0.022,-1.0,-0.358754,0.108872,-0.729764,-0.354919,0.117965,-0.675526,-0.374239,0.148778,-0.430575,-0.245964,0.101588,-0.260103,-0.362728,0.104171,-0.164979,-0.232179,0.061046,0.03254,-0.333758,0.105915,0.012028,-0.258428,0.081924,0.051966,-0.466984,0.177202
P,0.0,0.0,0.0,-0.038803,-0.175134,0.042301,-0.139513,-0.290196,0.021841,-0.406102,-0.383647,0.069262,-0.314574,-0.385569,0.064073,-0.435211,-0.349301,0.111524,-0.639133,-0.478276,0.060177,-0.664926,-0.328313,0.183524,-0.728903,-0.457132,-0.096246,-0.842495,-0.368687,-0.204096,-1.0,-0.458819,-0.073992,-0.975927,-0.369225,0.083087,-0.802283,-0.485516,0.027413,-0.767375,-0.408517,0.104381,-0.476516,-0.332396,0.107825,-0.506947,-0.258637,0.03978,-0.392007,-0.360888,0.099616,-0.28317,-0.328845,0.138664,-0.115352,-0.449833,0.023713,0.0333,-0.478815,0.107706,0.065264,-0.422314,0.042311
P,0.0,0.0,0.0,0.003278,-0.031807,-0.0455,-0.209859,-0.258057,-0.011848,-0.188955,-0.428009,0.084042,-0.307401,-0.427189,0.15116,-0.468389,-0.462509,0.086092,-0.756795,-0.555376,-0.034321,-0.706312,-0.523433,-0.019118,-0.973872,-0.422829,0.022034,-1.0,-0.65435,-0.080162,-0.919112,-0.453739,-0.04532,-0.890762,-0.461249,-0.135716,-0.785893,-0.456579,-0.111146,-0.696489,-0.441949,-0.057979,-0.482631,-0.209641,0.117496,-0.403311,-0.227477,0.190198,-0.236497,-0.295072,0.109006,-0.22894,-0.317189,0.047476,-0.10182,-0.384119,0.113162,-0.096696,-0.39802,-0.108078,-0.150373,-0.384231,0.06713
P,0.0,0.0,0.0,-0.04228,-0.156664,0.085972,-0.147539,-0.186151,0.20349,-0.212502,-0.300524,0.027967,-0.392774,-0.522251,0.196471,-0.623171,-0.599102,0.045796,-0.6609,-0.370775,0.051,-0.738602,-0.421754,0.073927,-1.0,-0.457278,-0.128568,-0.796125,-0.428202,-0.077568,-0.936414,-0.542862,-0.152824,-0.857475,-0.507649,-0.027265,-0.832458,-0.406581,-0.074856,-0.729308,-0.345777,0.106137,-0.39417,-0.492709,-0.008082,-0.424294,-0.231521,0.10014,-0.199892,-0.433617,0.048352,-0.036298,-0.397848,-0.172983,-0.114111,-0.325158,0.039016,-0.08022,-0.472886,-0.089189,-0.045189,-0.556913,0.004488
P,0.0,0.0,0.0,0.053967,-0.352508,-0.021991,0.046511,-0.365609,0.041364,-0.174275,-0.485983,-0.127915,-0.388468,-0.635587,-0.063662,-0.471171,-0.763917,0.208018,-0.757146,-0.536757,-0.172211,-0.572605,-0.646398,0.06418,-1.0,-0.733877,-0.059533,-0.940732,-0.56643,0.017461,-0.955753,-0.563044,0.065269,-0.950051,-0.676654,0.17323,-0.826169,-0.639711,-0.021426,-0.56809,-0.471363,0.010672,-0.450131,-0.484333,0.035317,-0.360607,-0.475064,0.025982,-0.150868,-0.491483,-0.069202,-0.05044,-0.528706,0.233818,0.11082,-0.517215,0.238578,0.059772,-0.749992,-0.06854,0.211873,-0.708734,-0.070971
P,0.0,0.0,0.0,0.160338,-0.316353,0.255171,-0.219739,-0.340832,-0.001733,-0.206765,-0.535534,-0.100427,-0.452398,-0.378913,0.002098,-0.506795,-0.593327,0.035115,-0.529152,-0.666431,0.066927,-0.856145,-0.510117,-0.118852,-0.759456,-0.516711,0.035613,-0.972596,-0.665246,-0.000644,-1.0,-0.700171,0.129224,-0.974947,-0.563794,-0.080278,-0.794188,-0.540545,-0.023114,-0.874341,-0.512719,-0.054661,-0.579336,-0.393527,0.044352,-0.415264,-0.332813,0.081576,-0.274527,-0.444719,0.059415,-0.141807,-0.534754,0.13002,0.00951,-0.444759,0.16301,0.000343,-0.640298,0.103347,0.108669,-0.635629,0.018581
P,0.0,0.0,0.0,-0.064593,-0.170699,-0.004869,-0.017445,-0.164397,0.022433,-0.350775,-0.294029,0.214829,-0.300426,-0.453454,0.060161,-0.449504,-0.478819,0.120255,-0.758917,-0.560168,0.024918,-0.732922,-0.591105,-0.076898,-0.941294,-0.608811,-0.016945,-0.942241,-0.424265,-0.163132,-0.960022,-0.445332,-0.042086,-1.0,-0.377169,-0.049604,-0.666662,-0.448106,0.061332,-0.739477,-0.422429,0.031696,-0.709312,-0.543634,-0.043031,-0.520834,-0.5467,0.090175,-0.324885,-0.38498,0.042473,-0.078277,-0.347948,0.037764,0.029771,-0.447593,-0.058792,-0.129297,-0.406311,-0.081959,0.259519,-0.470466,0.030159
P,0.0,0.0,0.0,-0.061425,-0.12496,-0.05731,-0.273893,-0.19833,0.096972,-0.310768,-0.297853,-0.084585,-0.464326,-0.463427,-0.077137,-0.559375,-0.428605,0.049569,-0.639266,-0.520665,-0.167953,-0.873049,-0.52529,-0.01035,-0.841928,-0.478342,-0.015097,-0.74727,-0.471389,-0.095427,-1.0,-0.417432,0.004488,-0.941861,-0.439839,-0.103988,-0.918416,-0.370435,-0.034747,-0.736763,-0.217451,0.004238,-0.691219,-0.280718,-0.029265,-0.500241,-0.324522,-0.012653,-0.324085,-0.157278,-0.016337,-0.217342,-0.306497,-0.035392,-0.156733,-0.2813,-0.052676,-0.128177,-0.270764,-0.124928,0.02558,-0.476941,-0.146836
P,0.0,0.0,0.0,0.007766,-0.069551,0.134115,-0.089409,-0.187082,0.292556,-0.353559,-0.322944,0.276015,-0.368517,-0.570507,0.04488,-0.572741,-0.294732,0.133352,-0.668102,-0.46556,0.194818,-0.761183,-0.411774,0.196742,-1.0,-0.505906,0.142104,-0.961246,-0.428393,-0.063568,-0.908548,-0.59706,0.023738,-0.954299,-0.421186,0.221164,-0.987342,-0.412698,-0.043572,-0.75787,-0.364572,0.044488,-0.513404,-0.227221,0.17918,-0.370618,-0.309701,0.248492,-0.238096,-0.390394,0.227359,-0.156445,-0.402149,0.072231,-0.0158,-0.374032,0.035857,0.065886,-0.325432,0.034948,0.046767,-0.349535,0.032117
P,0.0,0.0,0.0,-0.251898,-0.158951,-0.018894,-0.179998,0.001892,0.21143,-0.349846,-0.249177,-0.019191,-0.386673,-0.333684,0.026497,-0.550778,-0.301472,-0.01098,-0.706922,-0.400009,-0.044511,-0.868659,-0.47364,0.014055,-0.891493,-0.452412,-0.107676,-1.0,-0.406755,0.03862,-0.96903,-0.3091,0.068103,-0.882397,-0.370016,-0.030392,-0.831906,-0.176729,-0.121287,-0.66271,-0.378728,0.067106,-0.650815,-0.121183,0.076231,-0.463475,-0.290736,0.162547,-0.194097,-0.094104,-0.020772,-0.283068,-0.317492,-0.00266,-0.164061,-0.217947,0.056841,-0.238192,-0.311028,0.035708,-0.038449,-0.337657,0.014449
P,0.0,0.0,0.0,0.058112,-0.101619,-0.123546,-0.126265,-0.225192,-0.087981,-0.303949,-0.328855,-0.264462,-0.337329,-0.305923,-0.112192,-0.565815,-0.449084,-0.163828,-0.60102,-0.399588,-0.312082,-0.878281,-0.465429,-0.32885,-0.825369,-0.522935,-0.186594,-0.946422,-0.495571,-0.339986,-1.0,-0.472341,-0.264551,-0.862346,-0.482462,-0.242543,-0.722885,-0.331701,-0.210725,-0.846655,-0.47331,-0.143911,-0.536811,-0.49235,-0.117033,-0.492953,-0.354253,-0.088077,-0.24427,-0.32795,-0.101461,-0.199683,-0.397353,-0.065543,0.039925,-0.418341,-0.227112,0.075426,-0.473403,-0.14534,-0.048434,-0.509999,-0.154491
P,0.0,0.0,0.0,-0.116027,-0.053577,0.081603,-0.005313,-0.157803,0.012812,-0.075761,-0.134113,0.01148,-0.370468,-0.241209,0.099508,-0.359875,-0.31368,-0.026959,-0.722608,-0.246153,0.098918,-0.768986,-0.39474,-0.061413,-0.791343,-0.440304,-0.011867,-0.929828,-0.427169,-0.008554,-1.0,-0.351064,-0.114611,-0.695209,-0.319427,-0.120697,-0.634031,-0.309838,-0.031571,-0.57093,-0.326094,0.090695,-0.465988,-0.303823,-0.029949,-0.464413,-0.217389,0.002424,-0.208076,-0.366714,-0.021202,-0.180788,-0.215372,-0.036038,0.02847,-0.323462,0.113411,0.063296,-0.262879,-0.04037,0.155598,-0.455231,-0.057047
P,0.0,0.0,0.0,0.132837,-0.336481,0.162142,-0.150262,-0.309777,0.11253,-0.279436,-0.403024,0.101687,-0.308145,-0.54858,0.162517,-0.422946,-0.533441,0.017484,-0.488878,-0.524831,0.040512,-0.689916,-0.6976,0.156419,-0.653448,-0.516435,-0.020955,-1.0,-0.464824,0.031359,-0.890332,-0.456796,-8e-05,-0.772529,-0.510836,0.072504,-0.638148,-0.516513,0.031613,-0.669351,-0.538563,0.16471,-0.471738,-0.427392,0.049214,-0.595251,-0.472914,0.112534,-0.399588,-0.2285,0.162013,-0.100631,-0.434626,0.176791,-0.065376,-0.465433,0.207843,0.100867,-0.501346,0.230655,0.040767,-0.600679,0.071115
P,0.0,0.0,0.0,0.080236,0.056096,0.034714,-0.125737,-0.177945,-0.069833,-0.262824,-0.216992,-0.095541,-0.431161,-0.219275,0.048192,-0.60244,-0.305737,0.021965,-0.763397,-0.392016,-0.030066,-0.847976,-0.376189,0.13041,-0.973963,-0.249499,-0.045107,-1.0,-0.29163,-0.076941,-0.829714,-0.270414,-0.06491,-0.906215,-0.2042,-0.096254,-0.914763,-0.39591,-0.138359,-0.651868,-0.254197,-0.082007,-0.617714,-0.143095,0.040561,-0.439131,-0.232709,-0.021269,-0.326606,-0.252403,0.001483,-0.265152,-0.173874,0.035699,-0.017833,-0.211483,-8.4e-05,-0.095924,-0.280853,-0.113492,-0.133317,-0.359974,-0.097039
P,0.0,0.0,0.0,-0.123682,-0.033005,-0.211164,-0.119136,-0.129399,-0.223923,-0.405286,-0.151171,-0.105575,-0.379203,-0.267652,-0.175774,-0.477412,-0.30709,-0.09013,-0.658999,-0.340773,-0.161383,-0.660958,-0.266423,-0.211182,-0.859452,-0.430903,-0.177832,-1.0,-0.219676,-0.176934,-0.935253,-0.230997,-0.196354,-0.820378,-0.30625,-0.185192,-0.882615,-0.253845,-0.25142,-0.709049,-0.27717,-0.227343,-0.484116,-0.30544,-0.136691,-0.522827,-0.102945,-0.123341,-0.415621,-0.168896,-0.198161,-0.190173,-0.295443,-0.074266,-0.251545,-0.287888,-0.249356,-0.028208,-0.310413,-0.208707,-0.073804,-0.429936,-0.231819
P,0.0,0.0,0.0,-0.064644,0.190803,0.108671,0.028289,-0.193118,0.201294,-0.449804,-0.278007,0.082717,-0.31922,-0.352918,-0.083965,-0.601769,-0.358036,-0.071823,-0.591737,-0.462962,0.092477,-0.867693,-0.316049,-0.233004,-0.918306,-0.320146,-0.175739,-1.0,-0.549602,-0.170417,-0.977504,-0.389581,-0.148309,-0.907831,-0.52615,-0.123919,-0.957031,-0.367681,0.057113,-0.901328,-0.336745,-0.295101,-0.530336,-0.247159,-0.054054,-0.477523,-0.075654,0.156645,-0.445779,-0.238105,-0.113784,-0.130506,-0.219313,-0.183764,0.060796,-0.295858,0.041038,0.114889,-0.48611,-0.0058,0.013846,-0.524254,-0.127722
P,0.0,0.0,0.0,-0.041459,0.020246,-0.09949,-0.118332,-0.021072,-0.053964,-0.341514,-0.096261,0.188566,-0.41261,-0.268458,0.073329,-0.440267,-0.355876,0.003033,-0.732133,-0.437984,0.08732,-0.792119,-0.504384,-0.00664,-0.770405,-0.32168,0.102558,-1.0,-0.252801,0.068311,-0.968387,-0.338467,0.052005,-0.882167,-0.196908,0.009619,-0.853556,-0.245667,-0.030606,-0.70251,-0.219772,0.042956,-0.66144,-0.247264,0.091633,-0.41799,-0.197417,0.169296,-0.367586,-0.125882,0.098153,-0.164515,-0.074096,0.182383,-0.154518,-0.391036,-0.006722,-0.07035,-0.295253,0.154011,0.253263,-0.405838,0.00257
P,0.0,0.0,0.0,0.022327,-0.0568,0.082766,-0.060883,-0.307632,0.014127,-0.236787,-0.254234,0.127277,-0.303076,-0.393253,0.218597,-0.455163,-0.265928,-0.001974,-0.667077,-0.490298,0.155481,-0.629521,-0.468961,0.121751,-0.717135,-0.421411,0.111201,-1.0,-0.323512,0.032044,-0.682883,-0.470083,0.086636,-0.778992,-0.557068,0.188257,-0.716816,-0.456792,0.108882,-0.645578,-0.333586,0.063209,-0.557039,-0.241283,0.180959,-0.422752,-0.271385,0.127249,-0.36318,-0.289555,0.087229,-0.249474,-0.466543,0.101587,-0.033189,-0.2418,0.144256,-0.1166,-0.38239,0.011727,0.131021,-0.458916,0.03729
P,0.0,0.0,0.0,-0.20087,-0.090627,-0.019273,-0.396437,-0.238748,-0.084421,-0.315642,-0.292101,-0.011077,-0.467468,-0.252251,0.117025,-0.695612,-0.384193,0.028302,-0.766597,-0.398898,-0.099252,-0.899092,-0.50985,-0.273878,-0.896249,-0.420007,-0.181755,-0.975331,-0.529651,-0.08373,-0.990911,-0.346038,-0.145106,-1.0,-0.41204,-0.000328,-0.704395,-0.451088,-0.024794,-0.835508,-0.366735,-0.053017,-0.595057,-0.340293,-0.003704,-0.409459,-0.21969,-0.105684,-0.394234,-0.207208,0.079947,-0.333714,-0.26222,0.011773,-0.246104,-0.239978,0.094703,-0.031915,-0.319836,-0.136134,-0.090057,-0.471323,-0.167165
P,0.0,0.0,0.0,-0.062959,-0.104878,-0.073824,-0.054861,-0.210185,0.123886,-0.159211,-0.239439,0.160669,-0.364818,-0.382397,0.065013,-0.603937,-0.404899,0.12508,-0.655542,-0.573273,-0.131518,-0.77902,-0.628457,0.073573,-0.720342,-0.462998,-0.003996,-1.0,-0.519919,0.016137,-0.844162,-0.440974,-0.002574,-0.83936,-0.307431,0.056177,-0.801303,-0.515256,-0.052227,-0.82266,-0.370603,0.012176,-0.615018,-0.395506,0.039241,-0.576834,-0.298078,0.164954,-0.287405,-0.285033,0.149337,-0.132531,-0.262067,0.195987,0.058434,-0.50695,0.121741,-0.088269,-0.300125,0.06745,0.053449,-0.466059,0.056007
P,0.0,0.0,0.0,-0.182867,-0.339044,-0.039902,-0.334108,-0.303271,-0.081638,-0.365948,-0.310393,-0.136299,-0.449768,-0.435227,0.112076,-0.742077,-0.461836,-0.044056,-0.784566,-0.544745,-0.013721,-0.803689,-0.577118,-0.236654,-0.902662,-0.49789,-0.107822,-1.0,-0.447501,-0.044019,-0.887749,-0.545445,0.021171,-0.917093,-0.560306,-0.115091,-0.877887,-0.43544,-0.141884,-0.743611,-0.34711,-0.147196,-0.710186,-0.415073,-0.097952,-0.475677,-0.273552,-0.08821,-0.328922,-0.32624,-0.061054,-0.155287,-0.347403,-0.088804,-0.134024,-0.488437,-0.112095,-0.112002,-0.394929,-0.10094,-0.197545,-0.571858,-0.170012
P,0.0,0.0,0.0,-0.050276,0.016432,-0.100488,-0.281213,-0.097776,-0.010572,-0.302627,-0.107725,-0.066436,-0.376772,-0.271475,-0.036152,-0.509606,-0.40147,-0.030377,-0.633898,-0.18103,-0.097912,-1.0,-0.509973,-0.197079,-0.823623,-0.199485,-0.179299,-0.970097,-0.560654,-0.107231,-0.971042,-0.353791,-0.232844,-0.972966,-0.408262,-0.212382,-0.968402,-0.348479,-0.21458,-0.713687,-0.326653,-0.103961,-0.710863,-0.293074,-0.163789,-0.403437,-0.20924,-0.123004,-0.414694,-0.298328,-0.118232,-0.318715,-0.241403,-0.126753,-0.163099,-0.142513,-0.109335,-0.047244,-0.189515,-0.220529,-0.043277,-0.479319,-0.13153
P,0.0,0.0,0.0,-0.074483,0.080338,-0.133015,-0.128401,0.108648,-0.054733,-0.324195,-0.095465,-0.046942,-0.446449,-0.088412,-0.026422,-0.549731,-0.065153,0.07221,-0.779226,-0.120213,0.044661,-0.703817,-0.311904,-0.064041,-0.926448,-0.257879,0.030909,-0.934472,-0.38135,-0.136105,-1.0,-0.099487,-0.167722,-0.947625,-0.22957,0.022043,-0.774618,-0.12806,-0.059174,-0.726041,-0.13399,0.098146,-0.709587,-0.319253,-0.000469,-0.37567,-0.086697,-0.166349,-0.288494,-0.177168,-0.112576,-0.293371,-0.230818,-0.011632,-0.170935,-0.240595,0.13119,-0.097269,-0.186085,0.047758,0.018199,-0.113095,-0.139947
P,0.0,0.0,0.0,-0.063188,-0.181775,0.146779,-0.359532,-0.275242,0.014623,-0.29139,-0.282635,0.023724,-0.493421,-0.296719,-0.038344,-0.467476,-0.423223,-0.010566,-0.642403,-0.371309,-0.05997,-0.810931,-0.50288,-0.050221,-1.0,-0.429122,-0.074819,-0.784048,-0.484404,-0.097824,-0.908765,-0.493801,-0.11035,-0.980384,-0.323507,-0.058302,-0.790733,-0.403872,0.017181,-0.798521,-0.328108,-0.140002,-0.618729,-0.221022,-0.007726,-0.541716,-0.330917,-0.05437,-0.408957,-0.274404,0.124645,-0.275673,-0.172729,-0.034459,-0.123204,-0.316166,-0.16787,-0.053254,-0.546303,-0.05744,-0.048862,-0.544281,-0.087616
P,0.0,0.0,0.0,-0.075747,-0.085826,0.098237,-0.138892,-0.190061,0.098971,-0.067953,-0.283721,-0.070196,-0.440371,-0.292349,0.16696,-0.58422,-0.392578,0.040297,-0.703989,-0.308402,0.104765,-0.73449,-0.47221,0.06609,-0.806587,-0.474588,0.048188,-0.865513,-0.553814,-0.109551,-1.0,-0.328571,-0.086906,-0.818456,-0.212941,0.037283,-0.823684,-0.399135,-0.025324,-0.764041,-0.398334,-0.03955,-0.518984,-0.326647,0.024686,-0.384534,-0.217972,-0.090027,-0.41114,-0.299676,-0.026486,-0.093255,-0.319261,0.183151,-0.09427,-0.292102,-0.019958,0.045117,-0.325329,0.07388,0.02513,-0.333365,0.007745
P,0.0,0.0,0.0,0.099305,-0.154563,0.026756,-0.228455,-0.217608,0.023848,-0.305325,-0.1363,0.041838,-0.482397,-0.27935,-0.123127,-0.539131,-0.318237,0.029477,-0.694004,-0.457815,-0.149529,-0.79797,-0.381204,0.092845,-0.945061,-0.378908,-0.036363,-1.0,-0.375385,-0.179271,-0.946764,-0.427192,-0.07355,-0.8862,-0.420331,-0.098066,-0.859205,-0.430805,-0.105863,-0.779965,-0.399723,-0.116253,-0.611525,-0.273871,-0.129862,-0.336072,-0.210833,-0.018938,-0.384394,-0.277451,-0.031905,-0.23507,-0.371598,0.044623,-0.061679,-0.235515,-0.040277,0.101061,-0.302939,-0.025703,0.166456,-0.426476,-0.213147
P,0.0,0.0,0.0,0.018887,-0.043776,0.00794,-0.034428,-0.363448,-0.1193,-0.031185,-0.234887,-0.239645,-0.328118,-0.186724,0.008517,-0.489081,-0.554125,-0.054319,-0.783326,-0.541474,-0.178993,-0.62488,-0.394947,0.037398,-0.981457,-0.441872,-0.189038,-1.0,-0.403882,-0.09984,-0.906961,-0.524327,-0.103206,-0.862424,-0.440918,-0.123714,-0.948865,-0.529844,0.092836,-0.672194,-0.342062,0.016219,-0.618611,-0.273984,0.065896,-0.480647,-0.308194,-0.130654,-0.159611,-0.246794,0.089125,-0.018016,-0.30206,0.014276,0.059159,-0.252378,0.083508,0.00556,-0.529038,-0.156477,0.168729,-0.408094,-0.140374
P,0.0,0.0,0.0,-0.085962,0.083175,0.130993,-0.068839,-0.13407,0.134223,-0.234585,-0.207945,-0.075544,-0.35832,-0.386878,0.020644,-0.506711,-0.409378,0.072697,-0.574107,-0.442872,0.023682,-0.863239,-0.481535,0.014988,-0.800413,-0.508563,0.127447,-0.940582,-0.36582,-0.078614,-0.93155,-0.243117,0.07674,-1.0,-0.370513,0.198187,-0.83384,-0.262881,0.080952,-0.630127,-0.477124,0.043587,-0.433124,-0.236395,-0.039646,-0.502578,-0.238563,0.103652,-0.067104,-0.243565,0.097505,-0.277405,-0.363101,0.008273,-0.026036,-0.273124,0.031653,-0.01379,-0.317438,-0.017701,-0.068288,-0.494025,0.085317
P,0.0,0.0,0.0,-0.013036,-0.020838,-0.145393,0.038764,-0.177265,-0.056484,-0.229693,-0.223646,-0.027003,-0.624436,-0.39724,-0.024499,-0.594874,-0.458179,-0.098429,-0.530241,-0.405484,-0.063174,-0.880174,-0.528927,-0.045697,-0.82331,-0.590277,-0.021547,-1.0,-0.431103,0.076247,-0.971464,-0.421424,-0.191972,-0.885136,-0.285908,-0.149245,-0.843692,-0.276654,-0.214843,-0.698092,-0.39273,-0.105751,-0.638032,-0.422948,-0.244277,-0.450889,-0.271157,0.017131,-0.372787,-0.275324,-0.001009,-0.098639,-0.281675,-0.233272,-0.029216,-0.343046,-0.03164,0.166079,-0.410131,-0.12933,0.092384,-0.458114,-0.089729
P,0.0,0.0,0.0,-0.115453,-0.209207,-0.107148,-0.376851,-0.062979,0.10368,-0.234101,-0.298834,0.087,-0.386831,-0.468586,-0.056676,-0.562896,-0.446812,-0.065786,-0.680373,-0.509746,0.163633,-0.739542,-0.479124,0.041974,-0.940125,-0.496267,0.079489,-0.974619,-0.520813,-0.051379,-0.880278,-0.425504,-0.070256,-1.0,-0.366267,-0.151576,-0.962012,-0.386779,-0.040004,-0.700316,-0.338835,0.036563,-0.688276,-0.254482,0.08775,-0.516032,-0.257452,-0.039461,-0.315329,-0.504656,-0.119083,-0.185416,-0.427022,-0.038655,-0.014753,-0.261912,0.170167,-0.050029,-0.387593,-0.042364,-0.100974,-0.466483,-0.165942
P,0.0,0.0,0.0,-0.182267,-0.12294,0.123687,-0.294856,-0.236343,0.1613,-0.288701,-0.199677,0.145316,-0.548511,-0.461119,0.213259,-0.478194,-0.436821,0.136952,-0.713283,-0.488286,-0.017317,-0.794383,-0.355923,0.079407,-0.930813,-0.515113,0.084618,-0.872753,-0.434208,-0.094317,-0.837172,-0.390645,0.027223,-0.966516,-0.453521,0.113036,-1.0,-0.35384,0.090476,-0.739549,-0.444218,-0.02923,-0.476429,-0.327962,0.250559,-0.439754,-0.31515,0.141361,-0.295792,-0.2362,0.161094,-0.176483,-0.253031,0.142116,-0.202749,-0.328322,0.047851,-0.123802,-0.381423,0.073894,0.022767,-0.519009,-0.093425
P,0.0,0.0,0.0,-0.195658,-0.229936,-0.042747,-0.184037,-0.200732,0.006841,-0.450762,-0.137605,0.032644,-0.294489,-0.301474,0.140877,-0.637388,-0.480374,0.006436,-0.671825,-0.360268,0.026978,-0.657044,-0.395353,-0.043452,-0.911451,-0.479678,-0.01913,-0.864497,-0.313884,-0.06979,-0.949932,-0.435072,0.019063,-1.0,-0.412835,-0.326648,-0.928194,-0.373467,-0.054315,-0.838572,-0.382326,0.090536,-0.684076,-0.406538,-0.050614,-0.572398,-0.271615,0.059209,-0.467035,-0.244103,0.133827,-0.186779,-0.237437,0.056489,-0.187056,-0.20758,0.041181,-0.159628,-0.36161,-0.056908,-0.088568,-0.326923,-0.042546
P,0.0,0.0,0.0,-0.05906,-0.078347,-0.001207,-0.13945,-0.206224,-0.166362,-0.264749,-0.493144,-0.136759,-0.303592,-0.47887,-0.152666,-0.581205,-0.591278,-0.054682,-0.489731,-0.5566,-0.076899,-0.678651,-0.638498,-0.013669,-0.938455,-0.624392,-0.174478,-0.965553,-0.594742,-0.128325,-1.0,-0.545689,-0.292655,-0.859948,-0.425564,-0.12553,-0.780907,-0.554347,0.005574,-0.709932,-0.584239,0.006152,-0.522582,-0.264668,0.066961,-0.314602,-0.365181,0.001909,-0.363475,-0.42613,0.195191,-0.278848,-0.392218,-0.068552,0.049255,-0.436043,0.016415,0.052899,-0.441752,-0.080375,0.056996,-0.615968,-0.02842
P,0.0,0.0,0.0,-0.134971,-0.192001,-0.094255,-0.108971,-0.257541,-0.039682,-0.374379,-0.284609,0.016421,-0.387465,-0.398897,0.025947,-0.567659,-0.357644,-0.012064,-0.784819,-0.50385,-0.061214,-0.854187,-0.432157,-0.250925,-0.827273,-0.461523,-0.270212,-0.924781,-0.531143,-0.032599,-1.0,-0.418899,-0.062242,-0.934022,-0.353551,-0.153553,-0.737535,-0.2269,-0.036306,-0.687854,-0.420797,0.053581,-0.543767,-0.395764,0.047633,-0.465508,-0.298515,-0.078471,-0.408083,-0.410429,-0.074026,-0.181946,-0.380946,-0.112515,-0.191791,-0.29702,-0.081437,-0.200875,-0.436509,-0.124888,-0.017765,-0.540315,-0.022396
P,0.0,0.0,0.0,-0.007141,-0.063753,0.018675,-0.143459,-0.222457,0.140506,-0.382334,-0.321538,0.061789,-0.308596,-0.271226,0.106023,-0.662143,-0.421365,0.213435,-0.73913,-0.453405,0.049058,-0.923554,-0.550163,-0.059236,-0.971634,-0.447453,0.001078,-0.957909,-0.290784,0.191027,-1.0,-0.367866,0.031215,-0.879952,-0.324805,-0.054247,-0.723732,-0.248045,0.092026,-0.714779,-0.307948,0.054463,-0.56469,-0.292427,0.091748,-0.47413,-0.307993,0.234058,-0.305931,-0.3185,0.101765,-0.275689,-0.221491,0.079159,-0.092136,-0.369433,-0.073027,0.159909,-0.370664,0.183232,0.016988,-0.420735,0.070197
P,0.0,0.0,0.0,0.074757,-0.117246,0.326846,-0.212739,-0.057213,0.204401,-0.236088,-0.278013,0.140965,-0.436071,-0.287969,0.150438,-0.579027,-0.414236,0.091803,-0.638064,-0.438602,0.04442,-0.773714,-0.559736,0.100125,-0.858316,-0.36604,0.106775,-1.0,-0.407261,0.119099,-0.886298,-0.427585,0.10312,-0.818256,-0.413005,-0.054215,-0.68803,-0.290529,0.071302,-0.749194,-0.273295,0.199523,-0.700467,-0.288634,0.2626,-0.403303,-0.193564,0.186646,-0.309382,-0.277476,0.120398,-0.15663,-0.295535,0.171672,-0.108777,-0.130886,0.123024,0.025898,-0.281871,0.104482,-0.120023,-0.397371,0.155805
P,0.0,0.0,0.0,0.051641,-0.110027,-0.076725,-0.0092,-0.168055,-0.201454,-0.255605,-0.282612,0.060809,-0.462789,-0.333472,-0.284363,-0.448689,-0.506217,-0.144611,-0.709522,-0.617576,-0.123954,-0.61281,-0.51303,-0.010852,-0.904971,-0.56464,-0.245343,-0.955677,-0.616868,-0.124495,-1.0,-0.614761,-0.131349,-0.905209,-0.569195,-0.223507,-0.877244,-0.403515,-0.093464,-0.76261,-0.498554,-0.200165,-0.586982,-0.399154,-0.153895,-0.210154,-0.339618,-0.067024,-0.232602,-0.508748,-0.163441,0.013408,-0.267152,-0.259936,0.053888,-0.323578,-0.121254,0.217926,-0.430466,-0.07978,0.098256,-0.561575,-0.181008
P,0.0,0.0,0.0,-0.211602,-0.130309,-0.020322,-0.237744,-0.256119,0.127903,-0.348939,-0.349357,0.126286,-0.45273,-0.431662,0.129646,-0.540861,-0.395664,0.041831,-0.628168,-0.383997,0.028593,-0.874429,-0.428039,-0.008943,-0.786751,-0.514471,-0.025272,-1.0,-0.382292,0.075055,-0.935541,-0.430106,-0.069761,-0.918578,-0.337953,-0.03656,-0.763636,-0.357565,0.072302,-0.72528,-0.249349,0.174932,-0.696858,-0.309895,0.05383,-0.493668,-0.259829,0.153242,-0.452176,-0.433926,0.193961,-0.209413,-0.293933,-0.009671,-0.09398,-0.231753,0.085046,-0.020259,-0.502473,0.080876,-0.007919,-0.481417,0.052732
P,0.0,0.0,0.0,0.024108,-0.196661,-0.124235,-0.056215,-0.302669,0.139761,-0.336582,-0.369655,-0.026766,-0.355521,-0.481528,0.048687,-0.468482,-0.430564,-0.126018,-0.705562,-0.489676,-0.185944,-0.743186,-0.557789,-0.030991,-0.928661,-0.399256,-0.106718,-0.902999,-0.594333,-0.131334,-1.0,-0.63926,-0.167817,-0.818633,-0.482763,-0.162822,-0.859819,-0.254171,-0.065321,-0.849737,-0.452132,-0.123723,-0.635042,-0.373805,-0.115124,-0.462974,-0.349698,-0.18112,-0.446314,-0.256777,0.01991,-0.097857,-0.350307,-0.075663,0.233794,-0.393877,0.137531,0.227828,-0.425156,-0.122938,0.086758,-0.569484,-0.091412
P,0.0,0.0,0.0,-0.158915,-0.207826,-0.175687,-0.273191,-0.107392,-0.147904,-0.270967,-0.110768,-0.219809,-0.461877,-0.201485,-0.198188,-0.709772,-0.25637,-0.205673,-0.748408,-0.326484,-0.184888,-0.740369,-0.443516,-0.041898,-1.0,-0.381444,-0.289999,-0.939209,-0.339323,-0.224248,-0.930958,-0.222269,-0.224108,-0.814452,-0.417032,-0.384107,-0.835334,-0.232875,-0.243593,-0.742507,-0.147854,-0.13266,-0.64096,-0.187875,-0.105925,-0.570967,-0.246741,-0.080993,-0.472889,-0.265851,-0.235275,-0.157305,-0.278871,-0.097022,-0.15307,-0.099057,-0.163368,0.015672,-0.242886,-0.228148,-0.037394,-0.339634,-0.250438
P,0.0,0.0,0.0,-0.061597,-0.233662,-0.168994,-0.160257,-0.327701,-0.058405,-0.427961,-0.405691,0.149952,-0.454185,-0.521941,0.192293,-0.496133,-0.631445,-0.031679,-0.530218,-0.62489,-0.039067,-0.741125,-0.6129,0.007546,-0.846517,-0.605669,0.043219,-1.0,-0.575669,-0.091038,-0.803301,-0.57447,0.084099,-0.914846,-0.52686,0.037005,-0.884014,-0.399068,-0.018414,-0.691037,-0.437488,-0.004002,-0.657345,-0.445865,-0.119561,-0.563071,-0.448267,0.14054,-0.238089,-0.368568,-0.072199,-0.207358,-0.509488,0.022009,-0.069261,-0.432323,0.099247,-0.172492,-0.594222,0.093585,0.056425,-0.584552,-0.03338
P,0.0,0.0,0.0,-0.215884,-0.058042,-0.038892,-0.343306,-0.303333,-0.052037,-0.242918,-0.381726,0.030861,-0.656451,-0.326175,-0.063721,-0.607792,-0.421105,0.030777,-0.74844,-0.339152,-0.023764,-0.717958,-0.454685,-0.042311,-0.909011,-0.489676,-0.048403,-1.0,-0.472866,0.069222,-0.859299,-0.443012,0.004132,-0.906087,-0.353479,-0.038577,-0.872374,-0.360144,-0.115176,-0.820548,-0.464337,0.008031,-0.651449,-0.293236,-0.074543,-0.468054,-0.295399,0.169967,-0.339046,-0.375618,-0.102789,-0.256891,-0.422823,-0.064657,-0.245768,-0.419945,0.085061,-0.178158,-0.457369,-0.160058,-0.207612,-0.512866,-0.056751
P,0.0,0.0,0.0,0.049532,0.091922,0.063126,-0.119156,-0.002893,0.185609,-0.205515,-0.156509,0.174381,-0.415713,-0.240076,0.08996,-0.645383,-0.383631,0.251375,-0.560212,-0.40403,0.237128,-0.67072,-0.379781,0.194518,-0.725587,-0.444132,0.098317,-0.802633,-0.449858,0.120348,-1.0,-0.227752,0.007412,-0.913013,-0.398658,-0.003076,-0.985642,-0.286711,0.185324,-0.70346,-0.217799,0.133563,-0.47642,-0.147701,0.204629,-0.385011,-0.232165,0.374245,-0.177548,-0.199217,0.196944,-0.138483,-0.23143,0.22242,-0.137466,-0.262119,0.169809,0.081826,-0.280815,0.157776,0.147189,-0.38089,0.214136
Q,0.0,0.0,0.0,-0.170536,-0.27422,-0.066878,-0.214882,-0.269619,-0.036746,-0.380471,-0.387033,-0.065713,-0.538613,-0.456177,-0.141563,-0.645809,-0.463821,-0.158941,-0.86399,-0.657575,-0.24597,-0.696303,-0.552197,-0.117034,-1.0,-0.393428,-0.03822,-0.945761,-0.44782,-0.067946,-0.963504,-0.555643,-0.139098,-0.951516,-0.398123,-0.122126,-0.691883,-0.509131,-0.1085,-0.711281,-0.486386,-0.084844,-0.506282,-0.311732,0.000584,-0.496963,-0.435389,-0.051045,-0.153115,-0.324151,0.08316,-0.216937,-0.511714,0.027261,-0.113265,-0.435117,-0.002331,-0.058713,-0.438167,-0.162458,-0.011908,-0.533355,0.048574
Q,0.0,0.0,0.0,0.105441,-0.185282,0.095105,-0.130927,-0.435348,-0.052236,-0.409841,-0.26732,-0.032775,-0.594122,-0.386484,0.057237,-0.670608,-0.542889,-0.050509,-0.924465,-0.476321,0.048189,-0.942283,-0.393364,-0.034122,-0.972554,-0.486012,-0.005499,-0.989393,-0.486028,-0.191707,-1.0,-0.431261,-0.161637,-0.975937,-0.359589,-0.094306,-0.87881,-0.274928,0.061264,-0.629846,-0.485459,-0.053316,-0.518453,-0.495004,0.033692,-0.39641,-0.263175,-0.074696,-0.227548,-0.317543,-0.031552,-0.100566,-0.396294,-0.153791,-0.213061,-0.478588,-0.011755,-0.075356,-0.402817,0.0125,0.059394,-0.582826,-0.041574
Q,0.0,0.0,0.0,-0.203273,-0.057382,-0.130432,-0.262089,-0.221574,0.024861,-0.415461,-0.367691,-0.008118,-0.522861,-0.214706,-0.011097,-0.679277,-0.414349,0.10083,-0.754221,-0.33552,-0.108479,-0.959089,-0.42677,0.092899,-0.978768,-0.401841,-0.038373,-0.975808,-0.307007,-0.107524,-1.0,-0.123971,-0.114148,-0.818787,-0.351864,-0.145544,-0.799359,-0.349604,-0.045957,-0.740469,-0.140278,-0.105092,-0.51115,-0.18907,0.006811,-0.480591,-0.188565,0.051178,-0.273803,-0.224752,-0.043062,-0.131105,-0.226568,-0.013989,-0.181743,-0.198227,0.109656,-0.023037,-0.271045,0.073282,-0.079744,-0.234221,-0.104535
Q,0.0,0.0,0.0,0.087163,-0.065311,0.054163,-0.406605,-0.108632,0.120312,-0.294935,-0.315275,-0.052762,-0.502656,-0.393391,0.171369,-0.570786,-0.222434,0.001759,-0.811338,-0.427714,-0.03604,-0.902522,-0.279204,0.051955,-0.917154,-0.510084,-0.019893,-1.0,-0.237633,0.018192,-0.951796,-0.49659,-0.065807,-0.961548,-0.255519,-0.135621,-0.790489,-0.436114,-0.13374,-0.757577,-0.267139,0.037868,-0.674442,-0.252404,-0.022131,-0.327619,-0.205504,-0.036627,-0.326165,-0.241207,-0.090074,0.023563,-0.220045,-0.039375,-0.10157,-0.362235,0.046547,-0.095164,-0.339559,0.038138,0.003616,-0.488024,0.035752
Q,0.0,0.0,0.0,-0.036531,-0.211458,-0.035207,-0.075278,-0.279432,0.081471,-0.288988,-0.363337,-0.020442,-0.416731,-0.27618,0.054109,-0.703409,-0.333738,-0.058954,-0.608827,-0.484215,-0.085214,-0.848579,-0.509825,0.010201,-0.981244,-0.602951,-0.061955,-0.982639,-0.439782,0.049849,-0.988023,-0.43928,-0.047461,-1.0,-0.342684,-0.018546,-0.960944,-0.263358,0.182921,-0.647868,-0.491392,-0.038357,-0.651708,-0.302022,0.092358,-0.423096,-0.08589,-0.226785,-0.210901,-0.23439,-0.067415,-0.144845,-0.226339,0.217613,0.259361,-0.3794,0.140576,0.124015,-0.33147,-0.035089,0.036117,-0.358163,0.132445
Q,0.0,0.0,0.0,0.136398,-0.303883,0.021552,-0.266899,-0.407927,0.04491,-0.321789,-0.443499,0.129917,-0.329511,-0.385383,-0.094138,-0.556756,-0.446954,-0.026151,-0.69288,-0.542556,-0.047506,-0.928003,-0.443861,0.098649,-0.920032,-0.425363,0.096973,-0.932298,-0.491718,0.000298,-1.0,-0.412096,-0.024535,-0.983161,-0.526822,-0.10367,-0.741988,-0.414482,-0.004423,-0.548162,-0.320636,-0.029376,-0.594186,-0.309616,-0.033615,-0.261787,-0.304707,0.06962,-0.296054,-0.28034,0.153071,-0.105075,-0.278934,0.019357,-0.005148,-0.227608,0.002516,0.098312,-0.488887,0.030624,0.121647,-0.608677,-0.072837
Q,0.0,0.0,0.0,-0.095048,0.029164,-0.013784,-0.075268,-0.077555,-0.100909,-0.237645,-0.215718,0.025159,-0.405232,-0.376678,-0.021591,-0.675785,-0.216826,-0.121483,-0.875213,-0.488743,-0.089219,-0.887796,-0.364529,-0.10656,-0.995542,-0.390292,-0.03764,-0.973795,-0.34113,-0.133134,-1.0,-0.326294,-0.120848,-0.847973,-0.227007,-0.135226,-0.785028,-0.230408,-0.073363,-0.674996,-0.273084,-0.061287,-0.534322,-0.310461,-0.192666,-0.435774,-0.266713,0.080965,-0.265965,-0.215127,-0.075625,-0.215097,-0.347328,-0.151426,-0.020625,-0.298947,0.044039,0.018529,-0.362987,-0.250662,0.135256,-0.454804,-0.281633
Q,0.0,0.0,0.0,-0.064133,-0.0808,0.15922,-0.191493,-0.095801,0.142087,-0.287329,-0.183774,0.118094,-0.33151,-0.196696,0.053057,-0.657893,-0.35905,0.12079,-0.78111,-0.373971,-0.029912,-0.732847,-0.286476,0.110353,-0.904986,-0.458184,-0.033798,-1.0,-0.411065,0.100575,-0.909674,-0.264013,0.098953,-0.91668,-0.20914,-0.076711,-0.738379,-0.144354,-0.034245,-0.583193,-0.178287,0.038595,-0.601103,-0.156976,0.128307,-0.399524,-0.237783,0.16086,-0.158711,-0.101331,0.223781,-0.18029,-0.296265,0.128689,-0.077003,-0.158555,0.004924,-0.068516,-0.281186,0.071415,0.061223,-0.364365,-0.103358
Q,0.0,0.0,0.0,-0.297916,-0.159938,-0.192669,-0.306515,-0.128115,-0.136237,-0.494598,-0.227886,-0.160041,-0.533478,-0.229166,-0.216296,-0.833366,-0.409479,-0.190318,-0.832712,-0.354696,-0.143872,-0.939646,-0.253327,-0.1723,-1.0,-0.454088,-0.199631,-0.996224,-0.385193,-0.308653,-0.947966,-0.378243,-0.220253,-0.973672,-0.256318,-0.284456,-0.906658,-0.321502,-0.19816,-0.763034,-0.172833,-0.083484,-0.695615,-0.232682,-0.079904,-0.516176,-0.124067,-0.023188,-0.491926,-0.157232,-0.190227,-0.230147,-0.308952,-0.097575,-0.29353,-0.228156,-0.09035,-0.254661,-0.412244,-0.21178,-0.228903,-0.464276,-0.347258
Q,0.0,0.0,0.0,-0.176407,-0.146202,0.125475,-0.124357,-0.246453,0.007452,-0.318077,-0.416255,0.084356,-0.428868,-0.489976,0.079794,-0.733463,-0.538062,0.03121,-0.648557,-0.488804,0.242521,-0.79786,-0.428638,-0.051736,-0.947065,-0.577521,-0.01316,-1.0,-0.479823,0.059388,-0.976184,-0.38925,-0.10644,-0.875279,-0.451461,0.030144,-0.760647,-0.493288,0.137937,-0.725351,-0.225385,0.058725,-0.485379,-0.336549,0.093086,-0.437131,-0.348135,0.067704,-0.299378,-0.297551,0.105747,-0.165888,-0.469063,0.145835,-0.173217,-0.516543,0.196901,0.032594,-0.452321,0.118167,-0.084477,-0.556167,-0.024181
Q,0.0,0.0,0.0,-0.269855,-0.107992,0.003833,-0.115301,-0.215813,0.161898,-0.284518,-0.392128,0.006153,-0.55212,-0.426957,0.05005,-0.525255,-0.38617,-0.06676,-0.826101,-0.435204,-0.017456,-0.862434,-0.514994,0.031137,-1.0,-0.426091,0.145235,-0.910379,-0.508249,0.225766,-0.874094,-0.443043,-0.064916,-0.888191,-0.286359,0.176187,-0.773395,-0.367313,0.00276,-0.630039,-0.392964,0.202347,-0.577069,-0.170684,0.200701,-0.104892,-0.269549,0.088287,-0.243071,-0.234438,0.059393,0.02319,-0.187548,0.082562,-0.042582,-0.35749,0.043389,0.119876,-0.368262,0.12858,0.217075,-0.442806,0.08351
Q,0.0,0.0,0.0,-0.246475,-0.255218,0.09562,-0.378097,-0.285094,0.010782,-0.376825,-0.312537,0.134494,-0.56325,-0.337376,0.048337,-0.687845,-0.423631,0.073083,-0.765085,-0.323478,0.010161,-0.916337,-0.384676,0.036382,-0.955845,-0.365434,0.132838,-0.886465,-0.415395,0.110251,-1.0,-0.390531,0.035635,-0.999645,-0.3505,-0.075064,-0.893999,-0.24977,0.074188,-0.763255,-0.164969,0.197593,-0.62577,-0.155308,0.089509,-0.521344,-0.192335,0.072026,-0.56885,-0.284893,-0.028484,-0.317163,-0.326294,0.032202,-0.281537,-0.410621,0.007182,-0.184304,-0.400108,0.050262,-0.097672,-0.52049,-0.051937
Q,0.0,0.0,0.0,-0.267774,-0.180324,0.057415,-0.227327,-0.389534,0.023529,-0.266236,-0.29852,0.102063,-0.560192,-0.300858,-0.032114,-0.679604,-0.541642,0.078908,-0.799015,-0.534207,0.130904,-0.815859,-0.356947,-0.066368,-1.0,-0.339449,0.07774,-0.861508,-0.423254,0.003863,-0.90726,-0.475734,0.025987,-0.725957,-0.376753,-0.088612,-0.793188,-0.384614,0.0345,-0.638264,-0.256182,0.02944,-0.531023,-0.392519,0.096612,-0.485942,-0.432451,0.010556,-0.335516,-0.22056,0.098874,-0.247508,-0.236511,0.108176,-0.076097,-0.289508,0.02243,-0.05163,-0.315173,0.148676,-0.126086,-0.475303,0.091908
Q,0.0,0.0,0.0,-0.155283,-0.052213,0.005973,-0.190968,-0.264746,0.025992,-0.32643,-0.279461,0.062204,-0.47926,-0.121063,-0.004634,-0.584619,-0.385027,-0.001125,-0.783064,-0.347921,0.155559,-0.735387,-0.37792,0.013236,-0.843589,-0.335808,-0.030994,-0.868693,-0.207828,0.079387,-0.810034,-0.307114,-0.071564,-1.0,-0.414057,0.001993,-0.739954,-0.176878,0.05252,-0.717739,-0.163332,-0.027737,-0.618321,-0.146862,-0.010643,-0.46191,-0.251112,0.101215,-0.239466,-0.143419,0.050363,-0.18378,-0.155496,0.045447,-0.154295,-0.290191,0.022836,-0.039435,-0.300066,0.03247,-0.088975,-0.43292,0.069584
Q,0.0,0.0,0.0,-0.003946,-0.080907,0.029421,-0.091375,-0.085092,-0.004874,-0.27047,-0.274525,-0.031102,-0.405772,-0.387539,0.009679,-0.702672,-0.205381,-0.043764,-0.863103,-0.434194,0.056469,-0.934008,-0.471702,0.038758,-0.893429,-0.545417,-0.092197,-1.0,-0.4923,-0.059549,-0.925151,-0.306232,-0.001801,-0.912244,-0.295628,-0.060587,-0.796429,-0.326705,-0.023457,-0.887055,-0.294977,0.022675,-0.595853,-0.154244,0.002488,-0.474564,-0.267217,0.074293,-0.161403,-0.421906,0.015754,-0.191279,-0.431374,0.036275,-0.093956,-0.33316,-0.066263,-0.01478,-0.457606,-0.069895,-0.013111,-0.355191,0.010684
Q,0.0,0.0,0.0,-0.186268,-0.278354,-0.072142,-0.218441,-0.35359,-0.061968,-0.262933,-0.325257,0.026196,-0.535512,-0.446699,-0.034987,-0.503814,-0.583693,0.042736,-0.67283,-0.457382,-0.011277,-0.842272,-0.357973,-0.111095,-0.834657,-0.523985,-0.041249,-0.892836,-0.586072,-0.173043,-1.0,-0.514056,-0.057225,-0.908416,-0.555,0.002682,-0.886004,-0.38534,-0.098787,-0.575296,-0.430571,-0.149396,-0.537166,-0.433525,0.056457,-0.375431,-0.409577,-0.061948,-0.34961,-0.411693,0.111443,-0.169215,-0.321946,-0.10282,-0.213762,-0.496595,0.034278,-0.046857,-0.418442,0.056123,-0.085634,-0.492475,0.043919
Q,0.0,0.0,0.0,-0.168709,-0.010058,0.210873,-0.30063,-0.035777,0.091291,-0.326132,-0.168589,0.199577,-0.505774,-0.348423,0.206284,-0.527962,-0.292581,0.213762,-0.772228,-0.353006,0.093695,-0.838904,-0.359483,0.210021,-1.0,-0.299176,0.032339,-0.826908,-0.350102,0.145567,-0.89897,-0.306528,0.0636,-0.878052,-0.147769,0.0541,-0.739087,-0.155185,0.149954,-0.737036,-0.148869,0.14771,-0.543748,-0.115419,0.306579,-0.377676,-0.053017,0.189109,-0.255022,-0.095319,0.30188,-0.188311,-0.071311,0.312309,-0.056464,-0.186638,0.096978,-0.089664,-0.192111,0.252716,-0.003053,-0.315015,0.085124
Q,0.0,0.0,0.0,-0.101003,0.222434,0.134152,-0.254546,-0.218786,-0.025677,-0.189908,-0.282097,0.214333,-0.430336,-0.258429,-0.009446,-0.49606,-0.241353,0.137946,-0.75294,-0.259228,0.161496,-0.793524,-0.406097,0.060408,-0.855918,-0.182213,0.045378,-0.862092,-0.247408,-0.12013,-0.873227,-0.258287,0.147782,-1.0,-0.324249,0.059114,-0.67246,-0.20934,0.01339,-0.653554,-0.208082,0.125826,-0.566349,-0.091921,-0.036235,-0.242239,-0.307034,-0.001536,-0.057496,-0.135869,0.033156,-0.215918,-0.201865,0.099288,0.017046,-0.183158,-0.085302,0.043246,-0.241884,0.060486,0.045036,-0.443935,-0.064026
Q,0.0,0.0,0.0,-0.17166,-0.125071,0.117172,-0.336457,-0.04661,-0.006855,-0.385034,-0.170843,0.151184,-0.511731,-0.301955,0.191765,-0.613848,-0.305191,-0.051142,-0.732657,-0.317874,-0.038621,-0.898986,-0.319516,0.068668,-0.982515,-0.39199,0.025811,-1.0,-0.317658,0.133515,-0.934114,-0.205603,-0.07947,-0.93752,-0.303831,-0.058242,-0.926144,-0.203829,0.066127,-0.758785,-0.243362,0.066138,-0.564067,-0.098115,0.160408,-0.48063,-0.16753,0.021761,-0.200699,-0.14902,0.165206,-0.223624,-0.116252,0.13911,-0.02522,-0.320662,0.074629,0.009839,-0.345142,0.084717,-0.018067,-0.297864,0.05066
Q,0.0,0.0,0.0,-0.15809,-0.099609,0.023421,-0.25796,-0.255758,-0.009454,-0.223508,-0.287931,-0.03272,-0.424546,-0.36928,0.110751,-0.644887,-0.369349,-0.04949,-0.852216,-0.459039,-0.171969,-0.744681,-0.527325,-0.032462,-0.944319,-0.335409,-0.214486,-0.861485,-0.320264,-0.085866,-0.96772,-0.281334,-0.086968,-1.0,-0.323123,0.084818,-0.674472,-0.335689,-0.057268,-0.672191,-0.202739,-0.130942,-0.434415,-0.190118,-0.009247,-0.242691,-0.175691,0.029699,-0.183699,-0.20129,-0.007189,-0.202102,-0.318475,-0.017823,-0.030234,-0.307388,-0.098938,-0.035052,-0.365298,-0.067191,-0.031829,-0.347757,-0.114858
Q,0.0,0.0,0.0,0.146256,-0.049558,0.116657,-0.017842,-0.222027,0.133918,-0.336774,-0.369109,0.162637,-0.343198,-0.431591,0.120188,-0.605081,-0.341519,0.087719,-0.666587,-0.37521,0.044332,-0.870212,-0.438771,0.037402,-1.0,-0.314405,-0.096983,-0.940895,-0.303971,-0.02649,-0.947124,-0.312541,-0.213451,-0.896685,-0.484878,0.136432,-0.861457,-0.166644,-0.002368,-0.627548,-0.358312,0.0839,-0.515741,-0.259495,0.266086,-0.238503,-0.314545,0.145399,-0.306272,-0.37457,0.088461,0.062471,-0.423953,0.182895,0.057262,-0.388587,0.168376,0.129252,-0.392642,0.075958,0.065899,-0.541799,0.077869
Q,0.0,0.0,0.0,-0.087893,-0.16724,0.179279,-0.258742,-0.074648,0.156679,-0.411865,-0.351617,-0.032018,-0.381809,-0.265296,0.115824,-0.486894,-0.402779,0.160877,-0.702138,-0.445114,0.12112,-0.852361,-0.336384,0.006201,-0.870414,-0.507983,-0.118175,-0.922537,-0.578359,0.176774,-0.970246,-0.406712,-0.024629,-0.873806,-0.337432,-0.055197,-1.0,-0.420558,-0.0041,-0.639901,-0.283632,0.123244,-0.651301,-0.34966,0.047703,-0.236986,-0.042461,-0.012519,-0.125735,-0.265135,0.146848,-0.197688,-0.184767,-0.091501,-0.101355,-0.361544,0.022579,0.064636,-0.457731,0.016988,0.058194,-0.499482,0.034447
Q,0.0,0.0,0.0,-0.124058,0.04845,-0.097857,-0.283914,-0.118537,0.122598,-0.436913,-0.147948,-0.03848,-0.442223,-0.33718,-0.022678,-0.58,-0.397391,-0.059282,-0.736727,-0.342158,-0.091845,-0.740011,-0.29357,-0.183696,-0.847924,-0.323423,-0.171494,-1.0,-0.24648,-0.177982,-0.839544,-0.353713,0.00336,-0.670459,-0.209956,-0.034639,-0.805985,-0.25667,-0.023101,-0.654922,-0.287638,-0.07994,-0.625976,-0.18484,0.007864,-0.305832,-0.143923,0.040576,-0.315323,-0.048781,-0.102202,-0.231415,-0.22141,-0.112321,-0.056354,-0.137689,-0.075623,-0.023239,-0.37616,-0.091372,0.088751,-0.247633,-0.195811
Q,0.0,0.0,0.0,0.090877,-0.274947,-0.108108,-0.097237,-0.502567,0.162003,-0.13551,-0.680739,0.319441,-0.454153,-0.623089,-0.219163,-0.542621,-0.917776,-0.016466,-0.827292,-0.718464,-0.013189,-0.848093,-0.660804,-0.143768,-1.0,-0.837142,-0.158703,-0.849963,-0.853034,-0.162149,-0.81546,-0.721483,-0.094766,-0.913275,-0.778779,-0.156016,-0.900647,-0.54421,0.006905,-0.766787,-0.61394,0.043428,-0.76416,-0.551778,0.065736,-0.472088,-0.510795,0.016043,-0.076723,-0.619905,0.069299,-0.229055,-0.593032,0.078506,-0.04462,-0.547402,0.066542,0.073274,-0.735279,-0.310874,0.015419,-0.69995,-0.090354
Q,0.0,0.0,0.0,-0.044462,-0.149921,0.105011,-0.169225,-0.195964,0.252668,-0.174049,-0.278175,0.091797,-0.479234,-0.195221,0.177937,-0.52655,-0.225021,0.064212,-0.665461,-0.340403,0.1395,-0.717879,-0.36368,0.036639,-0.943293,-0.221385,0.065394,-0.996433,-0.230646,-0.064116,-1.0,-0.326692,0.020131,-0.817919,-0.411776,0.094091,-0.665322,-0.31315,0.062671,-0.703916,-0.192525,0.034844,-0.604562,-0.206695,0.155949,-0.373688,-0.218779,0.192304,-0.239982,-0.276299,-0.045227,-0.108536,-0.231753,0.058519,0.053884,-0.13508,0.212138,0.00207,-0.531905,0.183248,-0.070708,-0.414544,0.142434
Q,0.0,0.0,0.0,-0.168279,-0.302678,-0.113943,-0.245617,-0.284681,-0.083427,-0.459176,-0.339584,0.103425,-0.548195,-0.475654,-0.034487,-0.728014,-0.430895,0.084309,-0.745194,-0.515611,-0.091021,-0.887746,-0.521216,-0.127579,-0.994835,-0.414014,-0.020009,-0.966179,-0.540049,-0.115127,-0.999489,-0.502603,0.033005,-1.0,-0.350581,0.001344,-0.993107,-0.562334,0.033113,-0.764017,-0.459238,0.057929,-0.56517,-0.414705,-0.129177,-0.454856,-0.254736,-0.024402,-0.333884,-0.331931,0.02561,-0.231174,-0.41765,-0.059039,-0.156035,-0.398854,-0.187563,-0.225386,-0.527937,0.023259,-0.241347,-0.57488,0.108563
Q,0.0,0.0,0.0,-4.8e-05,-0.096567,0.009616,-0.149393,-0.090287,0.067566,-0.27031,-0.169753,0.011086,-0.619017,-0.274674,0.072786,-0.569105,-0.363112,0.115663,-0.610953,-0.267551,0.028541,-0.746558,-0.328245,0.014339,-0.7705,-0.386989,-0.067223,-0.865963,-0.319198,0.0068,-1.0,-0.380204,-0.145441,-0.808205,-0.342392,-0.015838,-0.682122,-0.126204,0.017711,-0.545867,-0.34295,-0.009519,-0.541579,-0.186204,0.035782,-0.363287,-0.153555,0.025822,-0.126906,-0.133623,0.002986,-0.036649,-0.236062,0.011342,-0.00643,-0.387947,-0.014984,0.04137,-0.351142,0.074615,-0.005353,-0.388919,-0.02728
Q,0.0,0.0,0.0,-0.117771,-0.373471,-0.042001,0.043374,-0.017145,-0.143752,-0.070782,-0.246476,-0.024707,-0.212299,-0.380313,0.002112,-0.703886,-0.464335,0.008765,-0.49607,-0.588531,-0.09943,-0.864056,-0.278171,-0.150422,-0.785952,-0.646959,-0.031969,-0.931667,-0.548861,-0.01875,-1.0,-0.598412,-0.109511,-0.950049,-0.393464,-0.093114,-0.625233,-0.40663,-0.019266,-0.730846,-0.382355,-0.097583,-0.362432,-0.387442,-0.049663,-0.274864,-0.37283,0.149694,0.032185,-0.395674,0.102262,-0.080271,-0.373435,0.077763,0.111074,-0.373485,0.092623,0.256264,-0.450995,-0.089044,0.170794,-0.631888,0.011492
Q,0.0,0.0,0.0,-0.059687,-0.07795,0.008181,-0.066503,-0.265544,0.023526,-0.289821,-0.117196,-0.063212,-0.420445,-0.284714,0.017675,-0.653814,-0.224144,-0.063435,-0.674788,-0.415702,-0.066793,-0.803616,-0.195034,-0.069407,-0.969736,-0.388627,-0.084729,-1.0,-0.360292,-0.226224,-0.935184,-0.271891,-0.182395,-0.755002,-0.209456,-0.001904,-0.787421,-0.279724,-0.202009,-0.683773,-0.129574,-0.121008,-0.461294,-0.055218,-0.139789,-0.46841,-0.082189,-0.03909,-0.210126,-0.108203,-0.180955,-0.076746,-0.173258,-0.030581,-0.09566,-0.223417,-0.126108,0.11963,-0.29757,-0.159985,-0.033485,-0.298305,-0.056315
Q,0.0,0.0,0.0,-0.200369,-0.114994,0.046183,-0.251438,-0.074606,0.131902,-0.38904,-0.161539,0.095201,-0.423361,-0.068788,0.064303,-0.56458,-0.228667,0.129341,-0.673474,-0.30981,0.118249,-0.847925,-0.332512,0.096614,-0.888705,-0.407456,0.070885,-0.962431,-0.357924,0.092702,-1.0,-0.314365,-0.044086,-0.918321,-0.10571,-0.013031,-0.822903,-0.14423,0.086276,-0.717859,-0.259455,0.123044,-0.609795,-0.047182,0.077097,-0.347493,-0.126719,0.166779,-0.351799,-0.221958,0.092665,-0.166298,-0.175192,-0.023918,-0.245557,-0.255115,0.122086,-0.128252,-0.3309,-0.00123,-0.042157,-0.355665,0.159021
Q,0.0,0.0,0.0,0.10531,-0.101871,-0.064601,-0.098651,-0.26035,-0.087659,-0.138256,-0.573137,-0.092957,-0.527909,-0.336289,0.020212,-0.588148,-0.471574,0.007753,-0.793088,-0.496831,0.079508,-0.670977,-0.446712,-0.043515,-0.806436,-0.452646,-0.183486,-1.0,-0.438016,-0.156323,-0.998225,-0.351222,-0.092766,-0.85814,-0.52818,-0.122972,-0.78261,-0.465846,-0.165788,-0.471772,-0.235341,-0.044335,-0.582217,-0.480107,-0.050361,-0.501617,-0.360962,-0.169644,-0.164207,-0.311617,-0.009939,0.161558,-0.371009,0.143876,0.100427,-0.225942,-0.175023,0.040364,-0.487207,0.086283,0.123813,-0.60373,-0.02404
Q,0.0,0.0,0.0,-0.009395,0.051053,0.185372,-0.165587,-0.192773,0.087449,-0.437746,-0.132499,0.056883,-0.62239,-0.255953,0.176304,-0.734488,-0.316383,0.037608,-0.6842,-0.484156,0.141494,-0.911669,-0.353488,0.098285,-0.819814,-0.332059,-0.037698,-1.0,-0.23164,-0.05969,-0.92653,-0.290767,0.062803,-0.898235,-0.29205,-0.018977,-0.853506,-0.330152,0.075494,-0.685165,-0.308466,0.030896,-0.589016,-0.223013,0.072483,-0.438292,-0.104615,0.094008,-0.254373,-0.279106,0.018165,-0.285888,-0.227028,0.092016,0.025138,-0.297885,0.132886,-0.109804,-0.290517,0.036219,-0.106813,-0.426564,0.144032
Q,0.0,0.0,0.0,-0.071802,-0.168207,-0.018664,-0.090452,-0.283353,-0.1199,-0.297272,-0.243212,-0.006259,-0.410339,-0.492223,0.081403,-0.528519,-0.348825,0.027294,-0.578093,-0.332417,-0.033926,-0.744702,-0.348103,-0.00462,-0.854101,-0.380058,0.026249,-1.0,-0.527864,-0.151702,-0.772028,-0.354963,-0.054798,-0.712034,-0.461393,-0.168028,-0.600912,-0.342707,0.025674,-0.630528,-0.399077,-0.131138,-0.393249,-0.2212,0.019775,-0.351085,-0.248283,0.037372,-0.333555,-0.324866,0.015831,0.004199,-0.326759,-0.002209,0.003158,-0.339262,-0.129317,0.013172,-0.574123,-0.084358,0.10226,-0.540117,-0.091771
Q,0.0,0.0,0.0,-0.045469,-0.327827,0.057061,-0.208298,-0.438296,0.031349,-0.239236,-0.461815,-0.038075,-0.51137,-0.615606,0.122087,-0.680443,-0.524589,0.110855,-0.741201,-0.575847,-0.025669,-0.79325,-0.72335,-0.046463,-0.955765,-0.544984,0.101693,-1.0,-0.61009,-0.132392,-0.960978,-0.489503,-0.179062,-0.90071,-0.486368,-0.023398,-0.826913,-0.440761,-0.069796,-0.753249,-0.622112,0.041905,-0.537676,-0.502401,-0.03107,-0.413883,-0.441287,-0.040996,-0.422713,-0.587878,-0.058328,-0.246086,-0.483397,0.051514,-0.075915,-0.489645,0.057275,0.014999,-0.568873,-0.079081,-0.103658,-0.694255,0.067881
Q,0.0,0.0,0.0,-0.141959,-0.023966,-0.063465,-0.110896,-0.096283,-0.077574,-0.471859,-0.082433,0.084296,-0.56528,-0.311801,0.062428,-0.588799,-0.265763,0.016723,-0.737475,-0.400196,-0.077587,-0.90789,-0.39382,-0.015079,-1.0,-0.246999,-0.09881,-0.98875,-0.365612,-0.216111,-0.901285,-0.404593,-0.186365,-0.871589,-0.303853,0.074201,-0.79408,-0.274028,-0.031797,-0.872803,-0.255625,-0.017601,-0.599768,-0.29684,0.039984,-0.532705,-0.189444,0.039904,-0.263216,-0.269826,0.103408,-0.240462,-0.263526,-0.046085,-0.153451,-0.323356,-0.0083,-0.084937,-0.343333,-0.005674,-0.028743,-0.367618,-0.089134
Q,0.0,0.0,0.0,-0.151838,-0.105058,-0.037646,-0.103027,-0.229676,-0.272811,-0.16708,-0.341266,-0.2017,-0.422599,-0.251207,-0.094498,-0.625424,-0.395784,-0.134053,-0.772903,-0.439035,-0.235153,-0.929103,-0.409103,-0.225081,-0.927422,-0.511651,-0.260159,-1.0,-0.476542,-0.258583,-0.933081,-0.284234,-0.161285,-0.921145,-0.415777,-0.357261,-0.853444,-0.418662,-0.184466,-0.533871,-0.329552,-0.283061,-0.540452,-0.310768,-0.037018,-0.525708,-0.346219,-0.063718,-0.352923,-0.223363,-0.178449,-0.012458,-0.298594,-0.146653,0.047905,-0.336073,-0.255105,0.011455,-0.533584,-0.249572,-0.110829,-0.286995,-0.204727
Q,0.0,0.0,0.0,-0.052574,0.034675,-0.024031,-0.139352,-0.178352,0.029153,-0.34509,-0.301568,-0.134858,-0.515752,-0.295814,-0.017673,-0.554705,-0.210656,0.039367,-0.722219,-0.350881,-0.020311,-0.841734,-0.343217,-0.011861,-0.945028,-0.38659,-0.057397,-1.0,-0.216105,-0.121775,-0.748661,-0.173506,-0.175778,-0.821149,-0.277932,-0.031228,-0.705422,-0.294965,-0.090605,-0.649475,-0.233617,-0.203689,-0.494151,-0.154972,-0.010774,-0.414,-0.000113,0.083565,-0.351836,-0.170449,0.099558,-0.07407,-0.319708,-0.041101,-0.162663,-0.193679,-0.091501,0.099364,-0.201337,-0.063802,-0.109891,-0.439051,-0.032281
Q,0.0,0.0,0.0,-0.088181,-0.268092,0.060664,-0.172295,-0.297076,0.271047,-0.381507,-0.348486,0.275344,-0.583048,-0.34468,0.222874,-0.728953,-0.448819,0.165617,-0.75608,-0.460012,0.123559,-0.969931,-0.475933,0.158412,-0.955382,-0.477693,0.139023,-0.995456,-0.371224,0.102921,-0.958566,-0.304346,0.227553,-0.957465,-0.35776,0.085327,-1.0,-0.315649,0.195114,-0.784088,-0.287003,0.329521,-0.486411,-0.345438,0.264774,-0.4627,-0.191386,0.396115,-0.144977,-0.193638,0.261475,-0.226744,-0.074047,0.186368,-0.036599,-0.339412,0.120506,0.090595,-0.520301,0.030171,0.018999,-0.482277,0.215538
Q,0.0,0.0,0.0,-0.000524,-0.079219,0.170597,-0.079636,-0.256606,0.120755,-0.280277,-0.295389,-0.032193,-0.400315,-0.34458,0.213563,-0.514635,-0.427081,0.04519,-0.821608,-0.3218,-0.054222,-1.0,-0.404493,0.013001,-0.905281,-0.45502,-0.098285,-0.930723,-0.476286,-0.0619,-0.836324,-0.359044,-0.207219,-0.878465,-0.303436,-0.110686,-0.871994,-0.274398,-0.026488,-0.838001,-0.228321,0.020355,-0.508898,-0.305902,0.14538,-0.477448,-0.239597,0.175084,-0.355394,-0.357036,0.20357,-0.03937,-0.386573,-0.033395,-0.010527,-0.336811,0.039313,0.206462,-0.371568,-0.047077,0.115465,-0.495469,-0.057366
Q,0.0,0.0,0.0,-0.20295,-0.195276,-0.063362,-0.214018,-0.235275,-0.121043,-0.300172,-0.390942,-0.011235,-0.582521,-0.500299,0.153767,-0.55874,-0.370262,-0.050779,-0.612443,-0.49418,-0.066564,-0.921414,-0.574314,-0.08583,-0.97652,-0.42681,0.138892,-0.96035,-0.491445,-0.194988,-1.0,-0.566503,-0.000126,-0.743197,-0.496502,-0.062453,-0.817323,-0.337063,-0.020712,-0.533719,-0.413534,0.059423,-0.600908,-0.455574,0.117763,-0.285935,-0.300735,-0.018863,-0.375086,-0.295058,-0.125236,-0.117113,-0.387296,-0.011344,-0.174043,-0.499352,-0.001193,-0.032754,-0.456391,0.060423,-0.03302,-0.468117,-0.147045
Q,0.0,0.0,0.0,-0.011874,-0.26958,-0.135988,-0.199536,-0.284463,-0.205349,-0.144622,-0.319441,0.073364,-0.400404,-0.483205,-0.002164,-0.639686,-0.362122,-0.062245,-0.791741,-0.592796,-0.135856,-0.799571,-0.624514,-0.11134,-0.83471,-0.483468,-0.208725,-0.883735,-0.67331,-0.26075,-1.0,-0.498357,-0.15183,-0.878024,-0.519124,-0.293572,-0.833063,-0.579426,-0.096662,-0.792512,-0.375007,0.043751,-0.681877,-0.56824,-0.072841,-0.282241,-0.372253,-0.068669,-0.317809,-0.330395,0.100114,-0.254562,-0.391372,0.175219,-0.049538,-0.476605,-0.063308,0.024348,-0.431469,0.066196,-0.074084,-0.685149,-0.005541
Q,0.0,0.0,0.0,-0.114765,-0.103574,-0.058374,-0.250553,-0.246491,-0.046708,-0.329618,-0.296768,-0.156717,-0.532998,-0.384274,0.113291,-0.689183,-0.424848,-0.032265,-0.695632,-0.557067,-0.112594,-0.982626,-0.4692,-0.194724,-0.871576,-0.430431,-0.047207,-0.854369,-0.472248,-0.036488,-0.966511,-0.290974,-0.048861,-1.0,-0.346849,-0.144193,-0.902754,-0.347403,-0.085415,-0.812646,-0.499019,-0.021467,-0.566483,-0.264094,0.130917,-0.569376,-0.158275,0.192471,-0.158494,-0.317875,0.03029,-0.238773,-0.367828,0.123304,-0.026132,-0.294087,-0.126226,-0.147001,-0.331198,-0.026009,-0.041392,-0.354398,-0.035821
Q,0.0,0.0,0.0,-0.051158,0.045217,-0.049728,0.000843,0.025102,-0.016112,-0.307781,-0.12492,0.128376,-0.464373,-0.284391,-0.118012,-0.657221,-0.39922,0.011205,-0.767133,-0.203853,-0.068762,-0.843398,-0.175252,-0.071082,-0.818551,-0.184465,-0.148197,-0.791313,-0.305131,0.018194,-1.0,-0.235282,0.010634,-0.980944,-0.231062,-0.103734,-0.993692,-0.080649,-0.136918,-0.716937,-0.144377,0.013726,-0.567715,-0.145775,0.021698,-0.356501,-0.21013,-0.011655,-0.09602,0.119263,-0.16127,0.009048,-0.133328,-0.066056,-4e-06,-0.28328,-0.16275,0.142394,-0.095099,-0.02796,0.134579,-0.417709,-0.178583
Q,0.0,0.0,0.0,-0.121328,-0.091301,0.114274,-0.079672,-0.2149,-0.118452,-0.333404,-0.213369,-0.076741,-0.358464,-0.248159,-0.047376,-0.662246,-0.395478,-0.109979,-0.818894,-0.439722,0.003455,-0.784573,-0.378616,-0.001972,-0.887279,-0.428867,-0.244529,-0.944006,-0.284862,-0.242348,-1.0,-0.225863,-0.012133,-0.896944,-0.25572,-0.161347,-0.691641,-0.181226,-0.17125,-0.624648,-0.251456,-0.155366,-0.580188,-0.242304,-0.129487,-0.506842,-0.219737,-0.085662,-0.360136,-0.126348,-0.181844,-0.159022,-0.139993,0.040684,-0.081564,-0.153711,-0.098722,0.199195,-0.412102,-0.174311,0.042095,-0.473778,-0.173839
Q,0.0,0.0,0.0,-0.093939,-0.268193,0.03258,-0.226567,-0.207561,-0.069378,-0.251241,-0.213864,-0.034132,-0.408873,-0.194403,0.050118,-0.681406,-0.382795,0.036137,-0.516813,-0.449095,-0.001627,-0.82426,-0.31651,-0.037109,-1.0,-0.397015,-0.037078,-0.818309,-0.341941,0.005483,-0.843868,-0.324232,-0.037214,-0.817886,-0.263057,0.029715,-0.714565,-0.305463,-0.082381,-0.583757,-0.314372,0.022175,-0.478544,-0.156331,0.123555,-0.566262,-0.233756,-0.099741,-0.162868,-0.226619,0.121681,-0.119847,-0.335728,-0.029225,-0.068039,-0.241599,0.023554,-0.001405,-0.354914,0.075369,0.005371,-0.392858,-0.000642
Q,0.0,0.0,0.0,0.022515,-0.007779,-0.03082,-0.141773,-0.226868,0.067967,-0.366088,-0.242108,0.083493,-0.429384,-0.30164,-0.015191,-0.742464,-0.428496,-0.005144,-0.785298,-0.36194,-0.151855,-1.0,-0.354721,-0.082765,-0.890349,-0.44776,-0.031855,-0.842366,-0.268568,-0.142296,-0.977039,-0.342035,0.064619,-0.981443,-0.414967,-0.004361,-0.846659,-0.232158,-0.101471,-0.637344,-0.296711,-0.110514,-0.508262,-0.331761,0.03153,-0.386641,-0.334091,0.033105,-0.198767,-0.42106,0.007042,-0.094707,-0.244982,-0.147267,0.028338,-0.253414,-0.094993,-0.059656,-0.4371,-0.032667,-0.035676,-0.546912,0.104511
Q,0.0,0.0,0.0,-0.110677,0.0653,0.148236,0.009951,-0.15062,0.019927,-0.304614,-0.221846,0.158314,-0.516877,-0.18456,-0.002555,-0.605472,-0.40646,0.022203,-0.753267,-0.306539,0.096479,-0.865402,-0.58849,0.113887,-1.0,-0.370079,0.092745,-0.985502,-0.56038,0.122484,-0.840727,-0.296994,-0.05438,-0.83229,-0.352691,0.013487,-0.738604,-0.239809,-0.154106,-0.692786,-0.163671,-0.046359,-0.480831,-0.377864,0.071887,-0.362007,-0.25035,0.202007,-0.376249,-0.167709,0.111339,-0.201678,-0.223136,0.091213,0.088187,-0.254572,0.111253,-0.034278,-0.35339,0.004011,0.027344,-0.342599,0.00371
Q,0.0,0.0,0.0,0.174531,-0.078759,-0.0625,-0.046546,-0.216063,0.014269,-0.409754,-0.378952,0.02583,-0.26737,-0.450333,-0.052173,-0.529855,-0.456792,0.036373,-0.710112,-0.40286,0.059309,-0.795149,-0.519499,-0.069885,-0.888682,-0.484891,-0.224798,-0.804843,-0.320751,-0.170566,-1.0,-0.352245,-0.14863,-0.86366,-0.403216,-0.201667,-0.673318,-0.461843,-0.176729,-0.684683,-0.312915,-0.203103,-0.26707,-0.334792,-0.205273,-0.372574,-0.244666,0.094527,-0.124805,-0.292895,-0.1399,0.111338,-0.278168,0.002742,0.08573,-0.323331,-0.109481,0.217431,-0.362998,-0.076755,0.128526,-0.686714,-0.235468
Q,0.0,0.0,0.0,-0.224173,0.004995,0.018346,-0.270656,-0.260145,-0.17889,-0.407818,-0.311228,-0.03064,-0.366683,-0.536576,-0.049391,-0.744096,-0.342109,-0.034369,-0.787483,-0.502766,-0.148358,-0.802432,-0.488225,-0.083362,-0.926852,-0.564374,0.036092,-0.881923,-0.479148,-0.158187,-0.945573,-0.358168,0.006456,-0.891126,-0.402831,-0.109646,-1.0,-0.413693,-0.070507,-0.907042,-0.33469,-0.139474,-0.458573,-0.349912,-0.073668,-0.446319,-0.317986,0.024663,-0.320414,-0.321526,0.027701,-0.169223,-0.29435,-0.08113,-0.049233,-0.283968,-0.016761,-0.172563,-0.404289,-0.181245,-0.086531,-0.486669,-0.189913
Q,0.0,0.0,0.0,-0.126093,-0.067376,0.166713,-0.022622,-0.299713,0.136133,-0.292561,-0.421265,0.042987,-0.658733,-0.473577,-0.025025,-0.555729,-0.405874,-0.061668,-0.64913,-0.515124,-0.032296,-1.0,-0.542754,0.022389,-0.838138,-0.474803,-0.015319,-0.91186,-0.431999,-0.131949,-0.989565,-0.463204,-0.011929,-0.933498,-0.446298,0.143781,-0.793752,-0.295777,0.028226,-0.582802,-0.312288,0.151061,-0.749725,-0.271505,0.112852,-0.306891,-0.364895,0.041887,-0.268556,-0.23331,0.187574,-0.18592,-0.283661,0.021766,0.213848,-0.298241,0.04558,0.107964,-0.299959,0.054765,-0.025669,-0.365686,0.095387
Q,0.0,0.0,0.0,-0.085703,-0.172314,0.127311,-0.106376,-0.183471,0.135816,-0.164627,-0.202736,0.129494,-0.470412,-0.430729,-0.062571,-0.595964,-0.516153,0.023777,-0.742972,-0.669861,0.043987,-0.838501,-0.632683,0.147125,-0.897737,-0.388308,0.048353,-0.940332,-0.348473,0.110892,-0.796195,-0.456706,-0.065669,-1.0,-0.492832,0.071592,-0.575494,-0.247424,0.02181,-0.610678,-0.38897,0.021601,-0.612041,-0.400794,0.132896,-0.24309,-0.221671,0.223586,-0.151749,-0.31825,0.059427,-0.039454,-0.481206,0.042744,-0.056575,-0.279255,-0.042618,0.144844,-0.414773,0.08129,0.038395,-0.651992,0.065101
Q,0.0,0.0,0.0,-0.214246,-0.178287,0.065147,-0.287732,-0.289865,-0.056602,-0.31323,-0.256255,0.140045,-0.642929,-0.26706,0.133063,-0.533357,-0.385856,0.05392,-0.728689,-0.486244,-0.046517,-0.828436,-0.446718,0.046708,-0.939586,-0.529898,-0.127608,-1.0,-0.352302,-0.071872,-0.913124,-0.500876,-0.021372,-0.88278,-0.261364,-0.010399,-0.745303,-0.174908,0.000678,-0.576753,-0.280006,-0.018641,-0.566393,-0.306005,0.006127,-0.464134,-0.282441,0.10502,-0.416274,-0.244688,0.064323,-0.079045,-0.313505,0.129344,-0.157995,-0.358165,0.059634,-0.001717,-0.399281,0.023314,-0.048371,-0.392883,-0.024966
Q,0.0,0.0,0.0,-0.002135,0.015662,-0.1639,-0.265988,-0.383621,-0.046504,-0.198952,-0.621747,0.077363,-0.613971,-0.458627,0.053381,-0.562985,-0.533747,-0.000805,-0.96452,-0.343478,0.01594,-0.868471,-0.458345,-0.042963,-0.951277,-0.482504,-0.186569,-0.978722,-0.344016,0.080024,-0.880704,-0.327148,-0.178888,-1.0,-0.534463,0.245866,-0.833135,-0.540693,-0.128519,-0.711667,-0.503432,0.155001,-0.498298,-0.334853,-0.073766,-0.519358,-0.321359,0.04439,-0.361823,-0.362465,0.030848,-0.053786,-0.200902,-0.154815,0.052044,-0.488479,0.040535,0.052582,-0.450213,-0.129709,0.136517,-0.573671,0.072748
Q,0.0,0.0,0.0,-0.109702,-0.015328,0.039374,-0.343694,-0.169288,-0.126602,-0.414307,-0.290578,0.014944,-0.520443,-0.323673,0.039476,-0.570999,-0.333394,0.009113,-0.702377,-0.24153,-0.075899,-0.892058,-0.370196,-0.147599,-0.930256,-0.34802,-0.134663,-0.949692,-0.380898,-0.139029,-1.0,-0.268468,-0.014978,-0.813741,-0.24424,-0.126209,-0.787433,-0.332501,-0.088807,-0.697166,-0.347953,-0.049436,-0.608335,-0.216433,-0.055661,-0.420703,-0.178667,-0.113255,-0.344258,-0.2756,0.055142,-0.101006,-0.248334,-0.005901,-0.238438,-0.266295,-0.067739,0.001413,-0.354095,-0.126954,-0.174203,-0.392384,-0.12804
Q,0.0,0.0,0.0,-0.109829,-0.015766,-0.055374,-0.300793,-0.08823,-0.009301,-0.328344,-0.217286,0.051679,-0.460891,-0.384065,0.181296,-0.67826,-0.474384,0.099455,-0.717413,-0.419046,0.016206,-0.905805,-0.49236,-0.0528,-0.91559,-0.448153,-0.13587,-1.0,-0.430934,-1.4e-05,-0.938387,-0.261166,-0.107779,-0.869974,-0.311972,-0.004429,-0.847283,-0.376702,-0.008347,-0.843562,-0.366541,-0.053924,-0.546291,-0.233579,-0.04089,-0.542158,-0.377142,0.121424,-0.249923,-0.228353,0.162091,-0.074573,-0.369422,0.014995,-0.062657,-0.536485,0.007863,-4e-06,-0.415565,0.057302,-0.206472,-0.440075,-0.051045
Q,0.0,0.0,0.0,-0.050835,-0.019013,0.062303,-0.24297,-0.116954,-0.14345,-0.363971,-0.186215,-0.102825,-0.293394,-0.131556,-0.097572,-0.732325,-0.348322,-0.014525,-0.816882,-0.221515,-0.076025,-0.952739,-0.416619,-0.191096,-1.0,-0.449906,-0.216443,-0.99991,-0.230247,-0.144838,-0.917233,-0.278465,-0.244844,-0.80882,-0.307897,-0.194265,-0.776663,-0.032784,-0.191256,-0.814827,-0.182465,-0.063847,-0.571203,-0.232273,-0.201125,-0.355406,-0.014946,0.057191,-0.212467,-0.213867,-0.048966,-0.137582,-0.256048,-0.076634,0.088388,-0.261948,-0.126134,0.017585,-0.243311,-0.06492,-0.037987,-0.401761,-0.068104
Q,0.0,0.0,0.0,0.093546,-0.241206,0.02507,-0.095898,-0.225554,0.015351,-0.198966,-0.44235,-0.009462,-0.552915,-0.477767,-0.077159,-0.555315,-0.423792,0.020076,-0.653993,-0.522139,-0.058834,-0.919132,-0.692634,-0.192149,-0.953603,-0.460559,-0.190126,-1.0,-0.551373,-0.000735,-0.927097,-0.474537,-0.069667,-0.759103,-0.444866,-0.230287,-0.767596,-0.302562,-0.017521,-0.63784,-0.358851,-0.190202,-0.670242,-0.294028,0.08039,-0.414293,-0.340267,0.041442,-0.089961,-0.367786,0.05331,0.059283,-0.406952,-0.009763,-0.09498,-0.510309,0.035549,0.141949,-0.393689,-0.140636,0.041034,-0.525355,-0.262933
Q,0.0,0.0,0.0,-0.269417,-0.200056,-0.04423,-0.175002,-0.305615,-0.066743,-0.479239,-0.363385,0.008127,-0.484554,-0.353292,-0.157279,-0.699562,-0.478014,-0.102857,-0.627732,-0.539073,0.022044,-0.846454,-0.507046,-0.237882,-0.865973,-0.506532,-0.028493,-1.0,-0.514623,-0.020995,-0.770068,-0.52827,-0.172457,-0.955791,-0.589845,-0.140043,-0.798005,-0.261176,-0.068622,-0.657113,-0.334229,0.001867,-0.428739,-0.342954,-0.053389,-0.370879,-0.357058,-0.076887,-0.180776,-0.371787,-0.109147,-0.143818,-0.327775,-0.14909,-0.081752,-0.473209,0.092831,-0.00788,-0.359247,-0.066908,0.018727,-0.543144,-0.121042
Q,0.0,0.0,0.0,-0.194908,-0.039151,-0.070677,-0.166297,-0.121721,0.154458,-0.281139,-0.248377,0.000445,-0.395365,-0.298862,-0.013678,-0.586037,-0.483483,0.036764,-0.793335,-0.389755,0.165478,-0.878875,-0.311133,0.06648,-0.847559,-0.338043,-0.124067,-1.0,-0.440397,-0.075239,-0.965018,-0.392041,-0.003234,-0.923603,-0.314973,-0.157992,-0.787328,-0.259697,-0.060316,-0.640805,-0.212841,0.057947,-0.479858,-0.144065,0.165234,-0.372047,-0.265883,0.013229,-0.273031,-0.269535,-0.148916,-0.101023,-0.217206,0.191607,0.118737,-0.207509,0.065711,-0.039618,-0.305935,-0.01205,0.047913,-0.458201,0.007127
Q,0.0,0.0,0.0,0.162281,-0.513746,-0.252283,-0.057235,-0.533903,0.084447,-0.177739,-0.602422,0.059809,-0.386469,-0.651243,0.014889,-0.633352,-0.631931,-0.046207,-0.809425,-0.577749,-0.165538,-1.0,-0.838147,-0.246259,-0.919133,-0.612276,-0.152326,-0.831098,-0.64088,-0.430583,-0.881595,-0.758252,-0.139778,-0.90714,-0.412738,-0.132329,-0.74282,-0.529132,-0.283514,-0.556764,-0.612449,-0.182647,-0.418127,-0.703479,-0.008887,-0.336972,-0.566026,-0.282986,-0.077921,-0.540934,-0.118106,-0.10401,-0.518835,-0.054667,0.086799,-0.727843,-0.080813,0.170168,-0.586566,-0.245297,0.094785,-0.617646,-0.145414
R,0.0,0.0,0.0,-0.191838,-0.003916,-0.118477,-0.197578,-0.250025,0.016089,-0.278878,-0.335451,-0.176291,-0.512426,-0.479296,-0.026868,-0.682906,-0.420678,-0.020185,-0.690109,-0.401586,-0.191817,-0.807113,-0.492915,-0.117021,-1.0,-0.328102,-0.15878,-0.916841,-0.366982,-0.193262,-0.883595,-0.268181,-0.103115,-0.767359,-0.314218,-0.195621,-0.638779,-0.37126,-0.015455,-0.540094,-0.186477,-0.092117,-0.463652,-0.188646,-0.213839,-0.35799,-0.273014,-0.198458,-0.134905,-0.175488,-0.220976,-0.10821,-0.315428,-0.075392,0.062809,-0.372159,-0.046735,0.039616,-0.462336,-0.123985,-0.070402,-0.516731,-0.177206
R,0.0,0.0,0.0,-0.027688,-0.310309,-0.044626,-0.126731,-0.308178,0.01397,-0.529115,-0.459611,-0.139391,-0.56916,-0.51017,-0.238917,-0.526573,-0.568041,-0.05464,-0.752833,-0.559178,-0.09114,-0.870153,-0.75698,-0.065228,-0.953703,-0.519417,-0.147267,-1.0,-0.708728,-0.176036,-0.939185,-0.522189,-0.017275,-0.87182,-0.555711,-0.109119,-0.843268,-0.387226,-0.199653,-0.67672,-0.57729,-0.09977,-0.410929,-0.30733,-0.087263,-0.320316,-0.702154,-0.045288,-0.140243,-0.471321,0.075695,0.036592,-0.548135,-0.15719,-0.030333,-0.609368,-0.061649,-0.075466,-0.659987,-0.050305,0.014783,-0.761757,-0.242297
R,0.0,0.0,0.0,0.240827,0.001375,0.03255,0.141209,-0.086396,0.135012,-0.134809,-0.348493,-0.078492,-0.348095,-0.461516,0.142304,-0.498383,-0.567304,0.166533,-0.616348,-0.604792,0.188101,-0.630794,-0.422215,0.160505,-1.0,-0.286708,0.11148,-0.896632,-0.332705,0.08579,-0.889117,-0.407249,0.032042,-0.798136,-0.383593,0.051866,-0.664936,-0.275577,0.125712,-0.431076,-0.256132,0.13644,-0.21253,-0.270483,-0.019149,-0.212126,-0.111633,0.120838,-0.069567,-0.054236,0.050798,0.180721,-0.149005,0.226138,0.339132,-0.355673,0.190312,0.345143,-0.33401,0.241784,0.213259,-0.443819,0.087677
R,0.0,0.0,0.0,-0.092087,-0.27624,-0.141733,-0.214483,-0.412613,-0.110269,-0.458725,-0.473813,-0.066395,-0.484413,-0.391959,-0.080399,-0.707706,-0.512469,-0.038026,-0.839551,-0.531443,-0.094583,-0.967255,-0.485658,-0.189166,-1.0,-0.498735,-0.111101,-0.951006,-0.434434,-0.121217,-0.890147,-0.440037,-0.135679,-0.883338,-0.360344,-0.086905,-0.730353,-0.45672,-0.183328,-0.595079,-0.5002,-0.097716,-0.48457,-0.114573,-0.068543,-0.372501,-0.230742,-0.114102,-0.23184,-0.325539,-0.040067,-0.198666,-0.299631,-0.134457,0.101416,-0.525712,-0.170318,-0.173497,-0.251517,-0.228995,0.030839,-0.501708,-0.226883
R,0.0,0.0,0.0,-0.254788,0.034905,-0.062627,-0.221148,-0.106137,0.22828,-0.378404,-0.10211,0.144286,-0.526701,-0.133971,0.13047,-0.586101,-0.319677,0.127072,-0.7103,-0.349008,0.06131,-0.988401,-0.387461,0.039579,-0.781269,-0.118847,0.002639,-1.0,-0.166627,-0.133373,-0.933034,-0.261236,0.009472,-0.736009,-0.365329,0.050577,-0.714006,-0.147565,0.068895,-0.578577,-0.10651,-0.0805,-0.546388,0.015258,0.004232,-0.337241,-0.15417,0.147714,-0.231958,-0.065282,0.134408,-0.1419,-0.308684,0.033045,-0.130078,-0.280595,0.116614,0.143399,-0.437,-0.054778,0.003718,-0.351916,0.06864
R,0.0,0.0,0.0,-0.015498,-0.133594,-0.12476,-0.168187,-0.260318,-0.032919,-0.398203,-0.420614,-0.070453,-0.645371,-0.269834,0.091919,-0.679269,-0.617516,0.029798,-0.84725,-0.52578,0.150543,-0.757991,-0.71588,-0.036172,-0.96892,-0.470095,-0.136513,-1.0,-0.567616,-0.012259,-0.884048,-0.300528,-0.165691,-0.87171,-0.229167,-0.143799,-0.867438,-0.342557,0.035821,-0.696921,-0.174801,-0.115239,-0.427214,-0.379808,-0.053342,-0.255094,-0.337302,-0.128163,-0.247964,-0.272922,0.037982,0.001625,-0.420184,-0.096448,-0.04682,-0.486997,-0.030659,-0.038573,-0.405562,-0.008659,-0.019328,-0.603948,-0.153216
R,0.0,0.0,0.0,-0.227638,-0.152122,-0.185945,-0.211246,-0.129024,-0.062442,-0.337609,-0.302326,-0.040825,-0.487841,-0.158309,-0.136089,-0.607795,-0.567152,-0.201448,-0.928018,-0.28207,-0.24969,-0.867858,-0.276325,-0.265354,-1.0,-0.351334,-0.223348,-0.97238,-0.334018,-0.394091,-0.954334,-0.173481,-0.396954,-0.932006,-0.31377,-0.130163,-0.704259,-0.265933,-0.324665,-0.639915,-0.262752,-0.102793,-0.509227,-0.001808,-0.007308,-0.193056,-0.106507,-0.223604,-0.311948,-0.105088,-0.076382,-0.030562,-0.313007,-0.218159,0.04071,-0.305878,-0.237796,-0.011839,-0.340092,-0.214212,-0.007703,-0.422075,-0.199568
R,0.0,0.0,0.0,-0.123556,-0.015823,-0.062379,-0.282741,-0.070962,0.020488,-0.374031,-0.199048,0.040316,-0.456316,-0.285946,0.056967,-0.760443,-0.173028,0.177477,-0.75604,-0.245481,-0.041876,-0.996889,-0.387793,0.095785,-0.821824,-0.249666,0.129356,-1.0,-0.254571,-0.075716,-0.956176,-0.169427,0.065231,-0.924279,-0.193456,-0.016689,-0.867645,-0.09953,-0.150996,-0.82054,-0.193168,-0.071269,-0.426811,-0.166679,0.136609,-0.249233,-0.120835,0.104543,-0.109876,-0.055556,-0.098117,-0.130071,-0.13175,0.087532,-0.096166,-0.376402,0.100728,-0.043822,-0.315363,0.034683,0.006461,-0.474711,-0.009902
R,0.0,0.0,0.0,0.16272,-0.344164,-0.017414,-0.192021,-0.390391,-0.003139,-0.349295,-0.481192,0.178894,-0.468584,-0.383132,0.10915,-0.492312,-0.575779,0.115794,-0.742414,-0.349949,0.03243,-0.928546,-0.414787,0.058962,-1.0,-0.443216,0.074419,-0.872707,-0.557908,0.01509,-0.828681,-0.465337,-0.103288,-0.757496,-0.48525,-0.036716,-0.606001,-0.254504,-0.074109,-0.697505,-0.408028,0.05984,-0.479716,-0.246153,-0.044276,-0.314368,-0.34551,0.106902,-0.259301,-0.323029,0.054126,-0.09739,-0.349545,0.008583,-0.029526,-0.43604,-0.080984,0.04777,-0.428472,-0.046446,0.161884,-0.598849,-0.123012
R,0.0,0.0,0.0,-0.032949,-0.022466,0.158027,-0.220484,-0.067925,0.168187,-0.34085,-0.157974,0.253264,-0.597523,-0.370552,0.174708,-0.534323,-0.453075,0.184082,-0.769674,-0.332313,0.055075,-1.0,-0.516213,-0.008418,-0.92675,-0.375051,0.017573,-0.901667,-0.388531,0.045046,-0.803924,-0.324111,0.08587,-0.75515,-0.30274,-0.073372,-0.691586,-0.310292,0.140549,-0.488578,-0.255221,0.112018,-0.405026,-0.280892,0.120917,-0.431479,-0.142533,0.256652,-0.185848,-0.287017,0.154623,-0.18377,-0.293392,0.09608,-0.057061,-0.291987,0.140823,0.016055,-0.305097,0.115315,-0.028049,-0.456899,0.059315
R,0.0,0.0,0.0,-0.059444,-0.12641,0.260987,-0.096039,-0.260881,0.300521,-0.290727,-0.305003,0.117439,-0.410169,-0.379514,0.210823,-0.759121,-0.638371,0.379644,-0.769138,-0.543427,0.082597,-0.924231,-0.380314,0.219062,-0.905369,-0.512337,0.127439,-0.970546,-0.414502,0.177976,-0.81529,-0.357235,0.081585,-1.0,-0.322781,0.088783,-0.723469,-0.270933,0.303208,-0.599191,-0.234241,0.138724,-0.582644,-0.16328,0.322867,-0.328065,-0.419716,0.351288,-0.05039,-0.278343,0.328899,-0.035406,-0.284292,0.086514,0.157458,-0.508752,0.354037,0.248993,-0.651913,0.313639,0.06336,-0.487064,0.032808
R,0.0,0.0,0.0,0.036055,0.074926,0.15671,-0.231703,-0.154938,-0.027426,-0.276474,-0.014612,0.235425,-0.482803,-0.190287,0.131728,-0.558737,-0.125955,0.04873,-0.806761,-0.311773,0.069321,-0.803021,-0.295466,-0.023258,-0.992622,-0.37306,0.017174,-0.855384,-0.217057,0.060874,-1.0,-0.315162,0.03023,-0.736342,-0.113905,-0.026694,-0.541493,-0.315916,0.052827,-0.585058,-0.138998,0.118956,-0.459232,-0.227738,0.091211,-0.276932,-0.027641,0.229236,-0.220726,0.020358,0.080392,-0.077247,-0.183679,-0.05441,0.01009,-0.094546,0.125096,0.101352,-0.243995,0.164454,0.002933,-0.285825,0.042332
R,0.0,0.0,0.0,-0.098127,-0.243539,-0.019051,-0.202951,-0.140989,0.019814,-0.344238,-0.228765,0.164296,-0.546431,-0.495719,0.086938,-0.649037,-0.475402,0.115532,-0.791076,-0.281599,0.004527,-0.859816,-0.255481,0.000573,-1.0,-0.52486,-0.088593,-0.935612,-0.330351,-0.191221,-0.924907,-0.263778,-0.036609,-0.730573,-0.468328,-0.06534,-0.722417,-0.253155,-0.096515,-0.552563,-0.229169,-0.00199,-0.388022,-0.226789,-0.028835,-0.281382,-0.360205,-0.086395,-0.09725,-0.431587,0.025453,0.03861,-0.300483,0.226161,0.12466,-0.380577,0.067987,0.013606,-0.345081,-0.055288,0.215803,-0.489675,0.017549
R,0.0,0.0,0.0,-0.186929,-0.041718,0.072115,-0.085819,-0.186933,0.320074,-0.397123,-0.252152,0.025222,-0.467645,-0.261354,0.133799,-0.583625,-0.192131,0.030233,-0.745824,-0.221988,0.012908,-0.619722,-0.101236,0.07157,-1.0,-0.361475,0.076114,-0.872665,-0.407564,-0.03252,-0.884369,-0.338675,0.021938,-0.787798,-0.200424,-0.001049,-0.706591,-0.111213,0.005525,-0.54871,-0.098624,0.149727,-0.403889,-0.097756,0.116834,-0.297343,-0.046309,0.136302,-0.088012,-0.077585,0.069341,-0.042712,-0.157978,0.144412,0.099425,-0.19132,0.120534,0.066233,-0.189869,0.120617,0.085156,-0.396752,0.090879
R,0.0,0.0,0.0,0.014256,0.052747,0.054722,-0.253142,-0.144416,0.083438,-0.283867,-0.164292,0.20587,-0.390159,-0.240954,0.022189,-0.642427,-0.315832,0.114848,-0.7976,-0.110342,0.117915,-0.952456,-0.215717,0.133462,-0.875034,-0.332326,0.152138,-0.801048,-0.122289,0.153959,-1.0,-0.053422,-0.007138,-0.892494,-0.198068,-0.002657,-0.777854,-0.22129,0.010833,-0.719782,0.03302,0.230928,-0.269199,-0.084428,0.12035,-0.262433,-0.183558,0.050339,-0.318268,-0.020576,0.062908,0.018403,-0.163711,0.125628,0.001861,-0.162352,0.063861,0.142579,-0.264865,0.11,0.056457,-0.425445,0.168232
R,0.0,0.0,0.0,-0.159567,-0.184324,0.012297,-0.183402,-0.270897,0.001143,-0.33449,-0.306198,-0.005144,-0.472395,-0.471657,0.020012,-0.80055,-0.40891,-0.027788,-0.799254,-0.563068,-0.018182,-0.852303,-0.439939,-0.22762,-0.853769,-0.3612,-0.11069,-0.982492,-0.377567,-0.13271,-0.809573,-0.378842,-0.283586,-1.0,-0.40308,-0.05859,-0.739671,-0.271054,-0.127934,-0.39545,-0.29925,-0.026582,-0.49212,-0.301311,0.014342,-0.26605,-0.491887,0.02912,-0.073189,-0.219245,0.080794,0.006464,-0.116134,0.0003,-0.116684,-0.34557,0.053067,-0.00338,-0.456273,0.0357,0.055412,-0.54043,-0.023548
R,0.0,0.0,0.0,-0.007527,-0.083695,0.191557,-0.083148,-0.240871,0.221393,-0.203069,-0.429305,0.199891,-0.401643,-0.329769,0.224318,-0.571963,-0.291806,0.215503,-0.679881,-0.347803,0.144093,-0.746827,-0.313238,-0.02398,-0.898443,-0.476421,0.179486,-1.0,-0.239366,0.068438,-0.905072,-0.419634,0.027472,-0.77907,-0.246997,-0.137088,-0.666925,-0.317556,0.170355,-0.481624,-0.259711,0.207641,-0.400036,-0.209725,0.135794,-0.137205,-0.197644,0.244684,-0.104848,-0.293649,0.261465,0.017691,-0.197422,0.183949,0.294736,-0.322816,0.144342,0.097255,-0.408645,0.013718,0.223469,-0.380862,0.082202
R,0.0,0.0,0.0,0.002201,-0.178142,0.049032,-0.256989,-0.099008,0.019186,-0.132579,-0.129668,0.100219,-0.409134,-0.232963,0.025125,-0.488522,-0.316385,0.024968,-0.673095,-0.418691,0.117217,-0.787705,-0.382082,0.116667,-0.818458,-0.342298,0.062254,-1.0,-0.251614,-0.110911,-0.852735,-0.203333,0.035747,-0.665712,-0.288303,0.054286,-0.856758,-0.232008,0.018205,-0.422433,-0.165238,0.141824,-0.473803,-0.173694,0.022354,-0.330722,-0.219191,0.054654,0.053667,-0.163177,-0.002641,-0.040683,-0.108684,0.040469,0.201557,-0.159181,0.062026,0.065222,-0.389503,0.068689,0.144455,-0.289954,0.05826
R,0.0,0.0,0.0,-0.114257,-0.216079,0.011168,-0.154587,-0.377538,-0.009317,-0.372122,-0.365312,-0.118595,-0.537222,-0.25921,-0.053702,-0.521331,-0.472486,-0.1307,-0.82058,-0.54401,0.112185,-0.849628,-0.468452,-0.028288,-0.850098,-0.401322,-0.144145,-1.0,-0.520617,-0.234898,-0.919143,-0.709655,-0.055035,-0.762583,-0.457063,-0.209125,-0.581378,-0.270297,-0.099228,-0.624625,-0.317354,-0.168572,-0.40209,-0.399444,-0.222006,-0.342809,-0.382145,0.124812,-0.010263,-0.404114,-0.02387,-0.083838,-0.201796,-0.169736,0.082502,-0.296624,-0.087816,0.084119,-0.382706,-0.156475,0.125302,-0.673296,-0.218446
R,0.0,0.0,0.0,-0.234768,-0.00148,-0.115264,-0.161912,-0.044807,-0.019078,-0.530535,-0.18977,0.006424,-0.571585,-0.147963,0.120034,-0.633908,-0.149832,-0.195384,-0.807071,-0.305422,0.05625,-0.899166,-0.239061,-0.06593,-0.981353,-0.208482,-0.049,-0.922981,-0.338527,-0.008424,-1.0,-0.087504,-0.077538,-0.884272,-0.116449,-0.050336,-0.699953,-0.174717,0.026932,-0.635255,-0.062301,0.082833,-0.610537,-0.085076,0.154371,-0.306675,0.073106,-0.039046,-0.205928,-0.086187,-0.006581,-0.212693,0.009637,0.108006,-0.005233,-0.196942,0.016376,0.03462,-0.156954,-0.069901,-0.011521,-0.372318,-0.118067
R,0.0,0.0,0.0,-0.041302,-0.06748,0.15595,0.058759,-0.162138,0.018522,-0.235862,-0.34052,0.019876,-0.444496,-0.248548,0.023302,-0.632221,-0.375005,-0.02447,-0.928023,-0.561187,0.148155,-0.950034,-0.494385,0.035432,-0.859076,-0.527445,-0.183323,-0.861485,-0.351072,-0.123084,-1.0,-0.450506,0.030222,-0.791675,-0.263244,0.0022,-0.730819,-0.351956,-0.028407,-0.616517,-0.280824,0.038615,-0.597442,-0.159647,-0.032204,-0.47619,-0.29883,0.059562,0.042221,-0.294326,0.100235,0.016101,-0.421369,0.061624,0.050867,-0.335788,0.087126,0.19109,-0.495892,0.065396,0.042356,-0.59517,0.152202
R,0.0,0.0,0.0,0.009671,-0.05363,-0.113053,-0.235712,-0.244439,0.040712,-0.243656,-0.191435,-0.091436,-0.446505,-0.316972,-0.055652,-0.54391,-0.3772,0.057045,-0.671596,-0.538626,0.119566,-1.0,-0.513586,-0.046139,-0.845757,-0.385644,-0.11053,-0.897572,-0.286066,-0.176858,-0.957971,-0.374946,0.044527,-0.746327,-0.207675,0.082879,-0.590562,-0.207922,0.103747,-0.599619,-0.215667,0.095442,-0.544607,-0.24483,0.087357,-0.173444,-0.124974,-0.138685,-0.105788,-0.128585,-0.045195,0.168373,-0.196888,-0.079977,0.212753,-0.212475,0.035444,0.271126,-0.510691,0.177392,0.466777,-0.323578,-0.039911
R,0.0,0.0,0.0,0.032272,-0.134296,-0.044305,-0.082757,-0.183716,-0.012795,-0.226674,-0.1486,0.056449,-0.60442,-0.408714,-0.083333,-0.714511,-0.337954,-0.04406,-0.821361,-0.400036,-0.137798,-0.954053,-0.166132,-0.026624,-0.976859,-0.496493,-0.19686,-1.0,-0.219229,-0.102121,-0.946235,-0.206246,-0.206247,-0.764683,-0.299,-0.005848,-0.62513,-0.308693,-0.083962,-0.557096,-0.224984,-0.079562,-0.500106,-0.344896,0.059932,-0.391219,-0.37972,0.074389,-0.110963,-0.310048,0.080645,0.027778,-0.22985,-0.055644,0.044274,-0.267499,-0.115188,0.19339,-0.312303,-0.08461,0.239941,-0.480493,0.03726
R,0.0,0.0,0.0,-0.272506,-0.128888,-0.04346,-0.292864,-0.255202,0.020954,-0.3914,-0.321367,-0.040332,-0.521551,-0.447948,-0.01106,-0.861743,-0.564535,0.063803,-0.823075,-0.41127,0.181044,-0.814862,-0.373233,0.111267,-0.974713,-0.429141,0.119362,-0.988577,-0.397432,0.076873,-1.0,-0.395304,-0.132885,-0.941967,-0.375344,-0.028947,-0.724968,-0.397512,0.140228,-0.826115,-0.235572,0.109925,-0.443337,-0.177002,0.047207,-0.241919,-0.323371,0.028891,-0.031702,-0.265681,0.161544,-0.04585,-0.253703,-0.094988,0.025559,-0.365739,0.133256,-0.033658,-0.339316,-0.073905,-0.012778,-0.659066,-0.087847
R,0.0,0.0,0.0,-0.198113,-0.392407,0.077568,-0.270413,-0.353062,0.129595,-0.372934,-0.41028,0.062005,-0.393588,-0.422229,-0.13442,-0.73286,-0.505184,0.099413,-0.898597,-0.488774,-0.002365,-0.812291,-0.58525,-0.007187,-0.830896,-0.415075,0.007548,-1.0,-0.451643,-0.062725,-0.874086,-0.38775,-0.104316,-0.72769,-0.295783,-0.110988,-0.790531,-0.374286,0.050154,-0.691948,-0.388813,0.080839,-0.426914,-0.477625,0.085419,-0.44168,-0.366437,0.015413,-0.21765,-0.382188,-0.037565,-0.020487,-0.495166,-0.005589,0.08325,-0.381528,-0.096061,-0.103483,-0.575583,-0.186838,0.055875,-0.61139,-0.062624
R,0.0,0.0,0.0,-0.136602,-0.211228,-0.021506,-0.21616,-0.172851,-0.081857,-0.446293,-0.310196,-0.128218,-0.479978,-0.283051,0.199721,-0.629092,-0.332233,0.011712,-0.632259,-0.444957,0.013318,-0.798003,-0.386228,-0.091313,-1.0,-0.32715,-0.034178,-0.907345,-0.314081,-0.000303,-0.859883,-0.303571,-0.101237,-0.781318,-0.435094,-0.048992,-0.666721,-0.341212,-0.020094,-0.576701,-0.329091,0.076165,-0.438734,-0.372195,0.019541,-0.216777,-0.245676,-0.022486,-0.23858,-0.270336,-0.061831,0.010308,-0.219722,0.099403,-0.133057,-0.326065,0.081526,-0.057389,-0.404916,-0.102867,0.06795,-0.494453,-0.04983
R,0.0,0.0,0.0,0.071314,-0.212842,-0.057809,-0.273066,-0.360503,0.138449,-0.456118,-0.253487,0.123106,-0.430417,-0.495217,0.120471,-0.711904,-0.487047,0.055267,-0.586192,-0.578311,0.007172,-0.855579,-0.593446,0.10576,-1.0,-0.666821,-0.024513,-0.995791,-0.484991,-0.002494,-0.888392,-0.470316,-0.237424,-0.77499,-0.417195,0.121015,-0.608054,-0.527941,0.073112,-0.676264,-0.295885,0.134566,-0.238129,-0.385597,0.093296,-0.150865,-0.307001,-0.09946,-0.076462,-0.313775,0.049535,-0.042313,-0.416446,0.118125,0.152765,-0.413786,-0.003674,0.196086,-0.71428,-0.012425,0.117206,-0.620547,-0.136896
R,0.0,0.0,0.0,-0.108783,-0.051906,-0.055459,-0.188909,-0.20707,0.004172,-0.29582,-0.384471,-0.040489,-0.515316,-0.45265,-0.011295,-0.762398,-0.516969,-0.091472,-0.719154,-0.461691,-0.096456,-0.846632,-0.607405,-0.050378,-0.960226,-0.456182,-0.165398,-0.849858,-0.376053,-0.063625,-1.0,-0.598559,0.0316,-0.679462,-0.402834,-0.12821,-0.812649,-0.284765,-0.00658,-0.676899,-0.174202,0.083655,-0.421398,-0.376065,0.119408,-0.254959,-0.339334,0.121311,-0.112722,-0.323759,-0.046375,-0.163253,-0.495894,0.132657,-0.122403,-0.421082,-0.107631,0.152085,-0.577665,0.014846,-0.102528,-0.5038,0.050538
R,0.0,0.0,0.0,-0.147161,-0.009568,-0.018242,-0.356479,-0.039585,-0.00858,-0.401303,-0.260281,-0.076941,-0.544103,-0.266499,0.037799,-0.631701,-0.424072,-0.110217,-0.785593,-0.327506,-0.123606,-0.941089,-0.361439,-0.095629,-0.886447,-0.492051,-0.232453,-0.9088,-0.302629,-0.113077,-1.0,-0.281281,-0.103738,-0.871302,-0.290091,-0.060882,-0.705847,-0.172483,-0.044872,-0.643367,-0.183047,0.04404,-0.500061,-0.226531,0.007918,-0.266743,-0.209283,0.019178,-0.256017,-0.21661,0.115535,-0.013856,-0.304848,-0.070073,-0.088178,-0.166023,-0.131471,-0.15813,-0.496465,-0.068363,-0.012184,-0.456287,-0.068749
R,0.0,0.0,0.0,-0.016198,-0.26745,-0.190035,-0.333946,-0.143147,-0.01611,-0.346446,-0.265753,0.064968,-0.46804,-0.352515,-0.105234,-0.72337,-0.34369,-0.044372,-0.759156,-0.406556,-0.192741,-0.8684,-0.262291,0.051306,-0.933003,-0.385792,-0.068393,-1.0,-0.413218,-0.138896,-0.930175,-0.13224,-0.12727,-0.94928,-0.387509,-0.228289,-0.84541,-0.036676,-0.112908,-0.620889,-0.057021,-0.015372,-0.47356,-0.034883,-0.104751,-0.261268,-0.24457,-0.005697,-0.045532,-0.072021,0.053922,0.243994,-0.208391,-0.116365,0.115244,-0.318845,-0.157995,0.093436,-0.141941,-0.023777,0.141137,-0.559075,-0.165743
R,0.0,0.0,0.0,-0.1504,-0.082597,-0.158981,-0.295343,-0.25621,-0.050082,-0.385716,-0.236174,-0.121111,-0.493554,-0.121845,-0.00684,-0.668275,-0.360559,-0.24137,-0.786521,-0.374625,-0.140434,-0.861878,-0.2682,-0.25803,-1.0,-0.3307,-0.173241,-0.936181,-0.100607,-0.364491,-0.845179,-0.181315,-0.266942,-0.895594,-0.099467,-0.234452,-0.809531,-0.187867,-0.133647,-0.574882,-0.097499,-0.092012,-0.651698,-0.160611,-0.080556,-0.331682,-0.206487,-0.189355,-0.336819,-0.134548,-0.04097,-0.147085,-0.274031,-0.109112,-0.155549,-0.295837,-0.16594,-0.111274,-0.386065,-0.049835,-0.1964,-0.423788,-0.197944
R,0.0,0.0,0.0,-0.216786,-0.02924,-0.015895,-0.255477,-0.200425,0.090779,-0.283867,-0.203408,0.054718,-0.408105,-0.190919,0.140265,-0.633561,-0.389455,-0.120599,-0.74995,-0.297072,-0.068207,-0.82124,-0.384548,0.040369,-0.946296,-0.39287,-0.017806,-1.0,-0.25236,-0.021799,-0.97266,-0.335512,0.019209,-0.851028,-0.211417,-0.081403,-0.755779,-0.23743,0.16455,-0.670504,-0.164541,0.062572,-0.366347,-0.098403,0.016189,-0.432819,-0.291889,0.077823,-0.167147,-0.123817,0.04504,-0.136563,-0.132322,0.001227,-0.245394,-0.196401,-0.043802,-0.058788,-0.306196,-0.016048,0.031271,-0.22498,-0.061025
R,0.0,0.0,0.0,-0.154619,-0.161304,-0.053671,-0.268658,-0.237381,-0.192316,-0.370394,-0.302216,-0.034217,-0.526643,-0.335903,-0.011928,-0.685073,-0.423273,-0.092945,-0.653847,-0.435765,0.003435,-0.702493,-0.430646,-0.006028,-0.787353,-0.520731,0.045981,-0.98087,-0.39907,-0.073439,-1.0,-0.191054,-0.077875,-0.837091,-0.331225,-0.038713,-0.816235,-0.371316,0.068882,-0.615821,-0.159359,-0.076082,-0.391404,-0.167615,0.020812,-0.248861,-0.231883,0.131576,-0.247737,-0.216216,-0.052939,-0.170777,-0.291889,0.002128,0.053761,-0.360124,0.04461,0.019375,-0.419834,0.022626,-0.007315,-0.314416,-0.0185
R,0.0,0.0,0.0,-0.115189,-0.007537,0.169354,-0.164012,-0.12935,0.17122,-0.251747,-0.185769,0.130719,-0.310926,-0.421452,0.113876,-0.540425,-0.458946,-0.003307,-0.821524,-0.378196,0.024644,-0.898517,-0.282082,0.069176,-0.913167,-0.353191,-0.005326,-1.0,-0.321801,0.139986,-0.721856,-0.302816,-0.032414,-0.719114,-0.252897,0.005649,-0.499757,-0.273732,0.119406,-0.50465,-0.200249,-0.072599,-0.271161,-0.125662,0.104051,-0.121854,-0.158242,-0.00534,-0.146949,-0.212693,-0.03557,0.14505,-0.259279,0.10717,0.05086,-0.240398,0.063647,0.144175,-0.24843,0.159493,0.226205,-0.437578,-0.017446
R,0.0,0.0,0.0,-0.078412,-0.086818,0.133861,-0.108511,-0.261094,0.039809,-0.448815,-0.21796,0.199676,-0.582549,-0.26503,0.165408,-0.72896,-0.335383,0.156813,-0.948922,-0.498583,-0.143091,-0.904942,-0.498371,-0.004765,-0.917601,-0.450879,-0.150395,-1.0,-0.357074,-0.311095,-0.887438,-0.273716,-0.126791,-0.986402,-0.21985,-0.081148,-0.819366,-0.232455,-0.128084,-0.704791,-0.232823,-0.094119,-0.476177,-0.151708,0.157574,-0.400517,-0.111298,0.149632,-0.084851,-0.255876,-0.00768,0.097364,-0.264313,0.007094,0.002309,-0.234338,-0.239873,0.015119,-0.47596,0.106216,0.102791,-0.502274,-0.086525
R,0.0,0.0,0.0,0.073175,-0.276146,0.04976,-0.180499,-0.335314,0.161483,-0.242624,-0.360152,0.087343,-0.271361,-0.519091,0.065801,-0.544745,-0.573338,0.07172,-0.691102,-0.499668,0.046967,-0.852445,-0.64782,0.026538,-0.933554,-0.505141,-0.073252,-1.0,-0.441299,0.037108,-0.75248,-0.475808,-0.017534,-0.742436,-0.315609,-0.154882,-0.78286,-0.24992,-0.126987,-0.442413,-0.226534,0.10854,-0.449358,-0.396415,0.059304,-0.06132,-0.171938,0.104106,-0.199474,-0.31985,0.06415,0.05481,-0.506887,0.092126,0.008513,-0.633975,0.070159,0.335494,-0.563783,-0.014176,0.241496,-0.48503,0.00984
R,0.0,0.0,0.0,-0.077809,-0.169906,-0.003287,-0.127938,-0.217435,0.29087,-0.34325,-0.428929,0.217654,-0.520718,-0.476869,0.179694,-0.589681,-0.651702,0.037105,-0.91044,-0.65132,0.016926,-0.87692,-0.522433,-0.09666,-1.0,-0.626669,0.047199,-0.99364,-0.36552,0.040659,-0.959304,-0.460679,-0.001077,-0.719471,-0.43004,0.105524,-0.653596,-0.42263,-0.063383,-0.620777,-0.284231,-0.028028,-0.402872,-0.249707,0.256956,-0.209733,-0.293424,0.169688,-0.225054,-0.413327,0.009862,0.002294,-0.329914,0.156506,0.102949,-0.356777,0.013618,0.123375,-0.473185,0.060532,-0.070007,-0.670917,0.032367
R,0.0,0.0,0.0,-0.023241,-0.098788,-0.112124,-0.110859,-0.082308,-0.079349,-0.20787,-0.315456,-0.099157,-0.240237,-0.247466,-0.111637,-0.603383,-0.321759,0.009005,-0.669045,-0.358564,-0.26202,-0.873969,-0.349792,-0.16956,-0.793304,-0.359406,-0.11624,-1.0,-0.358503,-0.13728,-0.709312,-0.300276,-0.126404,-0.698056,-0.186118,-0.120595,-0.724989,-0.113025,-0.254918,-0.669415,-0.062059,-0.106509,-0.530085,-0.293099,-0.223016,-0.147508,-0.189857,-0.138383,-0.050544,-0.178162,-0.121818,0.01179,-0.182373,-0.061477,-0.014698,-0.341251,-0.199713,0.047616,-0.338099,-0.111003,0.001248,-0.322433,-0.26782
R,0.0,0.0,0.0,-0.199827,-0.059309,-0.043122,-0.329093,-0.041312,-0.050714,-0.338235,-0.125445,0.13056,-0.546151,-0.34136,-0.059984,-0.787926,-0.38605,0.07294,-0.936355,-0.326187,0.030374,-0.94475,-0.333139,0.106302,-0.939751,-0.240255,-0.049169,-0.932969,-0.247949,-0.012885,-1.0,-0.220898,0.143242,-0.84656,-0.065009,-0.170431,-0.781327,-0.103837,0.037215,-0.609615,-0.175343,0.129897,-0.632316,-0.139033,0.063602,-0.396683,-0.121976,-0.092815,-0.316457,-0.034787,0.09033,-0.126727,-0.09147,0.174083,0.131992,-0.377822,0.153989,-0.073107,-0.269256,0.066017,0.14568,-0.342442,0.014891
R,0.0,0.0,0.0,0.091289,0.036323,0.226426,-0.199291,0.007571,0.12485,-0.179246,-0.146802,0.108999,-0.335136,-0.352284,0.103328,-0.710445,-0.224414,0.065531,-0.655683,-0.203505,0.053424,-0.87845,-0.2363,0.156282,-0.939384,-0.350042,-0.116412,-1.0,-0.205661,-0.092379,-0.878511,-0.13619,-0.149413,-0.698658,-0.023941,0.18336,-0.553059,0.088153,0.073689,-0.473732,-0.098519,0.133151,-0.379982,-0.195254,-0.018418,-0.097361,-0.047024,0.230088,-0.151134,-0.145088,0.111933,0.069712,0.005742,0.124177,0.137414,-0.168336,0.206588,0.239957,-0.28875,0.096188,0.034737,-0.245572,0.010382
R,0.0,0.0,0.0,-0.010584,0.093876,0.004443,-0.235769,-0.115242,-0.000713,-0.221342,-0.066356,0.104828,-0.446951,-0.132326,0.0282,-0.68539,-0.335642,-0.063266,-0.743559,-0.322055,-0.220152,-0.987014,-0.122744,-0.073962,-1.0,-0.319016,-0.117436,-0.989978,-0.160456,0.074293,-0.929031,-0.229461,-0.281271,-0.944751,-0.167868,-0.063746,-0.828243,-0.179034,-0.065984,-0.676308,-0.004491,-0.164556,-0.494282,-0.091926,-0.023939,-0.294168,-0.147735,-0.165246,-0.153607,-0.181621,-0.080589,0.027544,-0.1972,0.024251,0.220415,-0.047736,-0.014361,0.174579,-0.204008,-0.069693,0.07184,-0.325765,-0.116859
R,0.0,0.0,0.0,-0.049513,-0.020232,-0.001506,-0.369652,-0.052225,-0.084889,-0.402377,-0.126892,-0.014059,-0.509221,-0.146784,0.023065,-0.617612,-0.342627,0.000389,-0.902682,-0.253022,0.124277,-0.762261,-0.329173,-0.070398,-0.896353,-0.177536,0.012048,-0.780383,-0.261121,-0.043682,-1.0,-0.133684,-0.022975,-0.807245,-0.084627,-0.109435,-0.807997,-0.170769,-0.001129,-0.497896,-0.139869,-0.054963,-0.451403,0.186284,-0.017939,-0.255907,-0.073616,-0.01194,-0.298469,-0.095402,0.090881,-0.163752,-0.095587,-0.040914,-0.060449,-0.258078,0.171029,0.025324,-0.234402,0.074694,-0.010153,-0.254456,0.073152
R,0.0,0.0,0.0,-0.088754,-0.082139,0.001987,-0.298173,-0.050024,0.089681,-0.319867,-0.14106,-0.02931,-0.549656,-0.266311,-0.008622,-0.600124,-0.323716,-0.013049,-0.695431,-0.195251,-0.04954,-0.900305,-0.135976,0.009737,-0.944928,-0.235074,0.040949,-0.964218,-0.273827,-0.027471,-0.971189,-0.230245,-0.071367,-1.0,-0.149072,0.010829,-0.595377,-0.085903,-0.082706,-0.646116,0.02312,0.039235,-0.418592,-0.128847,0.012391,-0.368343,-0.024915,0.009889,-0.206354,-0.099675,-0.041405,-0.151988,-0.051823,0.033566,-0.107658,-0.073394,0.043266,-0.147946,-0.248783,0.01419,-0.044115,-0.266712,-0.035037
R,0.0,0.0,0.0,-0.135174,-0.115936,-0.021149,-0.251228,-0.165344,0.006883,-0.533331,-0.280614,0.106749,-0.387828,-0.284778,0.089414,-0.683644,-0.334277,-0.021981,-0.748613,-0.245153,0.025358,-0.939318,-0.269627,-0.065594,-0.917674,-0.411293,-0.045409,-0.956624,-0.267985,-0.163421,-0.878879,-0.539749,-0.172152,-1.0,-0.264726,-0.023477,-0.771689,-0.142105,-0.149344,-0.748953,-0.167591,0.04372,-0.462423,-0.055887,0.010666,-0.27855,-0.246171,-0.129466,-0.18942,-0.088951,0.001266,-0.079888,-0.336399,0.020846,-0.059127,-0.282777,-0.085496,0.054478,-0.332072,-0.153448,0.069347,-0.608937,-0.106864
R,0.0,0.0,0.0,-0.077289,-0.201874,-0.21657,-0.173007,-0.302509,-0.168258,-0.245201,-0.339612,-0.001789,-0.532606,-0.392919,-0.078028,-0.746792,-0.247585,-0.181592,-0.86383,-0.521929,-0.043253,-0.961765,-0.491628,-0.058275,-0.830147,-0.505453,-0.258623,-1.0,-0.343885,-0.160525,-0.924155,-0.424788,0.0539,-0.853464,-0.383985,-0.190553,-0.772789,-0.255316,-0.214241,-0.658286,-0.222227,-0.054536,-0.457608,-0.144192,-0.313845,-0.338979,-0.456251,-0.04856,-0.110896,-0.288643,-0.118753,-0.034774,-0.29965,-0.036527,0.154203,-0.486567,-0.123887,0.04617,-0.33383,-0.17536,-0.025932,-0.526272,-0.133169
R,0.0,0.0,0.0,-0.219927,-0.078471,-0.023075,-0.180018,0.014003,0.060919,-0.422185,-0.191134,-0.005585,-0.532067,-0.327173,-0.048528,-0.723005,-0.417277,0.027766,-0.780954,-0.326355,-0.104714,-0.801427,-0.392713,-0.161528,-0.783324,-0.314133,-0.104979,-0.926885,-0.333285,-0.05614,-1.0,-0.409976,-0.083143,-0.949745,-0.3856,-0.013726,-0.712797,-0.202681,-0.142165,-0.502002,-0.117756,-0.137132,-0.477185,-0.206328,-0.020751,-0.253974,-0.20195,0.067341,-0.33543,-0.231953,-0.03168,-0.145697,-0.214639,0.000539,-0.017866,-0.198109,0.024982,-0.11083,-0.314952,-0.095746,0.052188,-0.308896,-0.010827
R,0.0,0.0,0.0,-0.239646,-0.128793,-0.000588,-0.266,-0.254733,-0.08794,-0.509175,-0.231533,-0.088532,-0.470418,-0.253265,-0.013146,-0.601445,-0.264002,0.033073,-0.866288,-0.298521,-0.026679,-0.783705,-0.314479,-0.096576,-1.0,-0.372164,-0.207809,-0.965772,-0.247453,-0.135675,-0.822409,-0.289482,-0.016335,-0.779094,-0.300023,0.002584,-0.731504,-0.2101,-0.042558,-0.673919,-0.157312,0.030826,-0.55135,-0.200506,0.04733,-0.46554,-0.160826,-0.104649,-0.275945,-0.224773,-0.098153,-0.224811,-0.241424,0.055223,-0.075704,-0.380117,-0.017356,-0.074324,-0.370957,-0.093395,-0.051469,-0.497013,-0.125053
R,0.0,0.0,0.0,0.007649,0.01751,-0.196909,-0.149289,-0.14543,-0.124332,-0.337387,-0.217144,0.053021,-0.409048,-0.44543,-0.033744,-0.726493,-0.316034,-0.033317,-0.784777,-0.062642,-0.111507,-0.83707,-0.296339,-0.016446,-0.84972,-0.292944,-0.097685,-0.916059,-0.353842,-0.145088,-1.0,-0.195041,0.015107,-0.860893,-0.232168,0.071535,-0.598871,-0.113007,-0.020236,-0.606809,-0.205403,0.003477,-0.356325,-0.226836,0.114475,-0.11284,-0.072128,0.151821,-0.032149,-0.132114,0.02934,0.006487,-0.190949,-0.075129,0.110794,-0.346106,-0.075253,0.263789,-0.217617,-0.104657,0.224803,-0.46197,-0.114978
R,0.0,0.0,0.0,-0.23676,-0.057995,0.128273,-0.428088,-0.069825,0.315072,-0.408649,-0.181323,0.230441,-0.565327,-0.21267,0.170146,-0.68967,-0.282487,0.039898,-0.68585,-0.22965,0.087864,-0.888886,-0.35548,0.145835,-0.915101,-0.181426,0.140941,-1.0,-0.159234,0.046729,-0.936819,-0.260719,0.106112,-0.781301,-0.115752,0.169779,-0.710292,-0.14792,0.055359,-0.808309,-0.198729,0.152592,-0.684156,-0.089,0.20147,-0.510287,-0.034116,0.146108,-0.388006,-0.23978,0.175888,-0.154239,-0.144339,0.248736,-0.082881,-0.234274,0.129063,0.027991,-0.339116,0.142158,-0.044615,-0.258241,0.116682
R,0.0,0.0,0.0,-0.000795,-0.031459,-0.149578,-0.156612,-0.222208,0.050166,-0.21774,-0.300094,-0.039573,-0.4411,-0.461419,-0.055475,-0.56431,-0.372243,-0.087294,-0.818335,-0.492484,-0.117973,-0.843116,-0.320994,0.033228,-1.0,-0.382389,-0.078894,-0.919266,-0.469162,-0.179557,-0.876898,-0.383406,-0.106403,-0.918185,-0.354838,-0.216098,-0.692306,-0.306786,-0.054429,-0.603347,-0.227174,0.105724,-0.457711,-0.187252,-0.083867,-0.263113,-0.186162,0.013011,-0.044108,-0.159502,0.048849,0.097342,-0.258816,-0.082209,0.171554,-0.365415,0.020114,0.033469,-0.437759,-0.126276,0.168096,-0.54902,-0.0931
R,0.0,0.0,0.0,-0.053548,-0.18158,-0.074939,-0.266595,-0.249815,-0.108539,-0.340355,-0.33664,-0.100479,-0.490922,-0.400392,0.173803,-0.629761,-0.368125,0.027932,-0.736111,-0.390492,-0.145831,-0.860843,-0.436006,-0.131988,-0.916727,-0.437978,-0.088856,-1.0,-0.481315,-0.11201,-0.86997,-0.381747,-0.069557,-0.848716,-0.421757,-0.097331,-0.790605,-0.563468,-0.052635,-0.612483,-0.196119,0.028164,-0.406861,-0.358332,0.076627,-0.285512,-0.304542,-0.053308,-0.212934,-0.310551,-0.07022,-0.045495,-0.335431,0.057089,0.017489,-0.518463,-0.041755,-0.02388,-0.489416,-0.116741,0.225752,-0.553794,-0.00745
R,0.0,0.0,0.0,-0.120963,-0.138767,0.092982,-0.190935,-0.066547,0.063177,-0.351037,-0.244985,0.137895,-0.470314,-0.195808,0.292981,-0.559367,-0.311872,-0.093164,-0.641445,-0.262001,0.169731,-0.787363,-0.439801,-0.057376,-1.0,-0.343351,-0.056536,-0.858618,-0.371419,-0.037339,-0.877929,-0.331657,-0.083506,-0.974632,-0.182522,-0.071752,-0.751434,-0.25441,-0.142419,-0.563115,-0.083626,0.126953,-0.468048,-0.095392,-0.068606,-0.220281,-0.237333,0.164193,-0.146795,-0.289829,0.108465,-0.036079,-0.205726,0.013936,-0.051931,-0.226813,0.053853,0.126512,-0.301216,0.091919,0.203547,-0.415945,-0.069734
R,0.0,0.0,0.0,0.089221,-0.095229,0.150625,-0.005553,-0.141259,0.080486,-0.345498,-0.112903,-0.019174,-0.362994,-0.403467,0.084966,-0.524166,-0.277708,-0.025921,-0.776722,-0.244059,-0.053583,-0.897474,-0.248739,-0.042021,-0.925182,-0.206405,-0.113286,-1.0,-0.321797,-0.067296,-0.973672,-0.234496,-0.067765,-0.826671,-0.266496,-0.144702,-0.78857,-0.365746,0.064162,-0.577559,-0.117636,-0.044907,-0.323263,-0.322689,0.099809,-0.269737,-0.300331,-0.208543,-0.075074,-0.112931,0.039965,0.053127,-0.193548,0.02925,0.166643,-0.41166,0.012334,0.182442,-0.397106,-0.000209,0.016,-0.443223,-0.108403
R,0.0,0.0,0.0,-0.149627,-0.099288,0.169694,-0.251654,-0.222758,0.105159,-0.444803,-0.363165,0.200185,-0.575774,-0.430265,0.326411,-0.673565,-0.55067,0.192469,-1.0,-0.325467,0.05909,-0.901035,-0.456553,0.067862,-0.869725,-0.273162,0.048158,-0.940124,-0.517323,0.220273,-0.859074,-0.303922,-0.044042,-0.941538,-0.402243,0.064575,-0.656362,-0.479716,0.176135,-0.560717,-0.351062,0.213939,-0.423882,-0.294419,0.290401,-0.3464,-0.170375,0.220959,-0.173848,-0.303045,0.088338,-0.053306,-0.418992,0.225031,0.146189,-0.334948,0.116381,0.083458,-0.427704,0.182143,0.244645,-0.491523,0.139862
R,0.0,0.0,0.0,-0.041007,-0.135356,0.059086,-0.234705,-0.026038,0.068341,-0.345081,-0.316631,0.173766,-0.485537,-0.189841,0.031975,-0.678031,-0.456181,0.184679,-0.778674,-0.20718,-0.02174,-0.871294,-0.280777,0.009191,-1.0,-0.389386,-0.068269,-0.766824,-0.376204,-0.216211,-0.956374,-0.289309,-0.076107,-0.937732,-0.277987,-0.146565,-0.627383,-0.200404,-0.004737,-0.549948,0.032658,-0.022265,-0.458911,-0.109094,0.091688,-0.254777,-0.096876,0.014558,-0.08869,-0.197217,0.074823,-0.020203,-0.280618,0.077629,0.061521,-0.43194,0.138097,-0.019841,-0.323272,0.123348,0.094959,-0.347866,0.064092
R,0.0,0.0,0.0,0.008355,0.073447,0.055952,-0.219194,-0.038849,-0.167445,-0.219082,-0.264778,-0.059077,-0.273805,-0.243816,-0.008606,-0.731797,-0.250491,0.063256,-0.797242,-0.488116,0.109305,-0.894213,-0.335434,-0.056334,-1.0,-0.188443,-0.013604,-0.908232,-0.075504,-0.144961,-0.811939,-0.423502,-0.031184,-0.655205,-0.288197,0.066262,-0.849646,0.009632,-0.088346,-0.656216,-0.182016,-0.020932,-0.452121,-0.124136,0.026203,-0.263223,-0.116594,-0.022811,-0.103953,-0.100295,0.044742,-0.022107,-0.224061,0.013272,0.03679,-0.393056,0.07079,0.120838,-0.293361,0.005265,0.027621,-0.266715,0.037974
R,0.0,0.0,0.0,0.02493,-0.053639,0.005281,-0.272589,-0.219296,-0.061741,-0.200907,-0.395958,0.010639,-0.448005,-0.222697,0.057647,-0.425743,-0.410913,-0.092268,-0.691195,-0.217838,-0.012301,-0.786413,-0.234844,-0.106169,-0.75991,-0.179508,-0.106951,-1.0,-0.285062,0.029445,-0.802805,-0.377428,-0.000342,-0.705502,-0.146455,0.001388,-0.70622,-0.107648,-0.122904,-0.622497,-0.23525,0.012505,-0.407917,-0.028981,0.069865,-0.166473,-0.034276,-0.103887,-0.00311,-0.114963,-0.109334,-0.025583,-0.208322,-0.029871,0.110462,-0.298462,0.08726,0.050344,-0.417332,-0.136821,0.091884,-0.464289,0.054626
R,0.0,0.0,0.0,-0.076454,-0.045428,0.187128,-0.080439,-0.271599,0.093032,-0.241426,-0.266903,0.152318,-0.416184,-0.239895,0.094462,-0.624624,-0.371865,0.055709,-0.722824,-0.426448,0.112264,-0.795039,-0.360818,0.013021,-0.894122,-0.358084,0.019031,-1.0,-0.331342,-0.062243,-0.987386,-0.41809,-0.045816,-0.864628,-0.186109,0.120139,-0.620018,-0.291224,-0.077055,-0.625261,-0.118192,0.083714,-0.423843,-0.2131,0.1978,-0.197983,-0.321865,-0.04854,-0.070355,-0.225008,0.211642,-0.031316,-0.197417,0.135694,0.013509,-0.327048,0.112774,0.163106,-0.380093,0.011969,0.243205,-0.428483,0.190539
R,0.0,0.0,0.0,0.059405,-0.267234,-0.161101,-0.200389,-0.145368,-0.031115,-0.313523,-0.275446,-0.036455,-0.3389,-0.417677,-0.155456,-0.730427,-0.464048,0.032868,-0.764763,-0.354847,0.163663,-0.89481,-0.333065,-0.078767,-0.939065,-0.42799,-0.074904,-0.969007,-0.277133,-0.078817,-0.956755,-0.302243,0.008142,-1.0,-0.268626,-0.18081,-0.627271,-0.221831,0.079316,-0.748524,-0.237727,0.074974,-0.29652,-0.171008,-0.019149,-0.279914,-0.296417,0.17116,-0.038013,-0.233131,0.08948,0.021072,-0.281483,-0.041196,0.053191,-0.277241,0.102636,0.132722,-0.464611,0.065825,0.162366,-0.695103,-0.113865
R,0.0,0.0,0.0,-0.217289,-0.068543,-0.064643,-0.332053,-0.180988,0.10388,-0.340842,-0.035019,-0.001967,-0.438327,-0.103698,0.126062,-0.568427,-0.273494,0.04274,-0.848831,-0.506925,0.018611,-0.94548,-0.335324,-0.084539,-0.903695,-0.305404,0.056528,-1.0,-0.252561,-0.065784,-0.939484,-0.24175,0.067074,-0.7838,-0.237491,-0.085032,-0.80664,-0.161538,-0.134305,-0.635133,-0.115166,-0.049512,-0.473667,-0.108356,-0.108151,-0.31792,-0.161797,0.18369,-0.187114,-0.210819,-0.096365,-0.098024,-0.070337,-0.01212,0.005312,-0.162992,0.068944,0.016356,-0.337169,-0.027588,-0.073031,-0.441048,0.046145
S,0.0,0.0,0.0,-0.032198,-0.132674,0.088702,-0.160177,-0.249463,0.046964,-0.311253,-0.193583,0.130127,-0.703147,-0.202882,0.052196,-0.713543,-0.344394,-0.008227,-0.686516,-0.325571,0.116259,-0.920467,-0.257087,0.148464,-1.0,-0.401885,-0.043331,-0.828286,-0.27344,0.003099,-0.826979,-0.105498,-0.125749,-0.796323,-0.459092,0.060488,-0.574246,-0.215588,0.092354,-0.641733,-0.133423,0.255435,-0.40852,-0.12843,0.041563,-0.225304,-0.080165,0.146999,-0.123163,-0.196861,0.010355,0.05953,-0.169639,-0.003018,0.054493,-0.356786,0.040122,0.122174,-0.283046,0.106725,0.014015,-0.412664,-0.030537
S,0.0,0.0,0.0,-0.207024,-0.037543,0.047815,-0.310888,-0.202033,-0.018193,-0.398496,-0.204473,-0.028754,-0.631284,-0.393537,0.168568,-0.634134,-0.213581,0.185171,-0.756197,-0.310531,0.056864,-0.91513,-0.360883,-0.012367,-0.925102,-0.407328,-0.092588,-1.0,-0.354485,0.037586,-0.886735,-0.238829,0.01937,-0.719405,-0.157843,0.125359,-0.667325,-0.148549,-0.022878,-0.681155,-0.136554,0.110478,-0.454915,-0.171349,0.138425,-0.266908,-0.207202,0.007734,-0.093988,-0.169083,0.071082,-0.153359,-0.162145,0.150465,-0.018792,-0.223204,0.024412,0.070949,-0.289009,0.003266,-0.156953,-0.472149,0.035954
S,0.0,0.0,0.0,-0.050553,0.00799,-0.164764,-0.23237,-0.162619,-0.106664,-0.389717,-0.151008,-0.020025,-0.514942,-0.231927,-0.168103,-0.538107,-0.283794,-0.127172,-0.896671,-0.252522,-0.092218,-0.892196,-0.145334,-0.068387,-1.0,-0.083928,-0.25179,-0.930087,-0.268832,-0.119746,-0.829887,-0.21292,-0.067496,-0.781766,-0.03875,-0.064702,-0.720768,-0.040528,-0.16352,-0.505668,-0.059448,-0.130483,-0.562786,0.021921,-0.038914,-0.273542,-0.093254,0.016356,0.010917,-0.047915,-0.027094,-0.038565,-0.127573,-0.139711,0.042736,-0.310487,-0.048735,-0.018934,-0.218744,-0.076367,-0.033817,-0.447283,-0.015741
S,0.0,0.0,0.0,-0.112025,-0.402045,0.177235,-0.153335,-0.35368,0.085452,-0.389775,-0.388404,0.100361,-0.420165,-0.451529,-0.007512,-0.657941,-0.482227,0.023042,-0.735794,-0.601753,0.131758,-0.833243,-0.49056,-0.01039,-0.98513,-0.360183,0.035541,-1.0,-0.401786,0.026887,-0.715887,-0.400036,0.124861,-0.75911,-0.426246,0.097776,-0.533274,-0.234764,0.106204,-0.414775,-0.270282,0.112175,-0.461668,-0.257278,0.244091,-0.333778,-0.3805,0.115491,-0.188022,-0.24778,0.009446,0.066223,-0.262939,0.18499,0.075282,-0.35722,0.025834,0.112453,-0.521101,0.160799,0.122738,-0.625005,0.096309
S,0.0,0.0,0.0,-0.091129,-0.092654,-0.047795,-0.240942,-0.020523,0.027553,-0.429739,-0.263105,0.137499,-0.479533,-0.258329,-0.018965,-0.746845,-0.341702,-0.011125,-0.842069,-0.342593,0.092727,-0.754849,-0.364513,-0.063843,-0.995347,-0.235333,-0.065587,-1.0,-0.102567,-0.011442,-0.950878,-0.080828,-0.13888,-0.741383,0.024599,-0.046691,-0.696234,-0.12208,0.159278,-0.420309,-0.148208,0.032707,-0.317325,-0.137197,-0.058377,-0.162234,-0.068629,0.06931,-0.03479,-0.220881,0.028597,0.183167,-0.126867,0.086738,0.045335,-0.374631,-0.04577,0.127626,-0.348144,-0.018795,0.053824,-0.472511,-0.129165
S,0.0,0.0,0.0,-0.206672,-0.104267,0.058272,0.004232,-0.132415,0.074219,-0.323796,-0.18137,0.082545,-0.577173,-0.276059,0.045223,-0.710444,-0.242513,-0.135592,-0.685166,-0.297083,0.042473,-0.750316,-0.172061,-0.013662,-1.0,-0.396778,-0.15055,-0.810274,-0.342444,-0.082186,-0.853784,-0.174525,-0.008571,-0.731909,-0.107703,-0.135531,-0.547802,-0.129765,0.027359,-0.531609,-0.275603,0.043833,-0.360142,-0.016827,0.046316,0.015871,-0.016557,0.008418,-0.209041,-0.202393,-0.041903,-0.032239,-0.184746,0.045117,0.172444,-0.299025,-0.104075,0.149252,-0.203962,-0.058615,0.141004,-0.335,-0.17435
S,0.0,0.0,0.0,-0.01161,-0.106285,-0.207203,-0.333143,-0.058696,-0.092661,-0.301442,-0.333536,-0.054653,-0.537555,-0.335891,-0.078778,-0.77153,-0.287816,-0.163255,-0.699969,-0.237089,-0.157136,-0.858612,-0.256297,-0.192514,-1.0,-0.329608,-0.319751,-0.846596,-0.222149,-0.262478,-0.940022,-0.19947,-0.347429,-0.876613,-0.184224,0.001002,-0.616207,-0.133235,-0.289518,-0.584601,-0.007385,-0.20112,-0.335508,-0.062847,-0.173504,-0.228237,-0.269704,-0.227354,0.00579,-0.182661,-0.060939,-0.074731,-0.118906,-0.132792,0.002657,-0.156127,-0.272469,0.244789,-0.340526,-0.254368,0.284151,-0.402285,-0.096727
S,0.0,0.0,0.0,-0.155688,-0.06724,0.163442,-0.306719,-0.122465,0.252949,-0.411427,-0.392747,0.126894,-0.585348,-0.290163,-0.012882,-0.697316,-0.352519,0.09371,-0.761229,-0.386106,0.070456,-0.941003,-0.32706,0.01709,-1.0,-0.156123,-0.002067,-0.943728,-0.255936,0.027361,-0.879247,-0.28186,0.1376,-0.906085,-0.207838,-0.06225,-0.635069,-0.238631,0.119419,-0.543169,-0.125479,0.1745,-0.461292,-0.008954,0.073815,-0.226874,-0.150919,0.170617,-0.213215,-0.149552,0.123985,0.007487,-0.167428,0.041887,0.14298,-0.266916,0.152898,-0.048407,-0.37542,0.156482,0.163682,-0.4009,0.03641
S,0.0,0.0,0.0,-0.204842,-0.297098,0.02737,-0.21306,-0.323265,0.009194,-0.264783,-0.191212,-0.039894,-0.405775,-0.433729,-0.018601,-0.563539,-0.39177,-0.103511,-0.653127,-0.331177,0.170648,-0.758884,-0.370665,-0.017735,-0.927515,-0.468872,-0.068718,-1.0,-0.427298,-0.112789,-0.690721,-0.282804,-0.193191,-0.688733,-0.22258,-0.002655,-0.484406,-0.143121,0.007074,-0.389478,-0.197899,0.053428,-0.342461,-0.2227,-0.047448,-0.100548,-0.232262,0.103074,-0.003372,-0.149487,-0.143421,0.034273,-0.200581,0.016966,0.237745,-0.314862,-0.078336,0.315693,-0.464418,-0.087608,0.212747,-0.575745,-0.154611
S,0.0,0.0,0.0,-0.044976,-0.243493,-0.053761,-0.244303,-0.309348,-0.106316,-0.250336,-0.335869,-0.166157,-0.310845,-0.453705,-0.189261,-0.705353,-0.376501,-0.198289,-0.726931,-0.441479,-0.210526,-0.941374,-0.432708,-0.169784,-0.941615,-0.388751,-0.300876,-1.0,-0.37815,-0.233663,-0.881154,-0.392609,-0.236778,-0.787753,-0.31262,-0.28711,-0.612654,-0.268959,-0.272165,-0.514501,-0.294952,-0.177801,-0.210933,-0.218888,-0.135661,-0.050206,-0.213766,-0.099435,-0.021742,-0.297223,-0.095309,0.227129,-0.42616,-0.186306,0.06921,-0.440985,-0.058489,0.152262,-0.396378,-0.253435,0.080818,-0.652996,-0.091881
S,0.0,0.0,0.0,-0.174984,0.023176,-0.060176,-0.386857,-0.15097,0.055787,-0.345137,-0.227148,-0.023511,-0.573207,-0.107794,-0.058906,-0.746099,-0.16508,0.031833,-0.767794,-0.187292,-0.17012,-0.972516,-0.327216,-0.023501,-0.945204,-0.144667,-0.167569,-0.915241,-0.241125,-0.157379,-1.0,-0.172239,-0.162427,-0.917658,-0.083451,-0.076311,-0.727773,-0.177822,0.031275,-0.526012,-0.245631,-0.108622,-0.453626,-0.110973,0.027269,-0.248037,-0.013009,-0.052484,-0.081576,-0.110766,-0.022015,-0.015146,-0.168648,-0.207223,-0.121294,-0.003135,-0.017666,0.077756,-0.143241,-0.175028,-0.05387,-0.421198,0.066127
S,0.0,0.0,0.0,-0.019286,-0.116346,0.12258,-0.200626,-0.118655,-0.063931,-0.46033,-0.452676,0.229159,-0.600295,-0.384542,-0.048775,-0.608221,-0.426569,-0.004117,-0.867391,-0.55379,0.117924,-0.851595,-0.58743,0.079696,-0.99393,-0.484474,0.161653,-1.0,-0.581325,0.077396,-0.801553,-0.406227,0.139038,-0.894755,-0.336715,-0.132453,-0.767972,-0.323252,0.113662,-0.492597,-0.186355,-0.072455,-0.207168,-0.370362,-0.015669,-0.071157,-0.416091,0.261871,-0.230581,-0.408913,0.212189,0.173125,-0.644723,0.048677,0.014448,-0.445156,0.095308,0.182718,-0.564058,-0.048222,0.103517,-0.56163,-0.016822
S,0.0,0.0,0.0,0.071026,-0.071038,0.042587,-0.129778,-0.507777,0.166164,-0.475021,-0.337247,0.194735,-0.57892,-0.538119,0.245076,-0.715692,-0.535076,0.095625,-0.854838,-0.490978,0.14505,-0.853355,-0.378869,0.067442,-0.950886,-0.471844,0.176541,-1.0,-0.40946,0.049866,-0.892582,-0.323619,0.180703,-0.724779,-0.338038,0.063914,-0.720983,-0.214122,0.114934,-0.312959,-0.287106,0.260744,-0.227116,-0.131395,0.115886,-0.208798,-0.290624,0.297892,-0.095241,-0.35502,0.229123,-0.061506,-0.278602,0.049368,0.094226,-0.311644,0.081007,0.182395,-0.395228,-0.00063,0.14089,-0.552563,-0.053438
S,0.0,0.0,0.0,-0.051707,-0.422616,0.057752,-0.095329,-0.251704,0.215797,-0.325966,-0.500858,0.191051,-0.524473,-0.598765,0.152566,-0.52629,-0.3917,0.23609,-0.737716,-0.581494,0.159403,-0.841598,-0.516328,0.139467,-0.861187,-0.527299,0.000591,-1.0,-0.419386,0.126225,-0.900599,-0.498148,0.091905,-0.616673,-0.192911,0.19433,-0.629845,-0.412459,0.138201,-0.478603,-0.32671,0.278402,-0.187968,-0.242529,0.127795,-0.149831,-0.439136,0.243154,0.103112,-0.395752,0.099455,0.183822,-0.402367,0.243364,0.098053,-0.466599,0.16823,0.159194,-0.556887,0.060834,0.220532,-0.539763,0.113668
S,0.0,0.0,0.0,0.040238,-0.330668,0.103937,-0.221105,-0.345578,0.057964,-0.521518,-0.347373,0.007836,-0.384016,-0.404346,-0.058344,-0.722605,-0.668794,0.218502,-0.992919,-0.515257,0.049243,-0.741058,-0.307956,-0.049248,-0.869267,-0.468552,-0.195927,-1.0,-0.558992,-0.047192,-0.890425,-0.391583,-0.015651,-0.747728,-0.281684,0.095653,-0.710324,-0.466391,-0.086654,-0.509892,-0.244477,0.051737,-0.423531,-0.37505,0.130351,-0.14933,-0.246365,0.051054,-0.026705,-0.32028,-0.029677,0.021067,-0.159458,0.175668,0.213508,-0.415037,0.048673,0.032442,-0.406313,-0.046539,0.128662,-0.581905,-0.066422
S,0.0,0.0,0.0,-0.151521,-0.289869,-0.038902,-0.284303,-0.22458,-0.0733,-0.482287,-0.325208,0.051603,-0.543932,-0.319019,-0.11755,-0.650003,-0.51442,0.164117,-0.693676,-0.398853,-0.178265,-0.975506,-0.279956,-0.167832,-0.874405,-0.267544,-0.091965,-1.0,-0.511121,-0.081525,-0.950006,-0.345805,-0.189456,-0.831558,-0.356339,-0.117143,-0.730975,-0.26344,-0.002576,-0.570977,-0.244333,-0.124551,-0.521574,-0.224299,0.032553,-0.411317,-0.266263,0.012135,-0.125557,-0.325065,-0.014354,0.015795,-0.384075,0.089928,-0.099701,-0.308108,-0.040977,-0.016041,-0.586214,0.021506,-0.071422,-0.536395,-0.054542
S,0.0,0.0,0.0,-0.241614,-0.054012,-0.038183,-0.282795,-0.173092,0.070232,-0.545442,-0.244456,0.1207,-0.648344,-0.405631,0.0607,-0.843656,-0.387535,0.095297,-0.961703,-0.259247,0.071273,-1.0,-0.254709,-0.070835,-0.939165,-0.269281,0.001,-0.907517,-0.367077,-0.100336,-0.989724,-0.188193,-0.002606,-0.805942,-0.221078,-0.051667,-0.703262,-0.111915,-0.143467,-0.789338,-0.152787,0.047323,-0.477911,-0.173516,0.076202,-0.363793,-0.192411,-0.004933,-0.408186,-0.221717,-0.098047,-0.285878,-0.046354,0.00357,-0.244925,-0.195836,0.036972,-0.080536,-0.363703,0.039079,-0.200336,-0.325116,0.036758
S,0.0,0.0,0.0,-0.145963,0.043942,0.015253,-0.296146,0.112921,-0.026011,-0.432947,-0.046132,0.111265,-0.697352,-0.286889,-0.081963,-0.498669,-0.242289,0.088668,-0.769922,-0.331564,0.013501,-0.846095,-0.277982,-0.136565,-1.0,-0.239442,-0.050084,-0.986253,-0.152935,-0.089253,-0.870705,-0.256611,-0.052999,-0.873697,-0.137125,-0.138279,-0.661745,-0.051607,-0.023642,-0.542472,-0.135597,0.034012,-0.398351,-0.041632,-0.113042,-0.288852,0.08514,-0.129165,-0.188295,-0.092503,0.010877,-0.066204,-0.224934,-0.123698,0.041641,-0.23865,0.136233,0.255796,-0.140904,-0.038395,0.099819,-0.221444,-0.082122
S,0.0,0.0,0.0,0.092071,-0.139216,-0.189001,-0.271676,-0.419508,0.041683,-0.275719,-0.481634,0.123766,-0.475869,-0.474739,-0.026184,-0.662858,-0.533875,0.070292,-0.947267,-0.509459,-0.196901,-1.0,-0.511524,-0.150681,-0.967603,-0.630736,-0.041435,-0.963581,-0.515076,-0.007981,-0.87647,-0.428207,-0.006061,-0.703979,-0.521645,-0.025771,-0.639432,-0.277583,-0.187975,-0.581716,-0.39118,0.08878,-0.372345,-0.365206,-0.078325,-0.10611,-0.304999,-0.049169,-0.127198,-0.32236,0.050937,0.02283,-0.377144,0.051979,0.269321,-0.431956,-0.060596,0.10767,-0.412909,-0.104851,-0.020655,-0.816419,-0.271582
S,0.0,0.0,0.0,-0.303825,-0.134524,0.038167,-0.214207,-0.255435,-0.08208,-0.39143,-0.474445,-0.029479,-0.501728,-0.329835,-0.046301,-0.790841,-0.42682,0.157496,-0.772182,-0.264124,-0.024151,-0.824957,-0.456356,-0.093963,-1.0,-0.389226,0.042341,-0.952,-0.283768,0.07181,-0.821057,-0.333502,-0.112501,-0.709329,-0.410216,-0.006185,-0.791817,-0.375734,-0.03597,-0.514753,-0.202463,-0.008245,-0.459725,-0.32603,0.063726,-0.245577,-0.259247,0.047237,-0.057483,-0.21814,-0.077496,-0.018224,-0.229323,-0.042229,0.0438,-0.164323,0.036283,-0.026061,-0.465527,-0.012264,-0.148902,-0.663297,-0.023647
S,0.0,0.0,0.0,-0.099945,-0.07923,-0.147514,-0.32839,-0.296571,0.056588,-0.530887,-0.400933,0.139793,-0.529085,-0.616009,0.054481,-0.732838,-0.483027,0.044808,-0.812408,-0.352441,0.041099,-0.88043,-0.407485,-0.193471,-0.994538,-0.494798,-0.006713,-1.0,-0.37669,-0.101571,-0.965554,-0.293156,-0.107142,-0.891384,-0.434948,0.010508,-0.819727,-0.246597,0.070907,-0.445521,-0.252787,0.090717,-0.394476,-0.376898,-0.069081,-0.162095,-0.118732,-0.108881,-0.067434,-0.220837,0.00856,-0.05712,-0.381178,-0.099245,-0.01224,-0.29354,0.016504,0.164395,-0.61225,0.058797,0.140514,-0.765595,-0.050899
S,0.0,0.0,0.0,-0.017797,-0.155714,0.051046,-0.170259,-0.092072,0.118534,-0.414594,-0.399322,0.290076,-0.578713,-0.444821,0.099933,-0.700706,-0.441956,0.07282,-0.817936,-0.397172,0.212752,-0.916972,-0.500944,0.112236,-0.841797,-0.268243,0.174828,-1.0,-0.508563,0.100712,-0.796219,-0.213841,0.088534,-0.798287,-0.214667,-0.008046,-0.492599,-0.243726,0.035271,-0.579001,-0.228544,0.108277,-0.381534,-0.332738,0.122943,-0.171782,-0.29574,0.167778,-0.028838,-0.212581,0.059463,0.004907,-0.188478,0.179397,0.128464,-0.281471,0.037631,0.191934,-0.33346,0.079224,0.131348,-0.524566,0.071723
S,0.0,0.0,0.0,-0.06055,-0.156472,0.047473,-0.142154,-0.083942,0.063256,-0.32493,-0.173647,0.078092,-0.492209,-0.300507,-0.080339,-0.674203,-0.264057,0.064288,-0.733915,-0.293902,-0.018417,-0.895651,-0.380582,-0.030984,-1.0,-0.178147,-0.102513,-0.979453,-0.242214,-0.308035,-0.983676,-0.18816,-0.155558,-0.843323,-0.019443,0.03538,-0.868556,-0.038127,0.022558,-0.534486,-0.30618,0.07283,-0.389479,-0.05185,-0.067011,-0.247146,0.010736,0.195355,-0.065442,0.038503,0.003811,0.051265,-0.288378,0.080346,0.148254,-0.23789,-0.025734,0.095522,-0.256604,-0.024433,0.23608,-0.514455,-0.023733
S,0.0,0.0,0.0,-0.274289,-0.10717,0.171195,-0.514859,-0.191413,0.103658,-0.532455,-0.164849,0.075662,-0.576915,-0.198025,0.046564,-0.724144,-0.240994,0.178994,-0.875128,-0.198567,0.104206,-1.0,-0.310468,0.153964,-0.991948,-0.214961,-0.011375,-0.945517,-0.21691,-0.000373,-0.95955,-0.176861,-0.146243,-0.835427,-0.107445,0.070311,-0.643212,-0.130571,0.080663,-0.681727,-0.120882,0.157032,-0.457496,-0.059463,0.050254,-0.212117,-0.043169,0.179183,-0.272412,-0.168449,0.023677,-0.099585,-0.020943,0.121538,-0.027705,-0.176655,-0.037222,0.069491,-0.209644,0.067374,-0.033379,-0.456916,-0.024998
S,0.0,0.0,0.0,-0.047799,-0.07216,0.212532,-0.275158,-0.097921,0.083839,-0.457097,-0.302351,0.056874,-0.408229,-0.29835,0.089799,-0.709948,-0.278084,0.122892,-0.793009,-0.352594,0.136642,-0.928448,-0.247328,-0.126039,-0.823498,-0.08025,-0.032679,-1.0,-0.194493,-0.034229,-0.711253,-0.267333,-0.143508,-0.770182,-0.142788,-0.08746,-0.60548,-0.153984,-0.028469,-0.502571,-0.159023,-0.040437,-0.525242,-0.17475,0.230086,-0.257984,-0.210664,0.148897,-0.140881,-0.131549,0.074789,0.073379,-0.296403,0.157027,0.07623,-0.245513,-0.040113,0.018227,-0.322441,0.141856,0.123486,-0.444271,0.134721
S,0.0,0.0,0.0,-0.211255,-0.084739,0.072597,-0.319434,-0.118617,0.073043,-0.395874,-0.182923,0.130289,-0.689318,-0.250382,0.06604,-0.731444,-0.330332,0.026275,-0.797267,-0.345501,0.079553,-1.0,-0.324682,0.002511,-0.755127,-0.467946,0.054959,-0.890193,-0.236145,-0.058476,-0.855546,-0.251057,0.242172,-0.822027,-0.288611,0.138572,-0.661667,-0.162079,0.092832,-0.550117,-0.211361,0.041251,-0.478834,-0.279655,-0.011375,-0.45681,-0.202703,0.027663,-0.113192,-0.186931,0.057225,0.023644,-0.266847,-0.024797,-0.196711,-0.289773,0.036558,0.107098,-0.42932,0.074076,-0.199188,-0.548249,0.024441
S,0.0,0.0,0.0,-0.156992,0.029955,0.13402,-0.218691,-0.150009,0.144036,-0.500914,-0.084662,0.077652,-0.506231,-0.111955,0.030535,-0.872568,-0.09154,0.037769,-0.902909,-0.138567,-0.011465,-0.92204,-0.191746,0.040305,-0.88395,-0.135837,0.106175,-1.0,-0.203875,0.099796,-0.979303,-0.100168,0.050514,-0.907873,-0.137606,0.006697,-0.663688,-0.015581,-0.059865,-0.422215,0.009904,0.041255,-0.441849,-0.030614,0.068004,-0.186187,0.177792,0.070859,-0.188053,-0.04673,0.002972,-0.006028,-0.066214,0.117809,-0.136952,-0.327043,0.055881,0.08793,-0.366071,0.134114,-0.016776,-0.382364,0.043905
S,0.0,0.0,0.0,-0.002667,0.055025,-0.131844,-0.211407,-0.00296,-0.070408,-0.243535,-0.105641,-0.14567,-0.51752,0.122966,-0.042737,-0.58827,-0.14979,0.08002,-0.676059,-0.231017,-0.0853,-0.878715,-0.095677,-0.0381,-1.0,-0.079238,-0.220827,-0.763508,0.006384,-0.338109,-0.93835,-0.161237,-0.165823,-0.716134,0.066705,-0.168113,-0.636751,0.055616,0.157139,-0.590838,-0.111813,-0.142804,-0.354524,0.000724,-0.07176,-0.233561,0.007569,-0.081222,-0.011572,0.022682,-0.065503,0.051308,-0.033221,-0.063258,0.27731,-0.20838,-0.082082,0.228006,-0.145929,-0.09076,0.068533,-0.250043,-0.127931
S,0.0,0.0,0.0,-0.067796,-0.184679,-0.043907,-0.385259,-0.140107,0.028146,-0.442323,-0.121553,-0.001172,-0.725778,-0.215273,0.022463,-0.824531,-0.3212,0.059336,-0.918529,-0.276776,-0.012423,-1.0,-0.470208,-0.175284,-0.956362,-0.405987,-0.007067,-0.815555,-0.230026,-0.003543,-0.891833,-0.056354,-0.159792,-0.849639,-0.077001,0.033401,-0.618215,-0.218071,-0.072713,-0.416526,-0.137677,0.123184,-0.347387,-0.028446,0.102212,-0.24366,-0.098051,0.03977,-0.053723,-0.209137,0.185948,0.027482,-0.385746,0.151539,0.045196,-0.156321,0.207752,0.054847,-0.315533,-0.064921,0.00582,-0.30321,0.016425
S,0.0,0.0,0.0,-0.122839,-0.307713,0.059327,-0.457684,-0.171606,-0.0145,-0.51264,-0.115348,0.140002,-0.592616,-0.091668,0.126381,-0.708118,-0.439316,0.02952,-0.852793,-0.341726,0.04656,-0.93048,-0.20205,-0.047612,-1.0,-0.234726,-0.02891,-0.856902,-0.243883,-0.141774,-0.855165,-0.2933,-0.025311,-0.842216,-0.20794,-0.021154,-0.630721,-0.2052,-0.214342,-0.626286,-0.132686,0.107877,-0.39134,-0.058326,0.051569,-0.260962,-0.156432,0.131919,-0.032988,-0.232193,0.072256,-0.152951,-0.072578,0.059228,-0.006232,-0.340304,0.011213,0.00767,-0.407858,0.01662,-0.075202,-0.38076,-0.091032
S,0.0,0.0,0.0,-0.102843,-0.073575,-0.060017,-0.202886,-0.140679,0.069757,-0.397473,-0.244312,-0.056092,-0.599606,-0.315496,0.09944,-0.787108,-0.414155,0.000163,-0.865664,-0.347105,-0.052848,-0.93851,-0.372077,-0.117574,-0.960217,-0.40948,-0.013659,-1.0,-0.225537,-0.127235,-0.797928,-0.224742,-0.160071,-0.592735,-0.226891,-0.10515,-0.714868,-0.129908,-0.156141,-0.522715,-0.276022,-0.019481,-0.291549,-0.174311,0.080705,-0.371074,-0.185043,-0.076064,0.048111,-0.19071,-0.026996,-0.026497,-0.198903,-0.014034,-0.039152,-0.150642,0.084544,0.103707,-0.315096,-0.010764,0.01404,-0.476505,0.077119
S,0.0,0.0,0.0,-0.116848,0.041282,0.105531,-0.413656,-0.046929,0.172668,-0.565738,0.003078,0.115922,-0.586076,-0.267242,0.031607,-0.769189,-0.33545,0.042145,-0.931138,-0.172098,-0.206761,-0.963328,-0.302323,0.019395,-0.792454,-0.064806,-0.042594,-1.0,-0.242613,-0.025587,-0.876586,-0.246993,0.117065,-0.773277,-0.03118,0.032435,-0.801352,0.012007,-0.003523,-0.721788,-0.041968,-0.047263,-0.478569,0.020147,0.061266,-0.282122,0.052829,-0.100497,-0.054201,-0.054811,0.082567,-0.047458,-0.056739,0.163067,0.000256,-0.18217,0.108745,-0.133495,-0.258604,0.074475,-0.027327,-0.411111,-0.003356
S,0.0,0.0,0.0,0.07635,-0.184022,0.141373,-0.255673,-0.144965,0.144763,-0.229861,-0.210627,0.061522,-0.522555,-0.12791,0.10594,-0.795878,-0.361486,0.038465,-0.744024,-0.446614,0.004623,-0.880575,-0.357414,0.030253,-0.932979,-0.292982,-0.08165,-0.873715,-0.327576,-0.013238,-1.0,-0.239759,0.005541,-0.795655,-0.273967,0.101998,-0.617466,-0.183882,0.013148,-0.579819,-0.201982,0.181578,-0.382294,0.107118,-0.024368,-0.158712,-0.121963,0.096325,-0.190424,-0.287516,0.113169,-0.030938,-0.105834,0.065752,0.149999,-0.281479,0.05821,0.282536,-0.267152,0.050992,0.180138,-0.360428,-0.040983
S,0.0,0.0,0.0,-0.142906,-0.23409,-0.117981,-0.231507,-0.289697,-0.18213,-0.346823,-0.286647,-0.267405,-0.60444,-0.275149,-0.149195,-0.930236,-0.432298,-0.094036,-0.801285,-0.456384,0.011437,-0.988674,-0.464242,-0.188523,-0.904256,-0.354118,-0.133758,-0.755169,-0.340966,-0.059791,-1.0,-0.423288,0.013413,-0.939858,-0.234802,-0.039758,-0.541818,-0.431567,-0.175959,-0.423013,-0.171756,-0.111305,-0.368728,-0.26013,-0.144388,-0.242871,-0.269181,0.118162,0.01185,-0.417939,-0.097972,0.334803,-0.477123,-0.074287,0.313622,-0.506378,-0.079228,0.1735,-0.610357,-0.06658,0.413735,-0.641153,-0.099852
S,0.0,0.0,0.0,-0.217347,-0.169783,0.06339,-0.298004,-0.277314,0.079039,-0.457783,-0.207414,0.072128,-0.487694,-0.278883,0.059535,-0.702189,-0.335051,0.09622,-0.774541,-0.369802,0.042155,-0.874912,-0.560435,0.080057,-1.0,-0.332957,-0.036143,-0.864888,-0.20217,-0.002704,-0.8863,-0.252348,0.00577,-0.716055,0.020182,0.005935,-0.634222,-0.251883,-0.018882,-0.621643,-0.058928,0.119538,-0.425891,-0.13728,0.14593,-0.160115,-0.127098,0.107025,-0.025176,-0.267706,-0.048133,0.067334,-0.256856,0.197677,0.180108,-0.134977,-0.161745,0.111353,-0.395294,-0.000833,0.052882,-0.494454,0.085968
S,0.0,0.0,0.0,-0.224763,-0.038753,0.099797,-0.280338,-0.156972,0.108583,-0.474448,-0.236081,-0.029374,-0.696638,-0.314236,0.019429,-0.691824,-0.348055,-0.036392,-0.954216,-0.125657,0.087897,-0.943818,-0.27099,-0.107141,-0.854846,-0.216397,-0.157731,-1.0,-0.242562,0.030455,-0.914056,-0.110282,-0.047579,-0.868452,-0.205395,-0.012313,-0.636853,-0.078095,-0.023479,-0.53733,0.039721,0.160403,-0.429559,-0.246814,0.013301,-0.29123,-0.214472,0.025862,-0.258913,-0.114864,0.06279,-0.051949,-0.107752,0.044791,0.024394,-0.140367,-0.039929,-0.026476,-0.332128,-0.084606,-0.06118,-0.329077,0.002071
S,0.0,0.0,0.0,0.059547,-0.3977,-0.160485,0.027243,-0.271352,0.074789,-0.293211,-0.318695,-0.147563,-0.567571,-0.400524,-0.110806,-0.617481,-0.690991,-0.30725,-0.842566,-0.573602,-0.155944,-0.786369,-0.438212,-0.042254,-1.0,-0.461262,-0.236019,-0.718136,-0.47231,-0.214309,-0.832612,-0.422096,-0.068433,-0.912903,-0.46219,-0.074692,-0.529044,-0.059398,0.033032,-0.502932,-0.172207,-0.01229,-0.139871,-0.281652,0.092676,0.001837,-0.279799,-0.064754,0.008883,-0.445227,-0.028073,0.267577,-0.35119,-0.10402,0.326663,-0.583066,-0.023809,0.388447,-0.672168,-0.067011,0.165119,-0.518819,0.098412
S,0.0,0.0,0.0,-0.087001,-0.235859,-0.122981,-0.318155,-0.39297,0.011182,-0.531653,-0.250732,-0.119584,-0.599349,-0.320383,0.059354,-0.651472,-0.404067,-0.083518,-0.935836,-0.35314,-0.110668,-1.0,-0.335762,-0.013533,-0.981897,-0.425538,-0.196695,-0.9328,-0.44777,-0.154731,-0.951779,-0.275236,-0.11259,-0.922706,-0.226928,-0.1098,-0.72664,-0.285178,-0.159935,-0.582726,-0.303286,-0.155908,-0.400452,-0.263779,-0.00631,-0.280198,-0.261245,-0.036497,-0.172325,-0.309143,-0.088354,-0.204228,-0.448008,-0.145442,-0.071952,-0.295503,0.012291,0.071149,-0.580983,-0.22969,0.047355,-0.534097,-0.289886
S,0.0,0.0,0.0,0.023523,-0.034001,-0.077012,-0.157566,-0.088306,0.074267,-0.204117,-0.035858,-0.041697,-0.503334,-0.313767,-0.156241,-0.534886,-0.345789,-0.104697,-0.853986,-0.258859,-0.201535,-0.769904,-0.265039,-0.206098,-0.948194,-0.214035,-0.15585,-0.912738,-0.221939,-0.212368,-1.0,-0.163726,-0.299555,-0.803829,-0.098105,-0.177269,-0.480974,-0.159128,-0.169412,-0.44916,-0.073016,-0.022799,-0.254883,0.055621,-0.22077,-0.092358,-0.146318,-0.035342,-0.045054,-0.145591,0.027807,-0.06075,0.019101,-0.027102,0.156823,-0.205471,-0.130204,0.201585,-0.388508,-0.379583,0.143484,-0.430048,-0.224993
S,0.0,0.0,0.0,0.022862,-0.23869,-0.102472,-0.089991,-0.368066,-0.007629,-0.188498,-0.326077,0.054225,-0.395673,-0.511329,-0.10951,-0.541913,-0.581137,-0.160485,-0.912629,-0.307239,-0.123693,-0.805826,-0.629073,-0.086606,-0.881886,-0.633983,-0.171452,-1.0,-0.427553,-0.1567,-0.836922,-0.565502,-0.201189,-0.675318,-0.371796,-0.162956,-0.567224,-0.506074,-0.069529,-0.505884,-0.359064,-0.222253,-0.164733,-0.142142,-0.087517,-0.155201,-0.014274,-0.116889,-0.02182,-0.216667,-0.123524,0.350369,-0.439441,-0.140229,0.370845,-0.384559,-0.173553,0.164094,-0.625945,-0.295172,0.311251,-0.553809,-0.153037
S,0.0,0.0,0.0,0.105467,-0.052913,0.010231,-0.264585,-0.099577,-0.007622,-0.488352,-0.35185,0.095188,-0.462702,-0.583021,0.01462,-0.825754,-0.31864,0.06176,-0.945117,-0.368578,0.05805,-0.84202,-0.444581,0.051784,-0.967723,-0.387403,-0.086341,-0.912819,-0.228905,-0.002868,-1.0,-0.242115,-0.113086,-0.809928,-0.271201,0.079609,-0.688855,-0.198394,-0.005489,-0.4097,-0.153515,-0.048911,-0.249966,0.023327,0.146085,-0.255838,-0.07704,0.01844,0.118589,-0.001676,-0.201982,0.117049,-0.273951,-0.052198,0.101566,-0.345454,-0.034742,0.180438,-0.591674,-0.023782,0.286047,-0.561061,-0.223975
S,0.0,0.0,0.0,-0.164161,-0.258367,0.066298,-0.252364,-0.296755,-0.018616,-0.359577,-0.3106,0.040682,-0.597558,-0.445584,-0.0187,-0.634856,-0.350094,0.13153,-0.836045,-0.346395,-0.139725,-0.824205,-0.515597,-0.125124,-0.834107,-0.366964,-0.073981,-1.0,-0.32221,-0.053231,-0.789712,-0.453688,-0.01064,-0.804681,-0.261569,-0.051612,-0.713383,-0.286625,-0.094424,-0.551248,-0.303728,0.029611,-0.43171,-0.179307,0.27494,-0.242919,-0.35159,0.197905,-0.070552,-0.260345,0.006787,-0.082726,-0.316911,-0.034204,-0.000108,-0.303009,0.083736,0.06124,-0.384713,0.147777,-0.011625,-0.641311,0.026232
S,0.0,0.0,0.0,0.061836,-0.048018,-0.173123,-0.16138,-0.130084,-0.040753,-0.507538,-0.257243,-0.160629,-0.680935,-0.395743,-0.071939,-0.597753,-0.320214,0.053423,-0.786622,-0.455347,-0.05333,-0.917751,-0.323668,0.012184,-0.862173,-0.257722,0.103863,-0.903437,-0.306517,0.049015,-1.0,-0.173633,-0.077746,-0.872096,-0.16413,-0.075694,-0.828424,-0.132301,-0.118498,-0.497163,-0.135251,0.039379,-0.544397,-0.201005,0.035198,0.076586,-0.106179,0.002065,0.040107,-0.196334,0.082681,0.077818,-0.094273,0.092459,0.099729,-0.390152,-0.083284,0.190254,-0.346643,-0.012718,0.158171,-0.517353,-0.050569
S,0.0,0.0,0.0,-0.075582,0.080909,0.008923,-0.206171,-0.1202,0.022271,-0.241791,-0.173076,-0.020644,-0.604376,-0.210694,0.180252,-0.74678,-0.185535,0.176445,-0.890876,-0.204154,0.054863,-0.910393,-0.214309,0.046393,-1.0,-0.200396,-0.011548,-0.772596,-0.119722,0.000264,-0.953017,-0.051137,-0.069156,-0.941945,-0.215275,0.126463,-0.59685,-0.051576,-0.010608,-0.600783,0.134508,0.056448,-0.36329,-0.068436,0.095843,-0.20408,0.11939,0.095695,-0.054274,-0.09141,0.121985,0.037849,-0.122665,0.116077,0.014244,-0.126047,0.079665,0.048455,-0.262316,0.161257,0.059656,-0.314315,0.059981
S,0.0,0.0,0.0,-0.213827,0.042173,0.130966,-0.268298,-0.101301,0.019388,-0.484534,-0.14077,0.122057,-0.573315,-0.333835,0.130434,-0.901241,-0.341981,0.035917,-1.0,-0.311331,0.11485,-0.838131,-0.283595,0.013061,-0.987076,-0.242199,-0.03697,-0.930866,-0.215099,-0.019257,-0.974828,0.036562,0.099293,-0.867932,-0.320721,-0.091027,-0.711794,-0.113386,-0.023912,-0.586229,-0.127801,0.043344,-0.436671,-0.139743,0.004932,-0.384783,-0.094998,0.003144,0.037205,-0.008497,0.194658,-0.11297,-0.196928,0.009685,0.174143,-0.078398,0.161174,0.033146,-0.299323,0.122547,0.148053,-0.308978,-0.034261
S,0.0,0.0,0.0,-0.088477,-0.013929,0.076392,-0.333959,0.017897,0.222851,-0.362058,-0.315516,-0.057524,-0.55914,-0.434482,0.137612,-0.533209,-0.359663,0.293987,-0.93554,-0.549566,0.197362,-0.893716,-0.362308,0.055552,-0.933158,-0.321116,0.057885,-1.0,-0.141294,0.031221,-0.914876,-0.343965,0.054446,-0.822136,-0.456609,0.015164,-0.764827,-0.215616,0.05928,-0.569724,-0.129994,0.083441,-0.376159,-0.235906,0.080047,-0.133504,-0.279342,0.136757,-0.080465,-0.292612,0.175836,-0.007299,-0.234303,0.150447,0.266126,-0.50654,0.192538,0.141129,-0.59566,0.014185,0.185804,-0.545915,0.168354
S,0.0,0.0,0.0,-0.159074,-0.096686,0.021514,-0.200832,-0.172365,0.057767,-0.348015,-0.153967,-0.013731,-0.565438,-0.175716,0.164082,-0.626204,-0.155062,0.084943,-0.612716,-0.211252,0.154091,-0.941686,-0.269579,-0.009533,-1.0,-0.196194,0.073471,-0.901381,-0.325682,-0.029836,-0.990142,-0.350549,-0.057882,-0.706057,-0.221375,-0.065821,-0.703277,0.022347,-0.086231,-0.642524,-0.199467,0.067875,-0.334379,-0.203477,0.063872,-0.106198,-0.131363,0.074995,-0.05361,-0.231387,0.101559,0.118995,-0.1031,0.090287,0.098718,-0.121098,0.045629,0.077765,-0.407107,-0.053978,0.050445,-0.288186,-0.073922
S,0.0,0.0,0.0,-0.256913,-0.066787,-0.155987,-0.291531,-0.081132,0.029805,-0.41396,-0.210667,-0.021916,-0.57461,-0.263618,-0.058325,-0.636287,-0.15402,0.041738,-0.768243,-0.311448,-0.111545,-0.913466,-0.204605,-0.175585,-1.0,-0.188846,-0.054863,-0.920608,-0.193456,-0.196536,-0.817565,-0.161771,-0.062681,-0.713884,-0.282255,-0.078093,-0.498107,-0.105709,-0.172081,-0.573615,-0.14712,-0.214238,-0.396651,-0.128137,-0.061836,-0.291586,-0.157054,0.026411,-0.165326,-0.163375,0.001413,-0.071678,-0.225341,-0.047347,-0.055331,-0.250259,-0.141615,-0.068657,-0.191421,-0.114949,0.010542,-0.353492,-0.080315
S,0.0,0.0,0.0,-0.076528,-0.107506,-0.307937,-0.176111,-0.462966,-0.117578,-0.376804,-0.431642,-0.012682,-0.418869,-0.503493,-0.039085,-0.604414,-0.409061,-0.156356,-0.834958,-0.563732,0.036799,-0.93323,-0.535925,-0.180533,-1.0,-0.293838,-0.259692,-0.947401,-0.479353,-0.442998,-0.966694,-0.337498,-0.256485,-0.9752,-0.219265,-0.375125,-0.786056,-0.45588,-0.332465,-0.525115,-0.251156,-0.255379,-0.282796,-0.222297,-0.201088,-0.309679,-0.15325,-0.217966,-0.217777,-0.375519,-0.087214,0.207884,-0.503949,-0.346565,0.243392,-0.411723,-0.069587,0.338695,-0.547127,-0.307526,0.155377,-0.703484,-0.336982
S,0.0,0.0,0.0,-0.191406,-0.011634,0.204032,-0.27094,-0.153519,0.254909,-0.407836,-0.386643,0.205501,-0.482399,-0.403373,0.1588,-0.727546,-0.474147,0.142092,-0.670854,-0.343006,0.118561,-0.94352,-0.315945,0.044482,-0.94173,-0.280881,-0.020889,-0.899644,-0.400327,0.034656,-1.0,-0.249562,0.084712,-0.611489,-0.240126,0.003771,-0.590608,-0.160979,0.180445,-0.67648,-0.260316,0.044457,-0.29431,-0.143798,0.209638,-0.351406,-0.19651,0.025329,-0.238406,-0.217418,0.159601,-0.042831,-0.309458,0.165624,-0.015114,-0.20426,0.087574,-0.129232,-0.340965,0.12026,-0.084486,-0.490289,0.089213
S,0.0,0.0,0.0,-0.001249,-0.036803,0.058355,-0.221994,-0.192308,0.050818,-0.393348,-0.095449,0.168923,-0.437214,-0.266078,-0.032397,-0.775949,-0.220781,-0.011112,-0.861931,-0.084242,0.063526,-0.827973,-0.215831,0.131238,-0.912725,-0.169151,0.051707,-0.744642,-0.190704,0.067566,-1.0,0.017866,0.001887,-0.699841,-0.225842,-0.130465,-0.693582,-0.087487,-0.018828,-0.530641,-0.082438,-0.164165,-0.308966,-0.069891,0.128135,-0.234187,-0.09186,0.07747,-0.007662,0.009798,0.063793,0.073487,-0.124231,0.033226,-0.055673,-0.171304,-0.037206,0.193266,-0.338386,-0.034095,0.028281,-0.317656,-0.036397
S,0.0,0.0,0.0,-0.246044,0.193004,-0.102853,-0.237622,-0.031547,-0.155602,-0.421673,-0.030817,-0.196316,-0.566883,0.115055,-0.15908,-0.723381,-0.092312,-0.17142,-0.82071,-0.054765,-0.211445,-0.855889,-0.115885,-0.097969,-0.995221,-0.092965,-0.21314,-0.964626,-0.160371,-0.192332,-0.860581,0.014696,-0.373695,-1.0,0.009694,-0.277424,-0.677084,-3.2e-05,-0.139266,-0.436079,0.06674,-0.247241,-0.408417,0.099935,-0.114816,-0.168552,-0.032181,-0.035165,-0.200731,0.164378,-0.301188,0.150662,-0.022212,-0.232936,0.10365,-0.019114,-0.110501,0.126244,-0.142862,-0.200933,-0.080984,-0.254707,-0.245011
S,0.0,0.0,0.0,-0.160397,-0.115359,-0.148891,-0.341608,0.046101,-0.170706,-0.345744,-0.114844,-0.187059,-0.453436,-0.418897,-0.156706,-0.616157,-0.346236,0.007248,-0.7657,-0.293374,-0.185923,-0.940758,-0.420941,-0.229842,-0.955541,-0.218221,-0.143632,-1.0,-0.314585,-0.189076,-0.619607,-0.247561,-0.149681,-0.846289,-0.156664,-0.063422,-0.661938,-0.134634,-0.106237,-0.505375,-0.058826,-0.190898,-0.431993,-0.151087,-0.135136,-0.44993,-0.214781,-0.260814,-0.11677,-0.122521,-0.084645,0.01823,-0.232569,-0.081605,0.293937,-0.307531,-0.118679,0.019777,-0.507326,-0.120726,0.153194,-0.262903,-0.180033
S,0.0,0.0,0.0,-0.182593,-0.118864,0.033621,-0.234193,-0.349117,-0.032468,-0.470652,-0.224836,0.073014,-0.552908,-0.234377,-0.041498,-0.540466,-0.449753,-0.057861,-0.750326,-0.47116,-0.15996,-0.807104,-0.492793,-0.253621,-1.0,-0.445311,-0.153725,-0.935722,-0.250208,-0.30497,-0.806678,-0.349126,-0.19561,-0.705866,-0.497763,-0.347367,-0.646715,-0.271553,-0.26836,-0.337692,-0.324809,-0.170818,-0.255958,-0.275482,-0.175625,-0.170736,-0.286293,-0.059186,-0.031131,-0.218414,0.006891,-0.003168,-0.331668,-0.105133,-0.138105,-0.333996,-0.144444,0.141396,-0.501733,-0.033506,0.067888,-0.454526,-0.207219
S,0.0,0.0,0.0,-0.148918,0.025761,0.183042,-0.279067,-0.08124,0.259145,-0.260093,0.084697,0.298549,-0.712595,-0.077151,0.290048,-0.677931,-0.11347,0.223522,-0.781848,-0.174689,0.131992,-1.0,-0.331694,0.22074,-0.97831,-0.287061,0.013244,-0.934593,-0.027593,0.109859,-0.963626,0.002044,0.146725,-0.798991,-0.041031,0.134784,-0.714572,-0.090597,0.059873,-0.562262,0.043278,0.246646,-0.397627,-0.030662,0.12002,-0.215686,-0.128581,0.275674,-0.091888,-0.064955,0.247897,-0.054939,-0.06967,0.221974,0.119324,-0.103666,0.267148,0.078666,-0.218738,0.203206,0.050749,-0.329526,0.034234
S,0.0,0.0,0.0,-0.070371,-0.12675,-0.035983,-0.231333,-0.223325,0.123118,-0.376038,-0.282089,-0.1365,-0.512005,-0.220064,-0.054679,-0.655827,-0.388074,-0.035154,-0.698997,-0.325632,-0.095163,-0.7656,-0.282525,-0.1094,-1.0,-0.377525,-0.051503,-0.858191,-0.248596,-0.116853,-0.82431,-0.333827,-0.092368,-0.781242,-0.139951,-0.044295,-0.691114,0.016074,-0.155378,-0.547181,-0.045421,-0.090401,-0.33715,-0.153719,-0.045891,-0.302234,-0.048588,0.069704,0.012415,-0.174802,0.033846,0.223062,-0.157351,-0.103818,0.045627,-0.323291,0.087619,0.173104,-0.46328,0.060003,0.160649,-0.41193,0.053263
S,0.0,0.0,0.0,-0.152686,-0.151364,0.358604,-0.333295,-0.342457,0.248497,-0.465687,-0.398846,0.378134,-0.632981,-0.447034,0.261272,-0.653154,-0.530696,0.205988,-0.841887,-0.441658,0.096051,-0.796844,-0.439389,0.261835,-1.0,-0.545663,0.06697,-0.889064,-0.448372,-0.001819,-0.884421,-0.401891,0.112606,-0.954362,-0.466696,0.10453,-0.760785,-0.353487,0.245564,-0.622666,-0.358464,0.155596,-0.454335,-0.288572,0.312395,-0.241136,-0.253624,0.04065,-0.072469,-0.173661,0.250594,0.038092,-0.319756,0.366245,0.209596,-0.495658,0.314274,0.23209,-0.636977,0.187438,0.132035,-0.828721,0.10184
S,0.0,0.0,0.0,-0.059212,-0.012518,-0.062634,0.026826,-0.055157,-0.051239,-0.408521,-0.294617,-0.133229,-0.675511,-0.190184,-0.131024,-0.66533,-0.365808,-0.135835,-0.896629,-0.158785,0.198854,-0.999008,-0.366883,-0.02951,-1.0,-0.362855,-0.098111,-0.939015,-0.289291,-0.178445,-0.793609,-0.304395,-0.20867,-0.899043,-0.022404,-0.330804,-0.635085,-0.151033,0.056775,-0.512537,-0.327184,0.067006,-0.390892,-0.304586,-0.099314,-0.191607,-0.21611,-0.190114,-0.0138,-0.261833,-0.138754,0.206441,-0.223846,-0.168425,0.06543,-0.226686,-0.034887,0.23757,-0.278655,-0.072431,0.201693,-0.5107,-0.239099
S,0.0,0.0,0.0,-0.246705,0.015587,-0.024168,-0.30145,-0.281681,0.029605,-0.510826,-0.4541,0.096778,-0.544789,-0.385797,0.25827,-0.702161,-0.349975,0.077901,-0.875894,-0.445149,-0.029272,-0.949683,-0.324808,-0.023585,-0.902286,-0.443252,-0.062464,-1.0,-0.607568,-0.058849,-0.981386,-0.256568,0.030992,-0.928226,-0.276826,-0.107555,-0.688907,-0.281257,-0.031928,-0.598625,-0.187755,0.035197,-0.413682,-0.146006,0.04177,-0.384922,-0.324281,0.007836,-0.171125,-0.329189,0.147485,-0.173471,-0.272805,0.168652,-0.050487,-0.401764,-0.147303,0.011446,-0.368861,0.060573,-0.034204,-0.517979,-0.063143
S,0.0,0.0,0.0,-0.031203,-0.202402,0.252561,-0.183763,-0.276065,0.303151,-0.523045,-0.351211,0.33404,-0.573629,-0.403474,0.30157,-0.647935,-0.280882,0.308207,-0.691075,-0.423618,0.055472,-0.921017,-0.475978,0.218687,-0.955541,-0.368905,0.148351,-0.90977,-0.331087,0.194733,-1.0,-0.253746,0.243413,-0.808363,-0.439456,0.230397,-0.715149,-0.30517,0.221089,-0.410244,-0.225548,0.24369,-0.419392,-0.224733,0.275196,-0.179382,-0.276041,0.223301,-0.13408,-0.262927,0.290523,0.002947,-0.378887,0.275533,0.123063,-0.254992,0.343201,0.081889,-0.450432,0.33945,0.051918,-0.460506,0.211595
T,0.0,0.0,0.0,0.073039,-0.336731,0.097976,-0.10359,-0.349409,0.000978,0.013612,-0.335304,-0.018858,-0.501571,-0.255399,0.014826,-0.598003,-0.437891,-0.006458,-0.877388,-0.456519,-0.179246,-1.0,-0.401722,-0.21648,-0.962327,-0.465533,-0.29375,-0.922714,-0.289208,-0.331458,-0.789136,-0.456089,-0.024068,-0.650646,-0.431495,-0.063513,-0.602016,-0.352612,-0.04803,-0.185397,-0.163319,-0.137907,-0.090614,-0.280316,-0.083656,0.13686,-0.396358,0.007598,0.097001,-0.424157,0.03506,0.28445,-0.463756,-0.087413,0.378341,-0.421467,-0.061195,0.334922,-0.765132,-0.139354,0.512399,-0.717009,-0.189525
T,0.0,0.0,0.0,-0.251737,-0.120396,0.070164,-0.378772,-0.202716,0.148409,-0.581831,-0.148458,0.191405,-0.689864,-0.226312,0.161944,-0.674113,-0.315709,0.045737,-0.919393,-0.226698,0.208273,-1.0,-0.196792,0.185284,-0.971826,-0.282325,-0.069322,-0.958528,-0.263155,0.10426,-0.858402,-0.205801,0.011707,-0.734837,-0.062554,0.126204,-0.638712,-0.215011,0.087481,-0.60438,-0.2512,0.131022,-0.331603,-0.205322,0.243763,-0.285448,-0.161655,0.238306,-0.159657,-0.138084,0.213394,-0.108002,-0.277212,0.252175,0.079208,-0.246565,0.081703,0.047319,-0.389885,0.030123,-0.102019,-0.47549,0.180897
T,0.0,0.0,0.0,-0.071606,0.049598,0.128628,-0.437789,-0.136095,0.107687,-0.483447,-0.243483,0.164564,-0.509652,-0.231072,0.138153,-0.686078,-0.341551,-0.021548,-0.890716,-0.305812,-0.002445,-0.94227,-0.233703,-0.218396,-0.95359,-0.2203,0.02238,-1.0,-0.219149,-0.049323,-0.762871,-0.157073,0.094535,-0.652677,-0.110174,-0.044617,-0.638284,-0.059511,-0.023839,-0.350427,-0.087232,0.140743,-0.33178,-0.180808,-0.085932,-0.128433,-0.115077,0.020562,0.156438,-0.145413,-0.082197,0.218153,-0.008559,0.136125,0.154617,-0.200423,-0.005989,0.127409,-0.335992,0.036017,0.149416,-0.274751,0.017641
T,0.0,0.0,0.0,-0.172457,-0.194517,0.068775,-0.337567,-0.148239,0.16884,-0.620578,-0.278144,0.207214,-0.507813,-0.361066,0.199185,-0.657483,-0.39289,0.075419,-0.907158,-0.544952,0.102534,-0.831386,-0.430711,-0.046275,-1.0,-0.432113,0.053961,-0.722146,-0.375782,0.01155,-0.747344,-0.345441,0.018665,-0.674635,-0.22401,0.006662,-0.651428,-0.266984,-0.107428,-0.452468,-0.199928,0.17717,-0.260777,-0.460771,0.174842,-0.084945,-0.347312,0.050639,0.02605,-0.302672,0.038746,-0.060235,-0.152809,0.135213,0.019622,-0.311016,0.049234,0.135264,-0.457285,0.006755,0.0392,-0.554672,0.071779
T,0.0,0.0,0.0,-0.355772,-0.175541,-0.026647,-0.463628,-0.255004,0.039669,-0.533329,-0.439786,0.115111,-0.57037,-0.445353,0.058676,-0.753756,-0.367084,0.019827,-1.0,-0.400329,-0.035039,-0.929578,-0.487318,-0.060694,-0.924009,-0.328645,-0.073679,-0.874635,-0.323539,-0.106371,-0.896144,-0.157432,-0.077894,-0.750349,-0.185001,0.074089,-0.516968,-0.289887,-0.017072,-0.448649,-0.086792,0.010275,-0.323783,-0.316743,-0.089893,-0.135072,-0.23153,0.044551,-0.049753,-0.223558,0.066499,-0.00468,-0.319611,0.021261,0.055933,-0.4578,-0.086183,-0.002694,-0.455586,0.019066,-0.06292,-0.609646,-0.010694
T,0.0,0.0,0.0,-0.174567,-0.237904,0.119353,-0.453961,-0.197684,0.173603,-0.463375,-0.136767,0.16005,-0.649275,-0.187001,0.188976,-0.596174,-0.217196,0.160149,-0.844464,-0.211934,0.097274,-0.77765,-0.102235,0.170156,-0.835551,-0.231556,0.039255,-1.0,-0.20586,0.022945,-0.760997,-0.214813,0.074969,-0.609442,-0.139,-0.005099,-0.64235,-0.07819,0.141646,-0.518666,-0.113688,0.173754,-0.208057,-0.096776,0.116077,-0.232026,-0.11084,0.239,-0.093534,-0.113505,0.045349,0.081884,-0.098967,0.115475,0.002984,-0.169421,0.324552,-0.106095,-0.360864,0.070586,0.046422,-0.385946,0.041927
T,0.0,0.0,0.0,-0.116653,-0.278946,0.007413,-0.202566,-0.406644,-0.030363,-0.122165,-0.340206,0.040915,-0.50136,-0.403889,-0.013705,-0.891295,-0.496561,0.038882,-0.840672,-0.628409,0.274766,-0.674737,-0.386911,0.000646,-1.0,-0.343745,-0.038682,-0.795008,-0.271181,-0.125178,-0.909687,-0.222568,0.029334,-0.827818,-0.322999,-0.03917,-0.561724,-0.25117,0.091789,-0.363418,-0.21517,-0.041888,-0.17623,-0.222312,0.013002,-0.133722,-0.109452,0.254689,0.150905,-0.133019,0.104024,0.094928,-0.307947,0.035709,0.336033,-0.266553,-0.004851,0.328786,-0.44185,0.149611,0.33483,-0.759563,-0.124641
T,0.0,0.0,0.0,-0.07974,-0.086991,0.22998,-0.34433,-0.189697,0.114082,-0.396473,-0.163262,0.27616,-0.587154,-0.237623,0.241618,-0.6828,-0.275459,0.126006,-0.814831,-0.261236,0.099011,-1.0,-0.260725,0.094386,-0.964516,-0.279216,0.037112,-0.940526,-0.281976,-0.072945,-0.809094,-0.136207,0.055135,-0.766183,-0.230061,-0.026143,-0.641372,-0.049476,-0.074143,-0.65508,0.047044,0.135452,-0.394668,-0.082875,0.076814,-0.164814,-0.117699,0.033268,-0.032821,0.034367,0.16827,0.018726,-0.175333,0.054788,0.025356,-0.194813,0.191685,0.155962,-0.295726,0.088688,0.020442,-0.360805,0.054612
T,0.0,0.0,0.0,-0.181687,-0.00141,0.072801,-0.05306,-0.06582,0.247363,-0.298456,-0.12126,0.12171,-0.648072,-0.245678,0.190264,-0.686819,-0.269156,0.08719,-0.789392,-0.216101,0.060917,-0.891015,-0.405583,0.056679,-1.0,-0.149963,0.045226,-0.829452,-0.084379,0.165369,-0.991034,-0.121723,-0.145707,-0.681971,-0.090697,-0.002299,-0.567367,-0.136116,0.212217,-0.45914,-0.024956,0.073854,-0.207594,-0.127962,0.176169,-0.182238,-0.084487,0.194991,-0.039245,-0.024031,0.177163,0.042615,-0.107773,0.07462,0.116989,-0.158617,0.015339,0.156423,-0.259249,-0.054103,0.013375,-0.44467,0.008267
T,0.0,0.0,0.0,-0.128525,-0.326,-0.078618,-0.088465,-0.0839,-0.122785,-0.643351,-0.525254,-0.225381,-0.555758,-0.412308,-0.027928,-0.649832,-0.28141,0.015888,-0.821089,-0.599336,-0.150378,-0.840453,-0.489521,-0.017691,-1.0,-0.323592,-0.244249,-0.909811,-0.427884,-0.146318,-0.910601,-0.197812,-0.084056,-0.959971,-0.359022,-0.217037,-0.547492,-0.292656,-0.23604,-0.571944,-0.147165,-0.30459,-0.136924,-0.347891,-0.111457,-0.185372,-0.327657,-0.070847,0.06894,-0.431465,-0.086063,0.201688,-0.290722,-0.264407,0.200122,-0.633428,-0.133143,0.20659,-0.468304,-0.013615,0.091979,-0.626718,-0.075704
T,0.0,0.0,0.0,-0.087299,-0.158968,-0.128795,-0.206374,-0.332787,0.038077,-0.425106,-0.293745,0.15269,-0.542962,-0.271983,-0.053697,-0.572875,-0.477059,-0.092319,-0.846036,-0.427932,-0.148182,-1.0,-0.700039,-0.155153,-0.985614,-0.210389,0.009462,-0.873618,-0.113009,-0.230884,-0.837862,-0.085331,-0.112984,-0.79328,-0.158367,-0.103075,-0.457616,-0.1263,-0.045561,-0.317881,-0.204216,0.011929,-0.184316,-0.214807,0.162292,-0.072366,-0.168374,-0.078749,-0.00343,-0.215824,0.122847,0.280687,-0.384197,-0.042146,0.091919,-0.320471,0.139561,0.19077,-0.456114,-0.004583,0.113625,-0.683864,0.053097
T,0.0,0.0,0.0,-0.130785,-0.187524,-0.168591,-0.423646,-0.08444,-0.167692,-0.311671,-0.263097,-0.219947,-0.581173,-0.148382,-0.164636,-0.667305,-0.139277,-0.23457,-0.696233,-0.24904,-0.166189,-0.92631,-0.179946,-0.169868,-1.0,-0.126462,-0.271248,-0.723036,-0.193273,-0.273157,-0.838956,-0.081383,-0.475815,-0.839276,-0.046809,-0.28113,-0.756111,-0.126069,-0.29371,-0.482021,0.019916,-0.132716,-0.472851,-0.063408,-0.203949,-0.267093,0.035583,-0.168362,0.045712,-0.136571,-0.260259,0.016725,-0.160617,-0.241011,0.184571,-0.002551,-0.177989,-0.048704,-0.29585,-0.348571,0.033689,-0.412252,-0.296316
T,0.0,0.0,0.0,-0.001236,-0.254814,0.257934,-0.347651,-0.233819,0.39079,-0.458899,-0.389539,0.305826,-0.561523,-0.513664,0.367998,-0.665577,-0.270844,0.292189,-0.687331,-0.58999,0.361597,-1.0,-0.441008,0.106313,-0.940888,-0.276008,0.105746,-0.939619,-0.039437,0.071503,-0.927947,-0.130659,-0.018145,-0.738424,-0.473651,0.01739,-0.721429,-0.285389,0.057364,-0.399878,-0.036057,0.417892,-0.336311,-0.099624,0.3623,-0.045824,-0.118519,0.304859,0.135709,-0.303052,0.062001,0.161793,-0.369083,0.222119,0.349991,-0.233797,0.240884,0.136387,-0.522752,0.117779,0.213661,-0.653377,0.256361
T,0.0,0.0,0.0,-0.022259,-0.390331,0.224123,-0.179817,-0.319424,0.087509,-0.245017,-0.340702,0.123223,-0.478025,-0.500127,0.085164,-0.655604,-0.470398,0.14689,-0.713213,-0.519611,0.18436,-0.689885,-0.36575,0.155726,-1.0,-0.493778,-0.038868,-0.922243,-0.292063,0.203192,-0.718405,-0.311005,0.040832,-0.52666,-0.293239,0.040533,-0.447397,-0.303026,0.118687,-0.292682,0.026962,0.269675,-0.18769,-0.343599,-0.029451,0.04127,-0.1933,0.113707,0.049287,-0.297174,0.213384,0.27258,-0.467204,0.210228,0.203509,-0.472013,0.201591,0.178489,-0.521836,0.138229,0.108226,-0.560812,0.058417
T,0.0,0.0,0.0,-0.218843,-0.027673,-0.047072,-0.278335,-0.149985,0.090612,-0.574736,-0.20425,0.031859,-0.818222,-0.323407,0.075081,-0.743062,-0.303825,-0.007852,-0.942857,-0.287384,0.109133,-0.893573,-0.382656,0.039022,-0.920723,-0.321232,0.155265,-1.0,-0.143317,0.058324,-0.954041,-0.187592,0.111544,-0.845107,-0.14282,-0.099241,-0.650671,-0.161731,0.079237,-0.603124,-0.089097,0.035312,-0.597622,-0.104205,0.182044,-0.342016,-0.174242,0.200694,-0.099032,-0.18042,0.123151,-0.107956,-0.01156,0.159829,0.117574,-0.262889,-0.026915,0.025053,-0.254603,0.149275,-0.187048,-0.430983,-0.098564
T,0.0,0.0,0.0,-0.064945,-0.296016,-0.044904,-0.355415,-0.303154,-0.074259,-0.529724,-0.279894,0.004622,-0.543342,-0.247058,-0.094118,-0.947406,-0.537664,0.08078,-0.786802,-0.284159,-0.189918,-0.866512,-0.424464,-0.125409,-0.988172,-0.244575,-0.131184,-0.9054,-0.333095,-0.22279,-1.0,-0.408743,-0.491129,-0.728715,-0.270607,-0.106887,-0.608086,-0.194717,-0.058318,-0.370383,-0.288157,0.034894,-0.198278,-0.276355,-0.16305,-0.23574,-0.13772,-0.095752,-0.212612,-0.301522,-0.113612,0.168108,-0.469051,-0.074326,0.371839,-0.378411,-0.050303,0.379937,-0.517384,-0.156318,0.197579,-0.726703,-0.245715
T,0.0,0.0,0.0,-0.034702,-0.241755,-0.135931,-0.106586,-0.433101,-0.076229,-0.384749,-0.38836,-0.012462,-0.317186,-0.664687,-0.07463,-0.658575,-0.471634,-0.126466,-0.727483,-0.551648,0.069629,-0.820226,-0.752855,-0.209499,-1.0,-0.585867,0.0021,-0.903921,-0.496275,-0.169175,-0.742676,-0.528974,-0.162477,-0.688991,-0.42079,-0.186517,-0.643074,-0.284557,-0.113866,-0.208708,-0.309231,-0.018432,-0.019245,-0.090385,0.089697,0.133245,-0.341526,0.102966,0.116983,-0.351948,0.108092,0.397782,-0.482812,0.012565,0.325213,-0.639689,0.08909,0.316104,-0.713898,-0.131791,0.234993,-0.866895,-0.293965
T,0.0,0.0,0.0,-0.153372,-0.073112,0.110894,-0.204458,-0.27941,0.000925,-0.289986,-0.306465,0.11026,-0.47499,-0.12751,-0.154526,-0.821217,-0.362998,-0.139949,-0.654847,-0.301626,-0.068733,-0.739571,-0.280279,-0.087084,-1.0,-0.224706,-0.040089,-0.831451,-0.161109,0.037729,-0.902865,0.022497,0.073281,-0.529164,-0.177186,-0.158646,-0.52992,-0.095647,0.022269,-0.377664,-0.012157,-0.065906,-0.17324,-0.028012,0.007479,-0.072527,-0.204566,0.117656,0.18787,-0.018077,0.128694,0.216372,-0.117408,0.038899,0.288705,-0.03964,0.211399,0.365434,-0.488257,-0.096661,0.195132,-0.445032,-0.040601
T,0.0,0.0,0.0,0.062064,-0.168307,0.114845,-0.303052,-0.209341,0.244905,-0.373659,-0.298094,0.096282,-0.420517,-0.521271,0.166194,-0.893768,-0.560059,-0.021394,-0.790359,-0.538477,-0.029962,-0.876778,-0.462111,-0.07883,-1.0,-0.497411,0.080169,-0.646392,-0.271107,-0.045026,-0.766498,-0.356982,-0.026144,-0.687574,-0.29898,-0.146967,-0.614341,-0.297405,0.220723,-0.357451,-0.184127,0.037957,-0.134489,-0.24937,0.139325,-0.094124,-0.241068,0.045178,0.167395,-0.360553,0.008307,0.117049,-0.216173,0.020541,0.135882,-0.42275,-0.053247,0.037277,-0.438443,0.038321,0.018701,-0.661222,-0.039272
T,0.0,0.0,0.0,-0.008902,-0.102538,0.149655,-0.188627,-0.270621,0.195168,-0.51614,-0.181796,0.327931,-0.535039,-0.298085,0.119165,-0.739885,-0.283321,0.16109,-0.846845,-0.397603,0.123488,-1.0,-0.268936,0.163655,-0.896521,-0.296721,0.089703,-0.908429,-0.269439,0.13981,-0.667331,-0.213918,0.079152,-0.736124,-0.204677,0.100161,-0.631131,-0.079321,0.218808,-0.358033,-0.026462,0.158634,-0.408128,0.047388,0.024931,-0.1623,-0.247401,0.259463,-0.091385,-0.06852,0.248029,0.201008,-0.205659,0.31481,0.033098,-0.203172,0.187802,0.143816,-0.295313,0.205751,0.014322,-0.513818,0.06208
T,0.0,0.0,0.0,-0.150874,-0.078157,0.148612,-0.239311,-0.075392,0.043363,-0.389267,-0.147034,-0.011162,-0.605143,-0.23597,0.194749,-0.745373,-0.204083,0.164615,-0.884778,-0.221985,0.199157,-1.0,-0.278502,0.038946,-0.874177,-0.195918,0.040421,-0.785424,-0.173252,-0.018325,-0.776268,0.010442,0.034835,-0.64492,-0.233583,-0.013314,-0.695132,-0.084225,0.131851,-0.560462,0.065522,0.044848,-0.246636,0.013528,0.221285,-0.13542,-0.146852,0.1587,-0.273306,-0.180227,0.037713,-0.146641,-0.028066,0.176484,0.095295,-0.148806,0.083141,0.128488,-0.208792,-0.080948,0.090825,-0.314081,-0.037342
T,0.0,0.0,0.0,-0.069468,-0.012497,-0.066568,-0.133012,-0.158121,0.06567,-0.342037,-0.315103,0.05538,-0.458762,-0.210306,0.098934,-0.764012,-0.139621,-0.091913,-0.818745,-0.12655,0.081862,-1.0,-0.237098,-0.096684,-0.81434,-0.19938,-0.054411,-0.8528,-0.263026,-0.053321,-0.913347,-0.163905,-0.115858,-0.678489,-0.154344,-0.104964,-0.554865,0.061013,-0.004121,-0.330483,-0.221303,0.107691,-0.341063,-0.088436,0.174645,-0.103672,-0.114925,-0.028807,-0.110584,-0.083321,-0.002462,0.156396,0.008762,-0.091216,0.198595,-0.34256,0.032622,0.048502,-0.417006,0.187613,0.286729,-0.467198,0.107049
T,0.0,0.0,0.0,-0.039451,0.089215,-0.180849,-0.377804,0.023642,-0.113116,-0.351026,-0.154113,-0.148124,-0.720453,-0.12359,0.037308,-0.610037,-0.183567,-0.042091,-0.704034,-0.262246,-0.074882,-0.895832,-0.253312,-0.037422,-0.965009,-0.046527,-0.13658,-1.0,0.058046,-0.036254,-0.777492,0.000486,-0.170484,-0.84804,-0.120974,-0.147704,-0.514242,-0.009078,0.010272,-0.386679,0.153905,0.025403,-0.27549,-0.100006,0.150956,-0.045102,0.037825,0.013244,-0.1668,0.00259,-0.049769,-0.059694,-0.133462,0.008037,0.169072,-0.270679,-0.155517,0.110464,-0.209279,-0.132055,0.050261,-0.351829,-0.160481
T,0.0,0.0,0.0,0.095649,-0.174643,0.192513,-0.238691,-0.284283,0.147647,-0.017177,-0.408913,0.361037,-0.572423,-0.348088,0.246006,-0.703308,-0.420345,0.250838,-0.677251,-0.522282,0.007061,-1.0,-0.372284,0.130452,-0.78153,-0.203545,0.086751,-0.754909,-0.267474,0.043102,-0.848138,-0.286484,0.043573,-0.770161,-0.17428,0.095947,-0.563004,-0.208182,0.148699,-0.243236,-0.251518,0.223649,-0.303548,-0.215267,0.090014,0.213068,-0.163675,0.201998,0.013718,-0.36157,0.340702,0.348299,-0.438871,0.085732,0.566486,-0.233094,0.24357,0.384666,-0.506352,0.046841,0.406585,-0.639028,0.226344
T,0.0,0.0,0.0,-0.094514,-0.067215,0.024087,-0.072212,-0.293611,0.112494,-0.318039,-0.163314,0.154671,-0.607723,-0.345844,0.23677,-0.700971,-0.269221,0.245025,-0.877704,-0.419313,0.09055,-1.0,-0.382397,-0.014107,-0.982102,-0.271354,-0.06781,-0.980455,-0.135365,-0.086364,-0.799553,-0.338525,0.02385,-0.986572,-0.148596,-0.01787,-0.825026,-0.224646,0.203974,-0.418386,-0.146448,0.112732,-0.191529,-0.003873,0.059059,-0.060637,-0.123697,0.1155,0.007632,-0.05145,0.134056,0.011217,-0.557223,0.190356,0.144493,-0.370226,0.112794,0.430641,-0.325988,0.020339,0.207405,-0.639189,0.089995
T,0.0,0.0,0.0,-0.151288,-0.171819,-0.190244,-0.246941,-0.100851,0.21009,-0.245896,-0.301588,0.036451,-0.55455,-0.328569,0.120717,-0.747068,-0.199397,0.027009,-0.920893,-0.342944,0.031962,-0.80237,-0.251177,-0.068376,-0.966627,-0.134936,-0.060276,-1.0,-0.309669,-0.253777,-0.973677,-0.265095,-0.14659,-0.774161,-0.109054,0.019761,-0.67165,0.02378,-0.026383,-0.399762,-0.20128,-0.034746,-0.046243,-0.224193,0.042035,-0.121268,-0.305805,-0.106059,0.117664,-0.33384,-0.075754,0.234002,-0.170459,0.031092,0.10358,-0.419443,-0.116688,0.200006,-0.349716,-0.062516,0.243785,-0.373037,-0.015003
T,0.0,0.0,0.0,-0.078147,-0.179251,0.008282,-0.321712,-0.18579,-0.139208,-0.404185,-0.108723,-0.116645,-0.526974,-0.218972,-0.199133,-0.615703,-0.384834,-0.217658,-0.868467,-0.338371,-0.09875,-0.974132,-0.350041,-0.285652,-1.0,-0.431407,-0.183573,-0.988565,-0.062269,-0.152341,-0.988981,-0.292167,-0.120442,-0.68833,-0.331654,-0.248681,-0.495361,-0.111959,-0.091697,-0.409413,-0.209989,-0.240335,-0.111399,0.063342,-0.064142,0.055502,-0.217059,-0.075915,0.101156,-0.141075,-0.063337,0.477525,-0.161649,0.042847,0.290698,-0.525649,-0.062382,0.371585,-0.288428,-0.141375,0.076083,-0.568529,-0.302779
T,0.0,0.0,0.0,-0.161456,-0.008312,0.130246,-0.199479,-0.275848,0.164117,-0.63342,-0.106568,0.152091,-0.694089,-0.393976,0.044129,-0.818241,-0.301807,0.070943,-0.954497,-0.227283,-0.089641,-0.924589,-0.293756,0.023353,-0.945228,-0.338816,-0.05959,-1.0,-0.295018,-0.027375,-0.853614,-0.20761,-0.004665,-0.79147,-0.209716,0.079551,-0.633263,-0.154695,-0.064845,-0.424424,-0.083783,0.099057,-0.240493,-0.078198,0.071356,-0.2783,-0.19354,0.112144,-0.037591,-0.101138,-0.020373,0.046065,-0.256375,0.034525,0.046728,-0.23756,-0.037795,0.035846,-0.520329,0.102597,-0.116274,-0.472451,-0.01583
T,0.0,0.0,0.0,-0.082672,-0.004122,0.121582,-0.297193,-0.028111,0.063721,-0.433627,-0.08929,0.180776,-0.713578,-0.102814,0.075368,-0.81724,-0.020201,0.220471,-0.762509,-0.150585,0.079857,-0.754056,-0.10542,0.024757,-1.0,-0.06335,0.050928,-0.799459,-0.049562,-0.036332,-0.657436,-0.107565,-0.037195,-0.718615,0.059916,0.00518,-0.508593,0.005232,0.323272,-0.380548,-0.028364,0.07312,-0.202249,-0.001027,0.152708,0.081684,0.112036,0.227296,0.212672,-0.045988,0.176267,0.105205,-0.089662,0.144734,0.1417,-0.167632,0.119917,0.125559,-0.174177,0.035016,0.225433,-0.246731,0.132594
T,0.0,0.0,0.0,-0.08867,-0.233844,0.049502,-0.221984,-0.05998,-0.033281,-0.537169,-0.168977,-0.071425,-0.461239,-0.194521,0.119209,-0.892252,-0.342746,0.041773,-0.844483,-0.278639,-0.050139,-0.850887,-0.267081,0.038946,-1.0,-0.251279,-0.232957,-0.91868,-0.095535,0.027591,-0.820388,-0.137682,0.068746,-0.784184,-0.079027,0.01324,-0.609441,-0.013193,-0.068949,-0.506433,-0.340276,-0.062624,-0.31247,-0.121038,0.092088,-0.025533,-0.256432,0.076787,-0.062167,-0.293466,0.099855,0.139118,-0.181679,0.112596,0.137502,-0.20529,-0.050116,0.085315,-0.369222,0.027384,0.058046,-0.598938,0.015426
T,0.0,0.0,0.0,-0.2139,-0.181259,0.190166,-0.261243,0.012801,0.071167,-0.514315,-0.212882,0.032244,-0.627735,-0.307349,0.067978,-0.767169,-0.127754,0.128131,-0.858156,-0.162806,-0.030019,-1.0,-0.196857,0.043356,-0.932989,-0.05248,0.070674,-0.815636,-0.177257,0.030054,-0.922308,-0.156141,0.030897,-0.806545,-0.126884,0.052157,-0.663898,0.045573,0.020946,-0.465501,0.004286,0.052985,-0.274486,-0.088971,-0.137466,-0.270064,-0.064763,0.141765,0.145769,-0.108691,0.050061,0.0836,-0.093319,0.115225,0.081436,-0.345222,0.090507,0.099858,-0.400033,0.097066,0.119637,-0.324045,-0.008567
T,0.0,0.0,0.0,-0.145756,-0.143076,0.128969,-0.285108,-0.162972,0.320191,-0.485095,-0.135978,0.151106,-0.509286,-0.220713,0.05708,-0.688829,-0.33796,0.075753,-0.873439,-0.254646,0.093694,-0.936275,-0.191874,0.040429,-0.89046,-0.247243,-0.029664,-1.0,-0.178597,0.145086,-0.84305,-0.146614,0.061994,-0.837399,-0.215654,-0.003586,-0.690629,0.153732,0.260371,-0.293681,-0.129315,0.272184,-0.356819,0.111612,0.185746,-0.23492,0.098447,0.298101,-0.118188,-0.044887,0.005558,0.02586,-0.156417,0.122643,0.239761,-0.306141,0.117959,0.169806,-0.392248,0.037822,0.155098,-0.272973,0.050884
T,0.0,0.0,0.0,-0.124632,-0.25737,-0.053723,-0.333372,-0.319354,0.000539,-0.516408,-0.376464,0.108817,-0.55384,-0.310406,0.073883,-0.821625,-0.305684,0.056643,-0.933487,-0.405222,-0.110572,-0.992737,-0.450975,-0.050004,-0.947861,-0.291719,0.135199,-1.0,-0.3719,-0.073428,-0.84888,-0.467517,-0.048315,-0.765456,-0.329617,-0.038461,-0.573922,-0.254413,0.118618,-0.36934,-0.188128,0.020849,-0.219024,-0.439096,-0.060991,-0.141297,-0.037481,0.139291,-0.067567,-0.314727,0.13146,0.102036,-0.265944,0.080539,0.138775,-0.373749,0.097639,0.134833,-0.564549,0.028076,0.018954,-0.688537,-0.084985
T,0.0,0.0,0.0,-0.05994,-0.163606,0.099604,-0.179516,-0.266623,0.051566,-0.291456,-0.378487,0.192688,-0.600438,-0.401785,0.130181,-0.485444,-0.569326,0.126929,-0.767365,-0.440687,0.056859,-0.989639,-0.45682,0.03576,-1.0,-0.346727,-0.083214,-0.928968,-0.229978,-0.139736,-0.822509,-0.244394,-0.012874,-0.761274,-0.217728,-0.112733,-0.610131,-0.079446,0.058395,-0.4063,-0.161734,-0.042093,-0.21683,-0.23811,0.00233,-0.098232,-0.26627,0.08162,0.079766,-0.27216,-0.18017,0.060512,-0.399224,0.09417,0.122901,-0.423328,0.114326,0.119755,-0.45453,-0.041476,0.099606,-0.683678,-0.058853
T,0.0,0.0,0.0,0.020634,0.008686,0.112381,-0.356279,-0.002826,0.203115,-0.508896,-0.059145,0.222408,-0.782316,-0.115746,0.043144,-0.636276,-0.27371,0.140858,-1.0,-0.116941,0.07283,-0.816472,-0.256008,0.058908,-0.823281,-0.173647,0.055809,-0.870715,-0.267525,-0.034582,-0.769174,-0.272616,0.102477,-0.80871,0.102472,0.059068,-0.693067,0.041259,0.163904,-0.425699,-0.059641,0.189985,-0.398199,0.06946,-0.106454,-0.166302,-0.079838,-0.005862,0.054543,-0.244575,0.225639,-0.092438,-0.031005,0.036138,-0.080341,-0.226912,0.127607,0.008552,-0.255435,0.112778,0.162485,-0.373513,0.127964
T,0.0,0.0,0.0,-0.104581,-0.089667,-0.010091,-0.281217,-0.105478,0.094988,-0.502236,-0.180635,-0.037127,-0.520057,-0.269431,-0.086231,-0.707401,-0.217883,-0.092627,-1.0,-0.327449,0.026771,-0.746921,-0.281297,0.032461,-0.911312,-0.336824,-0.145033,-0.813397,-0.234027,-0.086946,-0.788855,-0.180332,-0.073045,-0.622254,-0.113846,-0.075173,-0.703642,0.002734,-0.139654,-0.522155,-0.019453,-0.105148,-0.369171,-0.105505,-0.147018,-0.238463,-0.019111,0.045545,-0.069579,-0.176995,-0.008656,-0.136926,-0.084969,-0.05404,-0.029357,-0.125424,-0.063772,0.017588,-0.16263,-0.129469,0.06559,-0.357006,-0.175786
T,0.0,0.0,0.0,-0.305449,-0.285085,0.151554,-0.376024,-0.255092,0.175491,-0.456879,-0.263136,0.158012,-0.447682,-0.296989,0.312509,-0.897968,-0.175679,0.149278,-0.640876,-0.426461,0.073863,-1.0,-0.322017,0.035141,-0.873167,-0.132185,0.089374,-0.893405,-0.090094,0.107452,-0.9773,-0.062539,0.215018,-0.914786,-0.011065,0.028654,-0.611314,-0.188589,0.164642,-0.465797,0.116878,0.026183,-0.374099,-0.132502,0.234959,-0.16737,-0.310728,0.289686,0.125084,-0.101153,0.180809,0.119201,-0.314693,0.311904,0.199776,-0.330629,0.197467,0.25126,-0.270504,0.15426,0.305431,-0.366281,0.183246
T,0.0,0.0,0.0,-0.101444,0.08376,-0.074009,-0.199263,-0.324844,0.062046,-0.331144,-0.083076,-0.01489,-0.632593,-0.16166,0.138022,-0.734216,-0.446508,-0.078191,-0.836775,-0.401152,0.054438,-0.971068,-0.26843,0.059613,-0.897716,-0.063705,0.063962,-1.0,-0.148129,-0.05817,-0.734108,-0.115918,-0.114786,-0.686475,-0.158096,-0.113741,-0.59663,-0.073633,0.0817,-0.470308,-0.246332,-0.023243,-0.239142,-0.057629,-0.003858,-0.023659,-0.061033,0.087323,-0.139701,-0.138852,0.024609,0.265537,-0.188384,-0.031943,0.103367,-0.167891,-0.046232,0.092878,-0.266733,0.012754,0.099894,-0.573164,0.001208
T,0.0,0.0,0.0,-0.195237,-0.086642,-0.042113,-0.333307,-0.198958,0.060515,-0.541883,-0.203666,0.063183,-0.671821,-0.205132,0.008096,-0.833704,-0.250174,-0.000702,-0.878032,-0.166085,0.024362,-0.845471,-0.321221,0.027192,-1.0,-0.117342,-0.041208,-0.999029,-0.013378,-0.017741,-0.85166,0.07792,-0.160269,-0.780987,-0.022382,-0.154844,-0.705284,0.041538,-0.085645,-0.428187,-0.075553,0.147973,-0.539822,0.062997,0.02453,-0.328285,-0.052769,-0.140977,-0.050834,-0.116346,-0.140249,0.021981,-0.106966,0.185298,0.123593,-0.386899,-0.052552,0.147739,-0.411363,-0.097841,0.01212,-0.421819,0.073283
T,0.0,0.0,0.0,-0.237615,-0.091437,0.09928,-0.39824,-0.16083,0.131074,-0.481299,-0.138664,0.1335,-0.634999,-0.185329,0.116576,-0.792195,-0.407592,0.118087,-0.788865,-0.344223,-0.028345,-0.855435,-0.202289,0.112061,-0.962442,-0.231033,-0.09668,-1.0,-0.174142,0.056282,-0.80172,-0.061201,-0.080192,-0.729069,-0.181559,0.00256,-0.415115,-0.26661,0.048944,-0.493106,-0.106877,-0.080498,-0.395285,-0.103497,-0.005939,-0.07363,-0.071841,-0.007361,-0.048386,-0.124201,0.01392,-0.072831,-0.295582,0.358545,0.210146,-0.339663,-0.013701,0.043744,-0.245786,0.253712,-0.002037,-0.458685,0.027479
T,0.0,0.0,0.0,-0.321433,0.073484,-0.121611,-0.376898,-0.126594,0.119861,-0.420689,-0.164007,-0.093811,-0.54067,-0.438984,0.005444,-0.851312,-0.008983,0.168955,-0.875619,-0.219411,-0.065395,-0.994254,-0.241024,-0.076592,-0.919894,-0.143347,-0.092347,-1.0,-0.196719,-0.201364,-0.826021,-0.081657,-0.109428,-0.760864,-0.059609,-0.104238,-0.557463,0.033642,-0.10539,-0.553681,0.070239,-0.040676,-0.392454,-0.111064,0.089468,-0.31874,0.000786,0.113855,-0.139231,-0.056838,0.03919,-0.122108,-0.235873,-0.066528,0.024174,-0.165472,0.055301,-0.056203,-0.266388,0.038254,-0.045816,-0.19442,-0.123457
T,0.0,0.0,0.0,-0.092016,-0.054338,-0.008722,-0.095415,-0.119431,0.022147,-0.370799,-0.15219,0.031573,-0.527869,-0.311942,0.080577,-0.660127,-0.297483,0.053369,-0.640407,-0.228176,0.054461,-0.736452,-0.262527,-0.006734,-0.671988,-0.254775,-0.145872,-1.0,-0.052789,0.088741,-0.814569,-0.070002,0.013877,-0.584176,-0.09941,-0.115511,-0.496834,-0.084759,-0.029133,-0.366429,0.008158,0.07118,-0.143166,-0.018258,0.030401,0.01975,-0.202012,0.031669,0.100858,-0.094393,0.058596,0.203676,-0.072865,-0.065867,0.198874,-0.313992,0.085365,0.233958,-0.418267,-0.025037,0.013158,-0.362717,-0.090753
T,0.0,0.0,0.0,-0.001633,-0.123807,-0.038219,-0.227734,-0.258269,-0.188917,-0.382325,-0.178298,0.002321,-0.36003,-0.340689,-0.00564,-0.674223,-0.262694,-0.045737,-0.854549,-0.316904,0.018425,-1.0,-0.532313,-0.112569,-0.796414,-0.185016,-0.25785,-0.871477,-0.20439,-0.154165,-0.96662,-0.262115,-0.171192,-0.557694,-0.078606,-0.170336,-0.63357,-0.111902,-0.117034,-0.400491,-0.101903,-0.034583,-0.415191,-0.00531,-0.072024,0.041652,0.115222,-0.142432,0.106893,-0.180516,0.042162,-0.004913,-0.236143,-0.088725,0.417491,-0.102172,-0.060144,0.146533,-0.470903,-0.058118,0.068805,-0.457894,-0.110009
T,0.0,0.0,0.0,-0.10179,-0.10739,-0.073192,-0.483984,-0.198817,-0.02127,-0.484193,-0.130046,-0.197527,-0.699912,-0.374402,-0.070664,-0.835818,-0.449103,-0.119955,-0.803611,-0.275776,-0.175033,-1.0,-0.396929,-0.252054,-0.95677,-0.414752,-0.104833,-0.812233,-0.233881,-0.120524,-0.851,-0.271785,-0.141776,-0.76565,-0.24732,-0.382181,-0.744113,-0.245351,-0.092802,-0.622092,0.021066,0.033864,-0.234737,-0.185459,-0.268556,-0.100209,-0.221266,-0.000496,0.009224,-0.228958,-0.1746,0.066798,-0.383877,-0.052809,0.141673,-0.378875,-0.231332,0.245084,-0.461,-0.143971,0.150417,-0.571925,-0.218638
T,0.0,0.0,0.0,-0.216162,-0.01659,-0.093517,-0.352534,0.031431,0.010793,-0.551073,-0.197375,-0.013822,-0.539754,-0.112942,-0.047642,-0.744936,-0.232426,-0.206473,-0.666959,-0.353762,-0.089993,-0.945821,-0.209128,-0.05648,-1.0,-0.127792,-0.053752,-0.860895,0.054968,-0.267522,-0.894474,-0.116358,-0.137874,-0.692307,-0.008221,-0.191389,-0.683634,-0.092578,-0.02368,-0.421994,-0.037743,-0.104513,-0.362742,-0.006913,-0.046454,-0.330489,-0.138859,-0.058411,-0.093633,-0.137398,-0.012545,-0.188621,-0.104315,-0.098488,-0.171194,-0.200935,-0.14599,-0.051074,-0.207341,-0.053007,-0.198076,-0.277151,-0.075138
T,0.0,0.0,0.0,0.055709,0.069287,0.155707,-0.344954,-0.120976,-0.03363,-0.487272,-0.011079,0.053968,-0.658979,-0.158623,0.037246,-0.738088,-0.255903,0.090169,-0.901978,-0.309387,0.143672,-0.776165,-0.145128,-0.121661,-0.994486,-0.140628,-0.162173,-1.0,-0.256831,-0.114215,-0.846166,-0.091009,-0.119189,-0.767967,-0.081565,0.078768,-0.805227,-0.085266,0.16225,-0.552676,-0.097327,0.002277,-0.154478,0.043603,-0.02258,-0.118032,-0.041867,0.133827,0.022383,-0.027695,0.065318,0.247724,-0.10808,0.026024,0.275963,-0.128471,-0.02261,-0.186005,-0.23103,-0.006923,0.13324,-0.285091,-0.081996
T,0.0,0.0,0.0,0.08693,0.093617,-0.377253,-0.340384,0.005655,-0.125653,-0.410052,-0.266101,-0.051677,-0.386955,-0.136305,-0.235478,-0.57439,-0.186765,-0.019644,-0.887364,-0.003041,-0.252476,-1.0,-0.108987,-0.245791,-0.927215,-0.261285,-0.362122,-0.978469,-0.086733,-0.35377,-0.758357,-0.089827,-0.10788,-0.844124,-0.004692,-0.215195,-0.555778,-0.009886,-0.150762,-0.52538,0.04348,-0.300898,-0.277116,0.045751,-0.083181,-0.183369,0.165296,-0.060548,0.101241,-0.14132,-0.005533,0.247598,-0.052614,-0.234594,0.276994,-0.243764,-0.071944,0.381491,-0.301284,-0.279246,0.284394,-0.342652,-0.365337
T,0.0,0.0,0.0,-0.081245,-0.247657,-0.022482,-0.188039,-0.345382,0.148612,-0.574165,-0.410655,0.07537,-0.713977,-0.508578,0.086928,-0.729059,-0.508634,0.032939,-0.891296,-0.329292,0.03803,-0.897131,-0.613742,-0.047179,-1.0,-0.470639,-0.070443,-0.985669,-0.452901,-0.150992,-0.806798,-0.321442,-0.008346,-0.671461,-0.286023,-0.153807,-0.470691,-0.248225,-0.185928,-0.509843,-0.417655,0.051638,-0.322616,-0.301744,0.192857,0.011006,-0.40477,0.094244,0.177204,-0.436307,0.142804,0.094086,-0.494912,0.181042,0.121528,-0.500475,-0.007994,0.255635,-0.493638,-0.069933,0.123533,-0.658427,0.057636
T,0.0,0.0,0.0,-0.157327,-0.178523,-0.002264,-0.288714,-0.265551,-0.025353,-0.526302,-0.648939,0.164623,-0.563686,-0.398098,-0.112758,-0.750616,-0.23703,0.175204,-0.976786,-0.426517,0.101161,-0.869321,-0.357085,-0.106607,-0.868648,-0.262933,-0.067847,-1.0,-0.411837,-0.057772,-0.828801,-0.365792,-0.221836,-0.800323,-0.344088,-0.070763,-0.615662,-0.234973,-0.073666,-0.340851,-0.304947,0.082962,-0.39965,-0.25765,-0.073413,-0.159041,-0.439024,0.087284,0.114896,-0.234545,-0.081726,0.091182,-0.364189,-0.049182,0.256628,-0.453824,-0.125246,0.200532,-0.499853,-0.031713,0.262973,-0.648231,-0.019698
T,0.0,0.0,0.0,-0.207031,-0.014379,-0.066674,-0.394576,-0.373091,0.068052,-0.341136,-0.23727,-0.102036,-0.653228,-0.516336,-0.084803,-0.75006,-0.2649,-0.100585,-0.909796,-0.374819,-0.026032,-0.816964,-0.448623,-0.143956,-0.970086,-0.383456,-0.206362,-0.982996,-0.432824,-0.217339,-1.0,-0.285119,-0.197258,-0.828036,-0.247969,-0.367933,-0.665373,-0.202078,-0.03833,-0.42209,-0.087969,-0.224595,-0.217852,-0.170863,-0.120546,-0.146144,0.065007,-0.044416,-0.017928,-0.17116,-0.073893,-0.000667,-0.178549,-0.192768,0.123765,-0.384612,-0.160393,0.004356,-0.483932,-0.081004,0.166563,-0.649787,-0.20911
T,0.0,0.0,0.0,-0.134916,-0.177872,-0.044001,-0.255059,-0.168541,0.025249,-0.541869,-0.201358,0.038595,-0.637717,-0.116096,0.007644,-0.821306,-0.229469,0.176637,-0.89881,-0.303787,-0.123782,-1.0,-0.289177,-0.083458,-0.959587,-0.218983,0.099723,-0.929093,-0.089796,-0.034741,-0.953069,-0.086341,-0.108049,-0.698409,-0.160103,0.049071,-0.634596,-0.15117,0.106145,-0.374242,-0.117709,-0.01443,-0.373268,0.010503,0.152576,-0.271012,-0.059108,0.044034,-0.161128,-0.141604,-0.031875,0.02047,-0.141191,0.182783,0.061368,-0.246236,-0.042606,0.143385,-0.428726,-0.004262,-0.068246,-0.442189,-0.06645
T,0.0,0.0,0.0,0.009619,-0.094576,-0.018507,-0.307344,-0.11848,0.064517,-0.352486,-0.264345,-0.024361,-0.582419,-0.203558,-0.027612,-0.813933,-0.408652,-0.077035,-0.939301,-0.37198,0.096979,-0.966509,-0.138408,0.114251,-1.0,-0.444647,-0.002417,-0.857864,-0.13179,-0.021774,-0.92057,-0.273802,0.007991,-0.786104,-0.077221,-0.100802,-0.394055,-0.049837,-0.051931,-0.530278,-0.197154,0.083204,-0.280723,-0.09538,-0.008361,-0.153108,-0.096285,0.071597,0.007679,-0.072861,-0.057163,0.176184,-0.134318,0.055371,0.1108,-0.547519,0.090368,0.352966,-0.323904,-0.023014,0.200698,-0.506469,0.030586
T,0.0,0.0,0.0,-0.202131,-0.149458,-0.166979,-0.304653,-0.224344,-0.1487,-0.580125,-0.394631,-0.022045,-0.657991,-0.339795,-0.062092,-0.663337,-0.367201,-0.061852,-0.960664,-0.358731,-0.196459,-0.947244,-0.319016,-0.157588,-1.0,-0.279539,-0.195282,-0.977042,-0.362131,-0.12654,-0.873961,-0.272311,-0.263196,-0.550385,-0.461499,-0.224082,-0.658661,-0.080325,-0.160778,-0.43758,-0.182994,0.059181,-0.252352,-0.198295,-0.017823,-0.153952,0.007508,0.055582,0.025642,-0.211668,-0.11865,0.17319,-0.117138,-0.098682,0.185114,-0.277594,-0.014857,0.077028,-0.377272,0.07869,0.107079,-0.485635,-0.113709
T,0.0,0.0,0.0,-0.164227,0.0509,-0.144444,-0.240819,-0.12058,-0.246166,-0.494933,-0.096533,-0.154095,-0.702304,-0.149054,-0.209445,-0.700979,-0.227638,-0.102349,-1.0,-0.085121,-0.129708,-0.918685,-0.301534,-0.262489,-0.981716,-0.257231,-0.273899,-0.911721,-0.181311,-0.198821,-0.981129,-0.038518,-0.327872,-0.748674,0.133557,-0.263107,-0.718261,0.073889,-0.187741,-0.604511,0.022562,-0.147639,-0.395549,-0.062103,-0.066864,-0.274504,-0.137636,-0.194608,0.014948,-0.075498,-0.173482,0.026551,-0.064995,-0.001208,0.112355,-0.01112,-0.092125,0.057253,-0.196083,-0.126842,0.137515,-0.316107,-0.197856
T,0.0,0.0,0.0,-0.097305,-0.212065,0.195337,-0.160656,-0.162268,0.160932,-0.420444,-0.14651,0.269652,-0.647648,-0.270216,0.207171,-0.715646,-0.432713,-0.017313,-0.795714,-0.463707,0.091281,-0.824333,-0.266077,0.058098,-0.832943,-0.230201,0.045433,-0.756711,-0.199074,0.007964,-1.0,-0.184181,0.032946,-0.710081,-0.188173,-0.100912,-0.597444,-0.234159,0.0697,-0.464122,-0.114111,0.167116,-0.210804,-0.325533,0.289004,-0.241046,-0.13228,0.108114,0.055485,-0.325116,0.318284,0.091461,-0.176704,0.102948,0.317061,-0.414443,-0.07774,0.29241,-0.489506,0.119054,0.262594,-0.529126,0.122295
T,0.0,0.0,0.0,-0.109834,-0.145269,-0.019195,-0.285143,-0.149517,-0.031511,-0.349515,-0.266085,0.044679,-0.45668,-0.27622,0.073007,-0.673946,-0.208088,-0.098833,-0.695503,-0.282116,-0.074952,-1.0,-0.272851,-0.148426,-0.970283,-0.163145,-0.153704,-0.947381,-0.146863,-0.058541,-0.771738,-0.266218,-0.269324,-0.760328,-0.188303,-0.002302,-0.573505,-0.195729,-0.148791,-0.353571,-0.050697,-0.079706,-0.309086,-0.087276,-0.052284,-0.186613,-0.092259,-0.072272,-0.128877,-0.146404,-0.025095,-0.043798,-0.142401,0.001966,0.072589,-0.273069,-0.067433,0.060321,-0.294111,0.010101,-0.071262,-0.380769,-0.145272
T,0.0,0.0,0.0,-0.148945,0.041114,-0.041745,-0.259093,0.004931,-0.143404,-0.404127,-0.241293,0.047795,-0.413159,-0.160177,0.208626,-0.635175,-0.14696,0.047072,-0.860983,-0.170516,-0.164277,-1.0,-0.091849,-0.182094,-0.88852,-0.013218,-0.295735,-0.821522,-0.130884,-0.145808,-0.803481,-0.086577,-0.089186,-0.790431,-0.002434,-0.228803,-0.345165,-0.027563,-0.081625,-0.206486,-0.070548,-0.070548,-0.329641,-0.08533,-0.176868,0.040311,0.042933,-0.068123,0.056009,0.043499,-0.024702,0.122125,-0.005682,-0.048621,0.319617,-0.179189,0.136384,0.238345,-0.47263,-0.107781,0.232345,-0.35635,-0.038225
T,0.0,0.0,0.0,-0.066105,-0.309038,0.115628,-0.169142,-0.375187,0.088194,-0.385999,-0.256452,-0.108458,-0.592013,-0.311391,-0.097551,-0.746627,-0.710802,-0.016352,-0.736388,-0.54704,-0.039287,-0.968555,-0.586486,-0.13821,-1.0,-0.409051,-0.159661,-0.802182,-0.435559,-0.156136,-0.830871,-0.349399,-0.192258,-0.733609,-0.258705,-0.046434,-0.785303,-0.229361,-0.166096,-0.319102,-0.171141,0.008718,-0.307871,-0.380621,0.065642,0.012529,-0.45197,0.091249,0.07284,-0.292603,-0.107032,0.230957,-0.40433,-0.085194,-0.005634,-0.50848,-0.15559,0.001194,-0.394366,-0.104071,0.011617,-0.737542,-0.172662
T,0.0,0.0,0.0,-0.066718,-0.197081,0.156384,-0.106858,-0.26871,-0.01364,-0.409061,-0.601111,0.108929,-0.687063,-0.382917,0.118222,-0.763537,-0.424434,0.081389,-0.879452,-0.303893,0.102075,-0.853703,-0.430099,0.056303,-1.0,-0.35386,-0.256415,-0.80598,-0.154319,-0.010555,-0.982461,-0.290701,-0.023388,-0.725278,-0.004127,-0.037588,-0.633956,-0.188297,-0.004346,-0.485547,-0.343132,0.102589,-0.327559,-0.27154,-0.011845,-0.223819,-0.136631,0.124434,0.058337,-0.167457,0.119131,0.190644,-0.123532,0.158036,0.204604,-0.449663,-0.09654,0.031238,-0.375306,-0.030307,0.148751,-0.657459,0.192773
T,0.0,0.0,0.0,0.03964,-0.164235,-0.024292,-0.258325,-0.013699,0.061119,-0.299905,-0.46661,-0.118242,-0.596625,-0.258832,0.09952,-0.752779,-0.330259,0.018994,-0.688108,-0.230264,-0.013591,-1.0,-0.369219,0.058972,-0.979879,-0.221228,0.015745,-0.81209,-0.405908,-0.088033,-0.788196,-0.238234,-0.04463,-0.767554,-0.191492,0.14022,-0.755607,-0.181092,0.007867,-0.470428,-0.159623,-0.119434,-0.223764,-0.167434,0.079599,0.214421,-0.242049,-0.03956,0.275855,-0.663153,0.037288,0.249763,-0.361695,0.079468,0.275163,-0.533981,0.128592,0.412755,-0.565507,-0.023917,0.48171,-0.543554,0.001958
U,0.0,0.0,0.0,-0.248314,0.117963,0.051162,-0.51688,0.046578,0.115722,-0.584671,-0.050217,0.297106,-0.734444,-0.056613,0.112031,-0.785415,-0.183069,0.084437,-0.756444,0.04768,0.186698,-0.851156,-0.110555,0.138026,-1.0,-0.129819,-0.06452,-0.972272,0.087157,0.139682,-0.79893,0.047898,0.048296,-0.729634,0.019877,0.043556,-0.533859,-0.036926,0.098667,-0.274475,0.139005,0.198478,-0.484585,0.066765,0.105226,-0.176108,0.038073,0.145008,0.035655,0.09051,0.125491,0.140669,-0.143432,0.345236,0.022442,-0.160384,0.310953,0.009014,-0.131179,0.056342,-0.036766,-0.28866,0.237712
U,0.0,0.0,0.0,-0.246478,-0.038418,0.024886,-0.397886,-0.145085,0.06748,-0.286927,-0.106638,0.030714,-0.608926,-0.245214,0.016887,-0.692769,-0.182854,-0.015143,-0.938594,-0.256579,-0.100074,-1.0,-0.17013,-0.028468,-0.982691,-0.217619,-0.052434,-0.847789,-0.120487,-0.151338,-0.758997,-0.12498,-0.024672,-0.584832,0.158694,0.032372,-0.522601,-0.069482,-0.12982,-0.45556,-0.03335,-0.003001,-0.011073,-0.12004,-0.073314,-0.074363,-0.124333,0.041126,-0.025223,-0.148054,0.047059,0.038823,-0.214766,0.045402,0.11761,-0.315921,-0.057199,0.182012,-0.331741,-0.072285,0.106161,-0.427224,0.044351
U,0.0,0.0,0.0,-0.29551,-0.125779,0.125652,-0.385127,-0.358831,0.103717,-0.506632,-0.43908,0.118291,-0.595752,-0.467051,0.127113,-0.715567,-0.241518,-0.102575,-0.834653,-0.384795,-0.000108,-0.764663,-0.317076,-0.023152,-0.923688,-0.156227,0.003582,-1.0,-0.259934,0.072509,-0.893385,-0.133262,-0.035325,-0.905334,-0.061385,0.020736,-0.497138,-0.144059,0.017927,-0.361137,-0.172766,0.202296,-0.266594,-0.003534,0.119843,-0.328201,-0.276289,0.157035,-0.081866,-0.353595,0.198284,-0.063735,-0.230222,0.042082,0.169546,-0.359889,-0.130449,0.061044,-0.506116,0.062094,0.050821,-0.620352,-0.100257
U,0.0,0.0,0.0,-0.196879,-0.196999,-0.082367,-0.312318,-0.219434,0.089518,-0.55004,-0.277229,-0.08884,-0.679088,-0.367607,0.112417,-0.632999,-0.432747,0.082538,-0.819619,-0.372573,-0.086313,-1.0,-0.337498,-0.078889,-0.954334,-0.318321,0.000185,-0.856127,-0.252511,-0.128571,-0.864099,-0.161881,-0.075862,-0.675442,-0.092051,-0.071707,-0.425487,-0.315845,-0.158028,-0.226261,-0.165138,0.00867,-0.115184,-0.105909,0.086176,-0.026959,-0.074369,0.064965,0.097945,-0.254109,0.070361,0.106902,-0.275469,-0.131151,0.104021,-0.362488,0.128674,0.09815,-0.425493,0.086587,-0.050058,-0.595355,0.018124
U,0.0,0.0,0.0,-0.249564,0.13165,0.194972,-0.474416,-0.007213,-0.072106,-0.55452,0.003975,0.207398,-0.568748,0.051184,-0.00071,-0.773197,-0.041278,0.070172,-0.889833,0.017854,-0.011012,-0.90895,0.05847,0.150208,-1.0,0.018268,0.007223,-0.81562,0.128414,-0.060557,-0.83849,0.045811,-0.000244,-0.669292,0.041148,0.112262,-0.73869,0.001878,0.040292,-0.480957,0.057505,0.08868,-0.274972,0.186111,-0.037171,-0.153879,0.13315,-0.022252,-0.113599,0.108171,0.152126,-0.063181,-0.097308,0.157306,-0.024044,-0.225096,0.009904,0.040611,-0.259758,0.013731,-0.121132,-0.267754,-0.048245
U,0.0,0.0,0.0,-0.205662,0.026419,-0.029037,-0.428122,-0.209344,-0.108707,-0.576658,-0.297946,-0.094419,-0.63356,-0.155284,-0.121554,-0.828728,-0.161295,-0.037175,-1.0,-0.220284,-0.017428,-0.882575,-0.014429,-0.13742,-0.823506,-0.176106,-0.055797,-0.931617,-0.195254,-0.212436,-0.917571,-0.045444,-0.151193,-0.460287,-0.109538,-0.035855,-0.52622,-0.199715,-0.183657,-0.50179,0.089231,0.06546,-0.056887,-0.226889,-0.136266,-0.028969,-0.127653,0.0526,-0.005918,-0.151949,-0.156412,0.056784,-0.136814,-0.096639,0.140572,-0.336931,-0.098997,0.057609,-0.305868,0.013024,0.208925,-0.388224,-0.053397
U,0.0,0.0,0.0,-0.205131,-0.097043,-0.032912,-0.456229,-0.231768,-0.050253,-0.511151,-0.327825,0.012628,-0.756676,-0.387024,0.0681,-0.999752,-0.340253,-0.028018,-0.853422,-0.225746,-0.018506,-0.919741,-0.273251,0.100123,-1.0,-0.208662,-0.247944,-0.919001,-0.137704,-0.124472,-0.961804,0.026337,-0.17285,-0.767305,-0.110695,-0.031544,-0.815705,-0.031564,0.069708,-0.654472,-0.159604,0.007341,-0.344548,-0.024681,0.046476,-0.171495,0.044683,0.062275,-0.191044,-0.090284,-0.002462,0.045205,-0.113635,0.128967,0.03529,-0.224099,-0.123539,-0.029861,-0.442823,0.032048,0.094089,-0.231261,-0.008003
U,0.0,0.0,0.0,-0.295944,-0.045865,0.21605,-0.228871,-0.008825,0.137824,-0.502989,-0.118907,0.155289,-0.691707,-0.056827,0.057318,-0.970101,-0.171809,0.223116,-1.0,0.057567,0.226763,-0.891838,-0.004488,0.165841,-0.912436,0.057041,0.192417,-0.890556,0.148717,0.10427,-0.871634,-0.098519,0.038754,-0.616809,0.05391,0.151802,-0.568044,-0.019746,0.110158,-0.489879,0.055006,0.086009,-0.22784,0.15382,0.185652,-0.2958,-0.049103,0.251025,-0.083231,-0.041598,0.205738,-0.013135,-0.216633,0.11326,0.047643,-0.165811,0.228295,0.071122,-0.21322,0.240863,-0.128177,-0.191967,0.257613
U,0.0,0.0,0.0,-0.171917,-0.028235,-0.076639,-0.276601,-0.256067,-0.037779,-0.6011,-0.265317,0.020964,-0.740514,-0.305324,-0.057174,-0.706939,-0.014057,0.017404,-0.841359,-0.250809,0.130753,-0.998029,-0.228693,-0.11816,-1.0,-0.32134,-0.251779,-0.941294,-0.226567,-0.130859,-0.877313,-0.010322,-0.206983,-0.691531,-0.247148,-0.339971,-0.649127,-0.006158,-0.230306,-0.309805,0.014623,-0.16703,-0.176295,-0.074491,-0.061822,-0.084151,-0.017959,0.060531,-0.024232,-0.17814,-0.137998,0.218418,-0.098683,-0.258827,0.203725,-0.275488,-0.020364,0.111314,-0.31973,-0.109884,0.303771,-0.302389,-0.088865
U,0.0,0.0,0.0,-0.076021,-0.106977,0.024574,-0.2002,-0.013758,-0.181654,-0.357735,-0.27186,-0.07285,-0.788338,-0.290983,0.002225,-0.90939,-0.336963,0.080785,-0.762694,-0.315145,-0.035929,-0.914815,-0.191426,-0.060123,-0.949697,-0.309368,-0.118076,-1.0,-0.330207,-0.233519,-0.926273,-0.278015,-0.08592,-0.661461,-0.190817,-0.181326,-0.329107,-0.165287,-0.131438,-0.511207,-0.05915,0.13365,-0.197271,-0.149017,0.010307,0.011968,-0.385223,0.063537,0.29357,-0.18616,-0.006995,0.27354,-0.197746,0.008826,0.305327,-0.276704,-0.145825,0.097695,-0.593763,-0.208647,0.215561,-0.514548,-0.046146
U,0.0,0.0,0.0,-0.242188,0.032933,0.031087,-0.240505,-0.125654,0.134769,-0.524781,-0.197261,0.173342,-0.946329,-0.220793,0.160075,-0.906698,-0.259621,0.044502,-0.906889,-0.246805,-0.018742,-0.936046,-0.118934,0.066511,-0.857136,-0.169809,0.11507,-1.0,-0.019107,0.091299,-0.946902,-0.051144,-0.002775,-0.722403,-0.05249,-0.028863,-0.507784,-0.035293,-0.047496,-0.439275,-0.062319,0.112276,-0.395697,0.126193,0.095189,-0.260613,-0.067202,0.061865,-0.123054,-0.05792,0.275855,0.152833,-0.132965,0.031837,0.056054,-0.16558,0.089737,0.075951,-0.277621,0.072316,-0.135328,-0.423023,0.176234
U,0.0,0.0,0.0,-0.290444,0.036142,-0.066279,-0.241669,-0.330872,-0.068309,-0.585432,-0.310554,-0.09432,-0.693813,-0.253056,-0.176147,-0.988891,-0.390376,-0.034437,-0.688816,-0.244518,-0.076839,-1.0,-0.135017,-0.138759,-0.908781,-0.253628,-0.32688,-0.897084,-0.402723,-0.161108,-0.813143,-0.290119,-0.133211,-0.749073,-0.228865,-0.172147,-0.565038,-0.152568,-0.103524,-0.463385,-0.235566,-0.189317,-0.237956,-0.109345,0.030606,-0.087728,-0.188513,-0.18635,-0.034479,-0.176559,-0.1215,0.225288,-0.201514,-0.057686,0.013501,-0.32805,-0.241263,-0.043294,-0.472123,-0.062847,0.122413,-0.686935,0.039946
U,0.0,0.0,0.0,-0.215728,-0.179175,0.109621,-0.490068,-0.146699,0.169827,-0.576907,0.058334,0.206855,-0.540936,-0.115925,0.200568,-0.817682,-0.062103,0.11529,-0.923753,-0.222669,0.184041,-1.0,-0.071761,0.24175,-0.991211,-0.076411,0.061043,-0.877352,0.012261,0.128158,-0.819086,0.141397,0.150544,-0.763213,-0.0939,0.323652,-0.612326,-0.052067,0.158143,-0.335024,-0.08603,0.158458,-0.35474,-0.000279,0.273137,-0.126068,0.15354,0.148757,0.023289,0.056061,0.306061,0.298245,-0.087484,0.137481,0.114019,-0.263901,0.201971,0.192326,-0.231263,0.157849,-0.030124,-0.369806,0.186275
U,0.0,0.0,0.0,-0.144866,-0.160243,-0.038865,-0.152234,-0.064067,0.032643,-0.4328,-0.092813,0.108263,-0.396794,-0.378148,-0.0782,-0.557021,-0.127278,0.140699,-0.817181,-0.197438,-0.079235,-1.0,-0.130411,0.130857,-0.816656,-0.17465,-0.114737,-0.66245,-0.06732,-0.017617,-0.801113,-0.117141,0.037437,-0.596274,-0.059892,0.207656,-0.393386,0.007185,-0.001831,-0.295845,0.027561,0.208182,-0.038036,-0.1117,0.023153,0.08041,-0.128189,0.035928,0.103144,-0.075156,0.086119,0.326323,-0.206945,0.061905,0.26662,-0.208843,-0.023967,0.272774,-0.246638,-0.101193,0.363189,-0.320879,-0.143091
U,0.0,0.0,0.0,-0.213392,-0.18629,-0.043688,-0.28758,-0.398404,0.100141,-0.388348,-0.428886,0.063296,-0.555363,-0.297391,0.1447,-0.809264,-0.409747,0.051446,-0.822298,-0.287697,0.078679,-0.816198,-0.30681,-0.058044,-1.0,-0.23114,0.078682,-0.71159,-0.072609,0.065659,-0.758821,-0.255848,-0.073716,-0.674581,-0.202638,0.149442,-0.505357,-0.190661,-0.042055,-0.368344,-0.152718,0.014113,-0.321545,-0.125938,0.038461,-0.168306,-0.225467,0.298077,-0.031197,-0.289776,-0.110292,-0.10137,-0.305629,0.204892,0.223448,-0.374047,0.085437,0.021192,-0.4082,0.016363,-0.065487,-0.590769,0.066312
U,0.0,0.0,0.0,-0.215027,-0.076158,0.019844,-0.263084,-0.176174,-0.041529,-0.401641,-0.161262,-0.071205,-0.644664,-0.185749,0.071037,-0.781615,-0.198003,-0.032109,-0.853959,-0.071807,0.006786,-1.0,-0.151246,-0.047612,-0.894332,-0.262804,-0.083526,-0.931949,-0.230796,-0.010229,-0.831418,-0.099092,-0.03523,-0.616297,-0.067132,-0.090255,-0.642125,-0.099702,0.03136,-0.411476,0.062256,-0.060078,-0.236258,-0.157418,0.043099,-0.140793,-0.078381,0.038621,0.045112,-0.113539,-0.103416,0.167662,-0.157026,-0.170152,0.029825,-0.179999,-0.043713,0.036398,-0.334085,-0.094717,-0.113993,-0.511322,-0.055738
U,0.0,0.0,0.0,-0.147985,-0.076984,-0.039039,-0.357632,-0.180945,-0.262805,-0.550794,-0.127547,-0.1146,-0.542244,-0.130097,-0.199443,-0.865916,-0.304985,-0.120108,-0.889898,-0.24803,-0.162677,-0.993817,-0.139691,-0.074482,-0.955866,-0.055745,-0.169763,-1.0,-0.151908,-0.244387,-0.955448,-0.036394,-0.100547,-0.990684,0.014664,-0.194911,-0.666559,-0.071089,-0.245817,-0.464546,0.135614,-0.243767,-0.236109,0.048617,-0.034247,-0.01235,0.025163,-0.011201,0.059741,-0.018172,-0.097234,0.100491,-0.19268,-0.193412,0.235784,-0.300293,-0.002854,0.104112,-0.429673,-0.192347,0.026909,-0.429299,-0.183062
U,0.0,0.0,0.0,0.037604,-0.072459,0.142718,-0.16846,-0.314972,0.378305,-0.277354,-0.476419,0.345022,-0.579561,-0.576296,0.42199,-0.550692,-0.31861,0.355789,-0.744397,-0.443087,0.221193,-0.848718,-0.333477,0.313326,-1.0,-0.476711,0.146605,-0.950624,-0.488613,0.289417,-0.893917,-0.371502,0.214141,-0.707996,-0.355768,0.105505,-0.381166,-0.197644,0.128332,-0.093159,-0.222886,0.372433,-0.064872,-0.145008,0.348261,-0.025112,0.04901,0.28542,0.340921,-0.31858,0.252958,0.488119,-0.151682,0.402361,0.465892,-0.542448,0.398654,0.427707,-0.485427,0.469485,0.046036,-0.683484,0.42201
U,0.0,0.0,0.0,-0.03418,-0.25486,0.284077,-0.316861,-0.244928,0.07011,-0.283863,-0.281592,-0.043556,-0.608896,-0.523154,0.10502,-0.524135,-0.352889,0.111817,-0.692158,-0.392549,0.155978,-0.675656,-0.471892,0.130797,-1.0,-0.345774,0.106632,-0.788036,-0.277054,0.196495,-0.757181,-0.091858,-0.039047,-0.552518,-0.112315,0.011668,-0.568192,-0.106016,-0.025004,-0.305767,-0.064276,0.106683,-0.162378,-0.104767,0.085436,-0.018127,-0.225356,0.026823,0.184492,-0.226462,0.122403,0.185064,-0.283112,0.082677,0.329873,-0.219023,0.169391,0.272963,-0.611135,-0.006908,0.295918,-0.587975,-0.103609
U,0.0,0.0,0.0,-0.200172,-0.014715,-0.028093,-0.452789,-0.218493,-0.119602,-0.503338,-0.264151,-0.207223,-0.80343,-0.143224,0.14202,-0.82425,-0.142939,-0.054849,-0.899518,-0.170951,-0.050938,-1.0,-0.2086,-0.194128,-0.991288,-0.154928,-0.271878,-0.874669,-0.041417,-0.172787,-0.774577,-0.024126,-0.236795,-0.93768,-0.249732,-0.045237,-0.577887,-0.068435,-0.215664,-0.377436,0.077398,-0.199573,-0.185174,0.25083,0.099319,-0.254412,-0.23805,0.116466,0.203814,-0.098229,-0.011735,0.169065,-0.248136,-0.003231,0.227478,-0.188927,-0.159759,0.289227,-0.363481,-0.272016,0.290498,-0.673427,-0.027779
U,0.0,0.0,0.0,-0.203734,-0.141827,-0.042282,-0.276459,-0.242601,-0.093798,-0.323762,-0.240026,0.12284,-0.694227,-0.264991,0.153091,-0.888278,-0.253454,-0.016387,-0.969775,-0.374274,0.228465,-0.847383,-0.280963,0.168344,-1.0,-0.336811,-0.076375,-0.721391,-0.139437,-0.07955,-0.856558,-0.152501,-0.105639,-0.692802,-0.228451,-0.001454,-0.462622,0.028717,-0.106234,-0.322932,-0.050814,0.033711,-0.26806,-0.164135,-0.080886,-0.010314,-0.202208,-0.050224,0.063579,-0.153654,0.16683,0.265436,-0.239886,0.059009,0.106958,-0.349761,0.001086,0.085392,-0.483531,-0.050505,0.206496,-0.414019,-0.145675
U,0.0,0.0,0.0,-0.274482,-0.231205,0.008192,-0.333433,-0.191934,0.014324,-0.407303,-0.123041,-0.041349,-0.675281,-0.212844,0.13544,-0.744481,-0.224441,-0.093326,-1.0,-0.040632,0.018137,-0.955223,-0.388078,0.088982,-0.956169,-0.260502,-0.1098,-0.82855,-0.09552,-0.086841,-0.84523,0.076513,-0.101665,-0.642209,-0.204317,-0.00055,-0.412756,-0.128369,-0.17769,-0.381335,0.109211,-0.053564,0.009535,-0.097733,-0.128256,-0.104721,-0.228254,-0.022859,0.077552,-0.154364,0.129533,0.073982,-0.29963,0.041292,0.134499,-0.257434,-0.095494,0.151463,-0.235274,-0.123896,-0.089351,-0.582782,-0.042257
U,0.0,0.0,0.0,0.042741,0.129499,-0.201667,-0.363459,-0.094033,0.073626,-0.259861,-0.504482,-0.114649,-0.463266,-0.345699,0.160053,-0.768551,-0.364659,0.24207,-0.951888,-0.257816,-0.192564,-1.0,-0.233778,-0.208797,-0.826179,-0.297195,-0.189326,-0.880072,-0.291289,-0.176123,-0.817618,-0.330594,-0.285145,-0.841043,-0.091336,-0.038319,-0.522041,-0.128093,0.089578,-0.309863,-0.128725,0.18004,-0.010843,-0.011881,0.08014,0.174961,-0.21193,-0.078006,0.331501,-0.134209,0.051789,0.383137,-0.347628,-0.1086,0.312124,-0.393116,-0.072784,0.531465,-0.331928,0.047089,0.416462,-0.757864,0.002224
U,0.0,0.0,0.0,-0.184567,-0.096911,-0.003368,-0.478279,-0.303128,0.123948,-0.819918,-0.003669,0.029135,-0.897811,-0.186307,0.073292,-0.965688,-0.312491,0.058135,-0.872727,-0.517798,0.070599,-0.880056,-0.306575,0.083113,-0.988589,0.005722,0.004553,-0.93719,-0.034687,0.029598,-1.0,-0.17414,-0.005045,-0.675479,-0.025489,-0.122321,-0.614507,-0.173227,0.071278,-0.196684,0.036244,-0.157531,-0.20055,-0.025206,0.016677,-0.251343,-0.003,0.186025,0.003068,-0.19554,0.059767,0.361643,-0.208716,0.001637,0.177907,-0.218221,-0.151847,0.17357,-0.430186,0.013071,0.049359,-0.663068,0.089604
U,0.0,0.0,0.0,0.097949,-0.260267,0.116281,-0.10194,-0.21695,0.105372,-0.234239,-0.485789,-0.010805,-0.529733,-0.448956,0.081881,-0.764388,-0.463934,0.067221,-1.0,-0.347782,0.1837,-0.962243,-0.280348,-0.035027,-0.967967,-0.311053,0.115119,-0.869995,-0.462568,-0.328566,-0.742259,-0.291598,0.08922,-0.391016,-0.337026,0.001942,-0.525101,-0.232223,-0.067124,-0.305937,-0.238569,0.064797,0.085989,-0.247135,-0.002494,-0.045899,-0.232472,-0.002782,0.270226,-0.362437,-0.069795,0.279668,-0.458562,-0.120947,0.435318,-0.429551,-0.023456,0.401915,-0.628446,0.076916,0.31222,-0.709101,0.011913
U,0.0,0.0,0.0,0.018302,-0.262805,0.03129,-0.49295,-0.237942,0.082832,-0.508514,-0.358774,0.080353,-0.592877,-0.375501,0.038278,-0.98765,-0.356375,0.080074,-0.895506,-0.453249,0.096877,-0.948271,-0.555559,0.213984,-1.0,-0.574565,0.154579,-0.891296,-0.346118,0.145513,-0.955984,-0.296746,0.241919,-0.698158,-0.136224,0.104461,-0.718078,-0.18665,0.069991,-0.273661,-0.052785,0.209704,-0.255817,-0.353619,0.158115,-0.051189,-0.342674,0.055681,0.084655,-0.262156,0.072983,0.1768,-0.36958,0.144418,0.115359,-0.528236,0.22797,0.166245,-0.525077,-0.060267,0.236288,-0.58691,0.062598
U,0.0,0.0,0.0,-0.109078,-0.082295,-0.206371,-0.188776,-0.133205,-0.187706,-0.486341,0.035119,-0.139147,-0.629326,-0.181862,-0.1887,-0.632494,-0.193685,-0.181817,-0.775717,-0.230538,-0.248899,-0.837307,-0.19444,-0.315978,-0.830007,0.001184,-0.232366,-1.0,0.046685,-0.287186,-0.550231,0.065044,-0.255244,-0.568242,-0.060382,-0.165634,-0.28575,-0.004481,-0.244941,-0.108194,0.071348,-0.294056,-0.228644,0.196496,-0.111559,-0.070736,0.06461,-0.202268,-0.034328,-0.030951,-0.133605,0.064208,-0.163404,-0.222876,0.201508,-0.128863,-0.277661,0.154341,-0.26871,-0.325758,0.15898,-0.286651,-0.184787
U,0.0,0.0,0.0,0.06918,-0.107791,0.06697,-0.218447,-0.139982,-0.04849,-0.486059,-0.027975,-0.114386,-0.645506,-0.243864,-0.089934,-0.60672,-0.216884,0.171075,-0.775214,-0.436089,-0.06809,-0.722121,-0.479341,0.066251,-1.0,-0.279826,-0.093426,-0.846466,-0.105303,-0.0985,-0.61457,-0.258312,-0.02216,-0.592173,-0.283523,-0.158735,-0.444443,-0.165009,0.056658,-0.419757,-0.193508,0.062573,-0.096415,-0.257817,0.081898,0.162046,-0.240845,0.155381,0.150638,-0.228298,0.017554,0.384048,-0.279557,0.128996,0.27588,-0.320216,-0.068435,0.395797,-0.490124,0.122427,0.22649,-0.573594,0.192332
U,0.0,0.0,0.0,-0.254983,-0.036323,0.098591,-0.358832,-0.259716,0.178684,-0.488149,-0.159852,0.256006,-0.606628,-0.346502,0.022895,-0.709074,-0.250341,0.277939,-0.861159,-0.398399,0.003453,-0.978188,-0.090818,0.180233,-0.967498,-0.222248,-0.051215,-1.0,-0.078145,0.128737,-0.825149,0.017952,0.08761,-0.667555,-0.085152,-0.023562,-0.464716,-0.000644,0.106802,-0.481948,0.021697,-0.037121,-0.300692,-0.025469,0.101512,-0.181187,0.018373,0.244229,0.099677,-0.111261,0.1556,0.228179,-0.080992,0.135788,0.337982,-0.290046,0.154757,0.210772,-0.343767,0.07545,0.064687,-0.482374,-0.103993
U,0.0,0.0,0.0,-0.115634,-0.002317,0.180283,-0.380504,-0.084808,0.116457,-0.600795,-0.096006,0.170307,-0.532001,-0.373756,0.245285,-0.838789,-0.236897,0.17853,-0.976299,-0.22849,0.155185,-1.0,-0.230495,0.018915,-0.93224,-0.242803,0.121322,-0.743095,-0.104875,0.082521,-0.81655,-0.147618,0.073446,-0.700905,0.113989,0.081048,-0.470005,0.024241,0.039521,-0.518405,0.025137,0.173133,-0.270148,-0.059496,0.251247,-0.159974,-0.126804,0.141517,-0.004005,-0.134543,0.141995,-0.080029,-0.098967,0.050768,0.060596,-0.272981,0.237841,0.049468,-0.383851,0.270368,0.163653,-0.350949,0.116189
U,0.0,0.0,0.0,-0.132442,-0.195283,-0.052363,-0.397858,-0.155325,-0.163456,-0.218664,-0.370222,0.070303,-0.554226,-0.482594,-0.000678,-0.766944,-0.457841,0.103519,-0.987748,-0.371967,-0.19651,-0.907063,-0.351842,0.130928,-1.0,-0.350421,-0.106596,-0.726413,-0.348935,-0.074226,-0.824499,-0.264237,-0.094252,-0.547539,-0.067367,-0.216975,-0.409918,-0.059101,-0.019723,-0.186556,-0.293738,0.027472,0.00149,-0.238332,-0.122873,0.154521,-0.245154,-0.035291,-0.013507,-0.304365,-0.044008,0.080702,-0.38454,0.130512,0.327274,-0.583068,0.027974,0.344544,-0.523924,-0.044207,0.120133,-0.620536,-0.011837
U,0.0,0.0,0.0,-0.312622,-0.10902,-0.137329,-0.40121,-0.447859,0.062435,-0.56041,-0.510218,0.188104,-0.735857,-0.330182,-0.039212,-0.97986,-0.574324,0.108964,-0.810931,-0.488175,-0.200371,-1.0,-0.369037,-0.103943,-0.999446,-0.31948,-0.229816,-0.898241,-0.241172,-0.070797,-0.847441,-0.119182,-0.104286,-0.656576,-0.252742,-0.136423,-0.782863,-0.177427,-0.126517,-0.322214,-0.452677,0.048501,-0.267828,-0.075455,0.083497,-0.011207,-0.311942,0.060816,0.16369,-0.317966,-0.009441,0.259195,-0.225655,0.218957,0.308581,-0.515685,-0.051414,0.042079,-0.730701,0.006444,0.261166,-0.893167,-0.011684
U,0.0,0.0,0.0,0.003753,0.033321,0.104869,-0.175599,-0.025433,0.036523,-0.427587,-0.207876,0.082994,-0.582955,-0.027489,0.044205,-0.757204,-0.291263,0.113371,-0.958828,-0.194973,-0.032752,-0.805392,-0.086727,0.06592,-0.808109,-0.155491,-0.09661,-1.0,-0.04989,-0.101297,-0.722945,0.080277,0.051912,-0.627142,0.018294,-0.017485,-0.297299,-0.015274,0.014037,-0.337333,-0.021422,0.000714,-0.155578,-0.062318,0.205482,0.053425,0.115427,0.060272,0.078675,-0.045731,0.015584,0.299713,0.031719,0.115699,0.366015,0.035673,0.209496,0.154796,-0.493752,0.084343,0.16785,-0.383859,-0.0283
U,0.0,0.0,0.0,-0.09278,0.05237,-0.074262,-0.462256,0.055009,0.02077,-0.455781,-0.167224,-0.197219,-0.673116,-0.092153,0.004035,-0.791781,-0.025768,-0.002254,-0.823902,-0.035768,-0.145673,-1.0,-0.130189,-0.202388,-0.822455,0.009623,-0.316073,-0.866476,-0.164799,-0.252743,-0.738316,-0.126138,-0.273785,-0.77337,-0.085082,-0.265771,-0.563758,-0.070769,-0.153175,-0.413336,0.130388,-0.036673,-0.377985,-0.036782,-0.195885,-0.078708,0.072329,-0.101739,-0.130359,0.017645,0.035652,0.133637,-0.167787,0.002985,-0.057638,-0.15872,-0.14055,0.063193,-0.295262,-0.115613,-0.100999,-0.304395,-0.2498
U,0.0,0.0,0.0,-0.028407,-0.287627,0.063325,-0.331974,-0.110254,0.070515,-0.327541,-0.234125,0.184248,-0.563674,-0.358305,0.000446,-0.761054,-0.247115,0.133214,-0.754656,-0.193279,-0.035666,-0.786258,-0.221967,0.072165,-1.0,-0.160605,-0.072868,-0.940394,-0.106804,-0.069035,-0.697501,-0.211052,0.147067,-0.631141,-0.132919,0.069859,-0.478915,0.209509,0.108443,-0.35063,-0.049213,0.039415,-0.240951,0.051365,0.020212,-0.025756,-0.065872,-0.006924,0.130018,-0.173332,0.034264,0.173837,-0.258211,-0.07128,0.233618,-0.477592,-0.152594,0.203984,-0.393279,0.040431,0.192669,-0.663066,-0.061582
U,0.0,0.0,0.0,-0.141698,-0.12043,-0.018905,-0.355918,-0.195772,-0.171577,-0.421834,-0.124681,0.004485,-0.41751,-0.233355,0.167111,-0.714018,-0.250761,0.026857,-1.0,-0.478505,-0.035434,-0.969153,-0.327308,-0.159047,-0.818088,-0.337258,-0.166984,-0.873877,-0.10161,0.000848,-0.846457,-0.181862,0.075518,-0.552441,-0.044911,-0.026384,-0.487182,0.086517,0.067431,-0.312752,-0.020688,-0.031876,-0.302516,-0.188337,-0.025864,-0.048585,-0.186199,-0.029698,0.244575,0.004084,0.15819,0.004036,-0.134708,0.093598,0.23337,-0.369798,-0.025607,0.30931,-0.394,0.087748,0.223416,-0.415949,0.006106
U,0.0,0.0,0.0,0.016517,-0.00437,-0.009616,-0.260326,-0.071973,-0.150743,-0.393097,-0.131852,0.034524,-0.739368,-0.058245,-0.057546,-0.819733,-0.172526,-0.181488,-0.853552,-0.111487,-0.047081,-0.842123,-0.15597,-0.008337,-0.869224,0.012601,0.052409,-1.0,-0.062811,-0.19601,-0.546567,0.074217,-0.092986,-0.501316,0.054807,-0.060199,-0.495862,-0.051391,0.007452,-0.364707,0.166434,0.055512,-0.311139,0.18949,0.001858,-0.026943,-0.107545,-0.012675,0.178267,0.117974,0.003595,0.174937,-0.210488,-5.3e-05,0.314667,-0.024268,-0.085427,0.334511,-0.276218,-0.32949,0.290675,-0.429969,-0.031726
U,0.0,0.0,0.0,-0.159485,0.013062,0.08895,-0.316056,0.07995,0.138963,-0.397405,-0.056662,0.078838,-0.58089,-0.050922,0.07834,-0.688758,-0.293268,0.148577,-0.954463,-0.287519,-0.001503,-0.923327,-0.118709,0.112336,-1.0,0.031264,0.121526,-0.887019,-0.153642,0.185268,-0.663126,-0.02285,-0.161208,-0.635688,-0.058525,0.054773,-0.516881,-0.123789,-0.106463,-0.438987,0.180036,-0.030779,-0.409667,0.008564,0.029178,0.087983,0.138432,-0.049452,0.099445,0.027429,0.06056,0.158743,-0.010914,0.087131,0.23472,-0.069893,-0.001332,0.227117,-0.339975,0.108306,0.031699,-0.377146,-0.035511
U,0.0,0.0,0.0,-0.201653,-0.114901,-0.002779,-0.510882,-0.057247,0.145962,-0.658806,-0.252904,-0.005282,-0.809743,-0.142338,0.014073,-0.808947,-0.259527,0.028432,-0.839634,-0.290779,-0.017915,-0.954192,-0.193076,0.022563,-1.0,-0.269334,0.109963,-0.966315,0.052518,0.000427,-0.747139,0.039694,0.082872,-0.759097,0.144728,-0.058049,-0.549548,0.086126,0.299214,-0.313245,-0.028768,0.062248,-0.368389,0.148226,-0.222787,-0.11005,0.18929,0.148329,0.071362,-0.166586,0.203432,0.022996,-0.207999,0.192373,0.051749,-0.346181,-0.039185,0.136428,-0.362818,0.187037,0.053833,-0.548163,-0.176363
U,0.0,0.0,0.0,-0.224211,-0.090924,0.068301,-0.329952,-0.255275,0.049591,-0.50203,-0.137543,0.003139,-0.545355,-0.201006,0.097425,-0.65491,-0.351848,-0.163256,-0.822445,-0.199082,-0.096462,-0.831003,-0.196435,-0.069749,-0.92129,-0.279257,0.108255,-1.0,-0.263614,0.106964,-0.839623,-0.177777,-0.040864,-0.613272,-0.070083,0.034546,-0.59243,-0.068965,-0.064801,-0.442623,-0.064288,0.006692,-0.187004,0.00596,-0.018415,-0.182228,-0.205457,-0.037449,-0.106472,-0.19264,-0.090756,0.015324,-0.056705,-0.01802,0.214756,-0.236457,-0.075374,0.067178,-0.485176,-0.076398,-0.082809,-0.410968,-0.107131
U,0.0,0.0,0.0,-0.190946,-0.138821,-0.022709,-0.175133,-0.097463,0.160852,-0.519818,-0.371508,0.018819,-0.607516,-0.169566,0.046658,-0.863452,-0.248833,0.005471,-0.805237,-0.233177,-0.006378,-0.795659,-0.37881,0.040617,-1.0,-0.112837,-0.150889,-0.738691,-0.064336,-0.081564,-0.743112,-0.137587,-0.220555,-0.76053,-0.111304,-0.037875,-0.5753,0.076399,-0.186071,-0.336569,0.020872,0.02328,-0.19167,0.018347,-0.024398,-0.034686,-0.140897,0.011339,0.107258,-0.122167,-0.014652,0.232977,-0.308278,-0.083831,0.126824,-0.32369,-0.126751,0.291956,-0.315831,-0.181327,0.144641,-0.421868,-0.14159
U,0.0,0.0,0.0,0.181875,-0.163133,0.06177,-0.205535,-0.253045,0.093226,-0.374629,-0.11248,0.256171,-0.489023,-0.171531,0.143337,-0.662413,-0.044881,0.252115,-0.901569,-0.114363,0.218444,-1.0,-0.174485,0.189102,-0.77381,-0.180356,-0.033654,-0.791686,-0.100171,0.118815,-0.726672,-0.019114,0.056065,-0.518859,-0.079021,0.137948,-0.402298,0.012508,0.215628,-0.304499,0.269131,0.191416,0.041724,0.125618,0.334509,0.090985,0.121978,0.354861,0.239973,-0.106248,0.394554,0.29922,-0.102513,0.230375,0.254792,-0.170351,0.214375,0.309873,-0.321926,0.128803,0.200422,-0.370619,0.15027
U,0.0,0.0,0.0,-0.135966,-0.06339,-0.126412,-0.313138,-0.246415,-0.086019,-0.4981,-0.175119,-0.133275,-0.663494,-0.277406,-0.02527,-0.832388,-0.216123,-0.133296,-0.828919,-0.211192,-0.150365,-0.958138,-0.032427,-0.085623,-0.86415,-0.285599,-0.152104,-1.0,-0.157552,-0.21192,-0.723194,-0.016424,-0.209992,-0.752418,-0.013821,-0.057364,-0.480561,0.033109,0.043283,-0.37558,-0.047117,-0.152948,-0.347638,-0.116775,-0.003598,0.018146,-0.028956,0.108824,-0.002141,-0.02944,-0.176938,0.138232,-0.197178,0.017075,0.207497,-0.198299,-0.036963,0.091226,-0.266673,0.059071,0.01881,-0.416041,-0.274598
U,0.0,0.0,0.0,-0.112778,-0.138923,0.071822,-0.26372,-0.027164,0.006358,-0.33874,-0.101115,0.008269,-0.655845,-0.191097,0.12207,-0.633464,-0.320863,0.017814,-0.741175,-0.013538,0.117368,-0.811055,-0.125089,-0.103216,-1.0,-0.141838,0.054288,-0.75558,-0.136666,0.037237,-0.562027,-0.159624,-0.033861,-0.630456,-0.016574,-0.052147,-0.255133,-0.007717,0.024118,-0.312471,-0.08245,0.039958,-0.297784,0.141103,0.112735,-0.107682,-0.026424,0.135003,0.054374,-0.175015,0.073416,0.180211,-0.281,0.06226,0.0629,-0.083671,0.000184,0.068121,-0.201713,-0.055682,0.059949,-0.338755,-0.025069
U,0.0,0.0,0.0,-0.203989,-0.0067,0.015786,-0.140789,-0.030951,-0.044044,-0.420511,-0.236149,0.021521,-0.56257,-0.076649,0.009738,-0.59814,-0.170736,0.178719,-0.82163,-0.266008,0.034301,-1.0,-0.152233,0.045106,-0.752315,-0.095331,-0.045871,-0.628253,-0.094761,-0.145476,-0.722067,-0.180103,-0.160941,-0.562815,-0.141985,-0.087627,-0.534645,0.023323,-0.07145,-0.198491,0.065166,-0.098244,0.011879,0.000739,-0.064588,0.116429,0.157279,0.049201,0.050483,0.030064,0.21973,0.186865,-0.202248,0.062878,0.139051,-0.020538,0.031897,0.305929,-0.2916,-0.016508,0.182497,-0.536426,-0.131172
U,0.0,0.0,0.0,-0.188121,-0.213884,0.080459,-0.379914,-0.404775,-0.014343,-0.397883,-0.522213,0.005964,-0.709672,-0.46326,-0.055759,-0.837789,-0.503768,-0.038872,-0.838926,-0.493966,-0.188579,-0.849217,-0.287913,-0.317135,-1.0,-0.309328,-0.083106,-0.821777,-0.217308,-0.189624,-0.759424,-0.264246,-0.175365,-0.78277,-0.174804,-0.2527,-0.612433,-0.118973,-0.107269,-0.27352,-0.193066,-0.113959,-0.112922,-0.203237,-0.021453,-0.084278,-0.182945,-0.048635,0.112199,-0.229492,-0.055176,0.133052,-0.425245,0.046695,0.015636,-0.431144,-0.095166,0.144131,-0.336312,0.002854,-0.061233,-0.651936,-0.223551
U,0.0,0.0,0.0,-0.050214,-0.054162,-0.076416,-0.293942,-0.130026,-0.05253,-0.144158,-0.090763,0.093874,-0.555025,-0.164687,-0.04694,-0.880995,-0.470533,-0.201554,-0.694368,-0.261868,-0.043339,-0.750314,-0.326002,-0.005192,-1.0,-0.186091,-0.280005,-0.817153,-0.14051,-0.109914,-0.646392,0.072162,-0.113204,-0.526691,-0.088604,-0.188658,-0.40859,-0.1385,-0.035321,-0.270907,0.014754,-0.263474,-0.11374,0.074395,-0.046916,0.164764,-0.070016,-0.058156,0.202927,-0.021697,-0.042116,0.261197,-0.409408,-0.062617,0.168545,-0.185006,-0.021541,0.088683,-0.334933,-0.105819,0.275662,-0.61106,-0.11473
U,0.0,0.0,0.0,-0.059717,-0.120979,-0.101133,-0.249272,-0.128594,0.11381,-0.47436,-0.350887,-0.034224,-0.531473,-0.339217,0.133414,-0.535494,-0.170704,0.1964,-0.931905,-0.350893,-0.097235,-0.927337,-0.179695,-0.021732,-1.0,-0.035809,-0.254641,-0.840511,-0.230768,-0.203567,-0.663991,-0.256334,-0.019659,-0.546375,-0.39681,-0.226845,-0.344515,-0.098334,-0.15289,-0.312965,-0.132046,-0.217436,0.133919,-0.221016,0.000707,0.232425,-0.172376,0.044378,0.11043,-0.253951,-0.069283,0.401475,-0.334206,-0.063413,0.233754,-0.325357,0.037903,0.107809,-0.461716,-0.016775,0.356046,-0.703298,-0.177267
U,0.0,0.0,0.0,-0.099941,-0.062024,-0.103328,-0.375677,-0.163957,-0.071449,-0.401711,-0.398544,-0.105978,-0.671154,-0.301659,-0.09892,-0.866085,-0.141959,-0.128808,-0.992731,-0.183176,-0.164674,-1.0,-0.332458,-0.180765,-0.995672,-0.314837,-0.176081,-0.903846,-0.342369,-0.238339,-0.631059,-0.142177,-0.075716,-0.736881,-0.118772,-0.07996,-0.472296,-0.144016,-0.239157,-0.536357,-0.130873,-0.009747,-0.244417,0.049875,-0.180566,-0.188507,-0.117264,-0.044712,0.008748,-0.064718,-0.031216,0.144264,-0.132557,0.019542,-0.090275,-0.281626,-0.025121,0.340418,-0.392668,-0.326868,0.173739,-0.609938,-0.1135
U,0.0,0.0,0.0,-0.229257,-0.252937,0.268104,-0.444689,-0.38065,0.313067,-0.653605,-0.225985,0.1876,-0.6197,-0.195218,0.273014,-0.850956,-0.325494,0.120976,-1.0,-0.234014,0.387849,-0.951155,-0.190451,0.167767,-0.963241,-0.423489,0.087174,-0.903139,-0.117872,0.090943,-0.998695,-0.151347,0.102136,-0.659029,-0.043701,0.301042,-0.484618,-0.108231,0.2143,-0.226516,-0.107736,0.226871,-0.245289,-0.074459,0.155098,0.030223,-0.186837,0.425136,0.183801,-0.125526,0.256088,0.040702,-0.210863,0.344792,0.081629,-0.169839,0.317255,0.115821,-0.338383,0.109028,0.046542,-0.326328,0.277454
U,0.0,0.0,0.0,-0.17301,-0.154507,0.084737,-0.232862,-0.179205,0.088174,-0.533465,-0.212899,-0.012271,-0.638319,-0.22728,0.102994,-0.795293,-0.209033,-0.041965,-0.811352,-0.0603,-0.01726,-1.0,-0.149658,0.011647,-0.859039,-0.08947,-0.091642,-0.914361,-0.114732,0.041535,-0.757301,-0.129919,-0.016711,-0.599969,-0.211831,-0.112072,-0.526799,-0.011898,0.171065,-0.375589,-0.037771,-0.037694,-0.16025,-0.153556,0.039102,-0.156391,-0.260164,0.277047,0.097627,-0.060833,0.132276,0.22135,-0.175263,0.119058,0.091046,-0.281795,-0.099383,0.131725,-0.405762,-0.008744,0.121656,-0.443673,0.063124
U,0.0,0.0,0.0,-0.11788,-0.175493,-0.007632,-0.325913,-0.169013,0.025515,-0.542528,-0.161562,0.274111,-0.570562,-0.15092,0.263033,-0.819575,-0.136065,0.263094,-0.932885,-0.307028,0.006736,-1.0,-0.46788,-0.016996,-0.91778,-0.377533,-0.014999,-0.893808,-0.259316,0.120659,-0.72801,-0.248707,-0.040568,-0.701781,-0.214173,0.187345,-0.573878,-0.02415,-0.105561,-0.421036,-0.214806,-0.048082,-0.207012,-0.07225,0.264167,-0.005779,-0.129705,0.160023,0.075736,-0.192442,0.342075,0.279353,-0.05213,0.118871,0.211821,-0.256533,0.220953,0.203009,-0.442845,0.054086,0.036006,-0.747396,0.009633
U,0.0,0.0,0.0,-0.325808,-0.233487,0.021914,-0.457916,-0.400844,-0.084886,-0.758727,-0.410877,0.2296,-0.385818,-0.138506,0.14707,-0.886077,-0.358004,0.121395,-0.740257,-0.399958,0.085475,-0.96109,-0.303588,-0.11129,-1.0,-0.38085,0.23173,-0.888301,-0.135628,-0.049175,-0.891448,-0.020435,0.113778,-0.698063,-0.047035,0.206722,-0.460144,-0.04802,0.16014,-0.459439,-0.109299,0.146899,-0.248659,-0.088196,0.100602,-0.367008,-0.096914,0.13665,-0.012271,-0.010662,0.160466,-0.017119,-0.201739,0.127342,0.175385,-0.391775,0.03045,0.01707,-0.58484,0.036623,0.134201,-0.609334,-0.066231
U,0.0,0.0,0.0,-0.086661,-0.089258,0.093778,-0.262046,-0.027326,0.129699,-0.492055,-0.170797,0.117241,-0.573338,-0.179879,0.237787,-0.817364,-0.127706,0.094485,-0.8212,-0.367306,0.141548,-1.0,-0.20786,0.195017,-0.908532,-0.127554,0.031782,-0.962946,-0.17596,-0.004499,-0.670014,-0.180522,0.057804,-0.718683,-0.075081,0.029442,-0.482632,-0.085452,0.024981,-0.292424,-0.094094,-0.008315,-0.256715,-0.125962,0.075166,-0.261596,-0.104713,0.31653,0.187698,-0.167264,0.049161,0.052214,-0.138518,0.149568,0.124828,-0.217354,0.165029,0.156497,-0.432087,0.084959,0.199032,-0.61956,0.087113
U,0.0,0.0,0.0,-0.136076,-0.105985,-0.171076,-0.329472,-0.341041,-0.068704,-0.508203,-0.417651,0.070559,-0.547377,-0.392017,-0.217653,-0.787695,-0.355375,0.083982,-0.890294,-0.26059,-0.10228,-0.846971,-0.255237,-0.03499,-0.986722,-0.326153,-0.056243,-1.0,-0.189582,-0.224309,-0.894948,-0.266791,-0.177542,-0.639769,-0.164038,-0.098293,-0.592641,-0.057859,-0.075692,-0.265765,-0.350215,-0.008075,-0.236878,-0.090542,0.124382,-0.145054,-0.105909,-0.067238,-0.091263,-0.143988,0.145281,0.330015,-0.262412,-0.148135,0.159111,-0.3808,0.051271,0.156766,-0.650497,-0.015538,0.100152,-0.504046,-0.074091
U,0.0,0.0,0.0,-0.250481,-0.054264,-0.013327,-0.280933,-0.240049,0.129375,-0.447154,-0.131112,0.027158,-0.558701,-0.398972,0.013963,-0.788129,-0.261093,0.086785,-0.94032,-0.169228,0.020959,-0.763221,-0.372645,0.00683,-0.850962,-0.185537,0.054185,-1.0,-0.138265,0.010077,-0.884479,-0.067217,-0.043943,-0.813222,0.002712,-0.127396,-0.386311,-0.016224,-0.01249,-0.284674,0.019387,-0.166162,-0.354114,-0.067025,-0.074659,0.041425,-0.155586,0.031109,0.060884,0.075115,0.116968,0.031765,-0.134411,0.07202,0.160321,-0.328332,0.158086,-0.001727,-0.287536,-0.095588,0.066511,-0.458344,-0.151809
U,0.0,0.0,0.0,0.136979,-0.014846,0.194104,-0.495964,-0.518254,-0.098965,-0.470173,-0.471069,0.489284,-0.461008,-0.436103,0.20572,-0.728879,-0.729938,-0.062312,-0.878632,-0.491272,0.124334,-0.810971,-0.552078,-0.00386,-1.0,-0.638031,-0.181533,-0.792371,-0.398552,-0.07094,-0.810535,-0.522016,-0.045396,-0.732943,-0.204997,-0.26078,-0.538983,-0.276393,-0.013108,-0.053572,-0.301932,0.493449,0.14698,-0.270248,0.206109,0.360822,-0.283348,0.300742,0.311231,-0.232461,0.140434,0.591376,-0.376,0.140919,0.857776,-0.607576,0.00357,0.559962,-0.510028,0.072067,0.464122,-0.922383,-0.03497
U,0.0,0.0,0.0,-0.269062,-0.015231,0.102307,-0.43261,-0.216889,-0.046232,-0.424876,-0.26949,0.001997,-0.730647,-0.084553,-0.017583,-0.639257,-0.234129,-0.030175,-0.799676,-0.22984,0.100329,-0.932664,-0.244361,-0.074991,-0.821835,-0.159165,-0.118191,-1.0,-0.12836,-0.145509,-0.947516,-0.022714,-0.16831,-0.835417,-0.090587,-0.080294,-0.623903,-0.039038,-0.058557,-0.226372,-0.061645,-0.112351,-0.231401,-0.019916,-0.01444,-0.256383,0.051659,-0.07509,0.055853,-0.014625,0.004338,0.126095,-0.095676,-0.066774,0.201884,-0.224182,-0.174378,0.082262,-0.388056,0.011643,-0.045792,-0.498252,-0.131524
U,0.0,0.0,0.0,-0.180671,-0.12569,0.117708,-0.40094,-0.320845,-0.05819,-0.614511,-0.344278,0.153042,-0.773023,-0.309438,0.107169,-0.756012,-0.223901,-0.017606,-0.89705,-0.327495,0.05579,-0.672788,-0.274267,-0.039221,-1.0,-0.092315,-0.07421,-0.929428,-0.22469,0.105155,-0.839399,-0.171271,-0.269528,-0.583946,-0.160558,0.041033,-0.466024,-0.097548,-0.053836,-0.354775,-0.215986,0.031347,-0.153321,-0.09789,0.038922,-0.110493,-0.142813,-0.043977,0.009349,0.005904,0.061468,0.174369,-0.239151,0.049136,0.174106,-0.340453,0.073919,0.082309,-0.547004,0.013209,0.176258,-0.586582,0.038717
U,0.0,0.0,0.0,-0.135958,-0.221803,-0.260498,-0.250744,-0.186536,-0.130661,-0.454846,-0.411889,-0.150586,-0.736925,-0.335274,-0.138832,-0.650387,-0.349208,-0.093091,-0.843887,-0.233644,-0.02647,-0.910736,-0.319553,-0.054725,-1.0,-0.29031,-0.220062,-0.744589,-0.237062,-0.345025,-0.818732,-0.130157,-0.128676,-0.754697,-0.293774,-0.182368,-0.53385,-0.211493,-0.199982,-0.425584,0.005051,-0.171595,-0.280987,-0.14305,-0.127316,-0.167015,-0.227604,-0.109554,0.05211,-0.22308,-0.185176,0.138373,-0.236176,-0.199892,0.0534,-0.401861,-0.113568,0.120921,-0.48461,-0.273745,0.12136,-0.668079,-0.069876
V,0.0,0.0,0.0,-0.123606,0.064195,-0.145702,-0.393641,0.025285,0.154345,-0.555631,-0.222789,0.204675,-0.694816,0.01533,-0.003518,-0.753063,-0.16484,-0.053643,-0.726124,-0.016961,-0.024321,-0.83364,-0.126862,-0.047455,-0.891254,-0.100832,-0.142736,-1.0,-0.082121,0.071951,-0.893552,0.030188,-0.066519,-0.637744,0.134304,-0.088932,-0.38887,0.125141,-0.156509,-0.216078,0.056971,-0.167225,-0.125195,0.045778,0.140397,0.054712,-0.03767,0.098444,0.001717,-0.152141,-0.029023,0.004745,-0.085786,0.172883,0.132259,-0.133667,-0.091393,0.044765,-0.228251,-0.038955,-0.049311,-0.302147,-0.045945
V,0.0,0.0,0.0,-0.263577,-0.203572,0.250554,-0.478515,-0.086594,0.190495,-0.590834,-0.178842,0.146715,-0.603229,-0.208074,0.075392,-0.722996,-0.182394,0.042078,-1.0,-0.169363,0.116284,-0.830947,-0.094716,0.130513,-0.757978,-0.105109,0.058689,-0.891928,-0.018267,0.022884,-0.761446,-0.053798,-0.094731,-0.658504,-0.121138,0.002614,-0.333508,-0.065622,0.023395,-0.341927,0.005765,-0.046416,-0.200238,-0.101171,0.132212,-0.180062,-0.109492,0.115418,-0.105012,-0.00578,0.157933,0.103437,-0.229033,0.13466,-0.042182,-0.326395,0.035942,0.03549,-0.244303,0.145056,0.076675,-0.408842,0.088503
V,0.0,0.0,0.0,0.008189,-0.282092,0.071849,-0.27896,-0.019458,-0.002488,-0.354237,-0.175273,0.090859,-0.618011,-0.318072,0.114093,-0.729044,-0.020205,0.195615,-0.884646,-0.12484,-0.092623,-1.0,-0.239175,-0.084581,-0.999612,-0.38271,-0.137895,-0.893805,-0.258668,0.030652,-0.712463,-0.07366,-0.067955,-0.457655,-0.021243,0.027816,-0.356486,-0.074471,0.174643,-0.056775,-0.086767,0.08349,-0.030445,0.201378,0.067949,0.307285,0.182635,0.148662,0.114918,-0.010519,0.062683,0.301033,-0.072811,-0.035444,0.543437,-0.402375,-0.121021,0.437365,-0.752953,0.041158,0.06301,-0.690545,0.089708
V,0.0,0.0,0.0,-0.209988,-0.135453,-0.042401,-0.460559,-0.098801,-0.041241,-0.507606,-0.250764,0.011309,-0.681101,-0.459818,-0.190079,-0.940469,-0.274587,0.063972,-0.932868,-0.194043,0.062026,-0.882355,-0.317423,0.00045,-0.995397,-0.228826,-0.177454,-1.0,-0.119866,-0.170204,-0.697315,0.100813,-0.201242,-0.795806,0.008552,-0.050809,-0.449724,-0.190457,-0.197484,-0.286363,-0.093866,-0.187128,0.091326,-0.148321,0.060751,0.071886,-0.026337,0.071441,0.077216,-0.179096,0.008165,0.028159,-0.068846,-0.039396,0.131242,-0.229354,-0.065962,0.110088,-0.366086,-0.337948,0.12919,-0.464115,-0.218078
V,0.0,0.0,0.0,0.193511,-0.196972,0.081743,-0.179918,-0.406096,0.131955,-0.310593,-0.274735,0.015917,-0.649164,-0.492525,0.099739,-0.63116,-0.361259,0.182925,-1.0,-0.083709,0.198217,-0.940056,-0.387394,-0.005291,-0.844494,-0.094464,-0.199284,-0.676433,-0.135779,-0.114733,-0.946872,-0.104731,0.031079,-0.583219,0.011982,0.237252,-0.373772,-0.138916,0.231944,-0.159827,0.012634,0.02132,0.168727,-0.203221,0.128828,0.24115,-0.132709,0.065505,0.518353,-0.09394,0.044944,0.203998,-0.112393,0.026103,0.420359,-0.367128,0.127551,0.192242,-0.540773,0.064184,0.263634,-0.570194,0.052444
V,0.0,0.0,0.0,-0.215267,-0.000278,-0.115358,-0.31388,0.013888,-0.180374,-0.445322,-0.0703,-0.081202,-0.649087,-0.261433,-0.131882,-0.961842,-0.188753,-0.124556,-1.0,-0.121248,-0.036727,-0.893168,-0.121908,-0.218705,-0.866746,-0.176988,-0.409612,-0.697947,0.038071,-0.304834,-0.863716,-0.000994,-0.199995,-0.523985,-0.009863,-0.088588,-0.456722,0.147416,-0.184042,-0.347859,0.009723,-0.081925,-0.080226,0.033429,-0.208761,0.019983,-0.064051,-0.160535,0.217144,-0.129527,-0.170548,0.216094,-0.218377,-0.157199,0.370923,-0.245265,-0.069014,0.384978,-0.321396,-0.10966,0.103757,-0.488224,-0.171379
V,0.0,0.0,0.0,-0.31532,-0.001194,-0.077438,-0.417516,-0.010457,-0.126621,-0.53374,-0.046243,-0.20342,-0.5528,-0.142858,-0.05468,-0.917624,-0.134079,-0.041373,-0.823322,-0.173,-0.163907,-0.885204,-0.154977,-0.0522,-1.0,0.013188,0.017525,-0.852421,0.107388,-0.065798,-0.69326,0.017268,-0.188341,-0.463878,0.146022,-0.220995,-0.396784,-0.00592,-0.050752,-0.158391,-0.073159,-0.074524,-0.019515,0.069154,0.129689,-0.063363,0.152665,-0.107702,-0.007658,-0.005072,-0.032422,0.26912,-0.066523,0.020542,0.221598,-0.138938,-0.246987,0.22199,-0.224947,-0.056632,0.145254,-0.493514,-0.078689
V,0.0,0.0,0.0,0.012788,-0.10138,0.263883,-0.364144,-0.104883,-0.022064,-0.438165,-0.28743,0.126524,-0.606417,-0.226345,0.193129,-0.781834,-0.250026,0.067335,-0.975569,-0.272451,-0.154185,-0.910741,-0.172154,0.09225,-1.0,-0.424949,0.070439,-0.949177,-0.305507,0.085901,-0.888953,-0.151875,0.170189,-0.664934,-0.207239,0.05872,-0.386076,-0.244994,0.039836,-0.113446,0.065945,0.039436,-0.003172,-0.036232,0.194327,0.092141,0.000452,0.037688,0.295275,-0.292114,-0.065426,0.345557,0.019834,0.134238,0.275652,-0.257257,0.033314,0.07634,-0.409626,0.203244,0.170975,-0.607698,-0.043065
V,0.0,0.0,0.0,-0.132852,-0.385398,0.037657,-0.420872,-0.124765,0.138073,-0.417312,-0.313612,-0.022948,-0.624841,-0.15641,0.136226,-0.709624,-0.322655,0.134892,-0.828324,-0.258207,-0.039805,-1.0,-0.097145,-0.034942,-0.912955,-0.106046,0.024175,-0.94492,0.017561,0.140492,-0.675499,-0.062752,0.156989,-0.643961,-0.100362,0.008559,-0.282515,-0.03082,-0.092726,-0.102264,-0.030991,0.008157,0.025525,0.090364,0.05433,0.122963,0.014374,0.02826,0.134467,-0.168231,-0.031141,0.146146,-0.011834,-0.03954,0.279286,-0.313125,0.113198,0.226562,-0.290465,-0.019861,0.152902,-0.468304,-0.016675
V,0.0,0.0,0.0,-0.118794,-0.003068,0.130653,-0.351161,-0.134786,0.320527,-0.510173,-0.147279,0.153625,-0.57644,-0.32448,0.311658,-0.708619,-0.245098,0.126717,-0.793209,-0.044381,0.251486,-0.872713,-0.177318,0.110448,-1.0,-0.171647,0.094935,-0.857419,0.025637,-0.026659,-0.769977,-0.025433,0.090177,-0.595984,0.028814,0.100354,-0.2587,-0.183249,0.059173,-0.120671,0.006724,0.119031,-0.143409,-0.017352,0.056052,-0.101643,-0.031699,0.23555,0.189591,-0.164779,0.128946,0.166925,-0.28113,0.212571,0.153019,-0.291312,0.123402,0.184205,-0.362881,0.270014,0.031742,-0.349571,-0.060894
V,0.0,0.0,0.0,-0.314115,-0.039775,0.071508,-0.181252,-0.093545,-0.006395,-0.536559,-0.029595,0.386157,-0.758429,-0.307401,0.116417,-0.936191,-0.20547,0.083489,-1.0,-0.073186,-0.026821,-0.965793,0.126104,0.108464,-0.902119,0.020029,-0.049532,-0.917229,-0.004956,-0.069615,-0.835435,0.168886,0.008393,-0.479201,0.21611,0.003506,-0.552292,0.356934,0.051271,-0.2714,0.189115,-0.056525,-0.300675,0.21643,0.038694,0.025147,-0.058798,0.128101,0.160754,-0.175797,0.169541,0.217221,-0.101295,0.042228,0.181076,-0.196941,0.320468,0.163448,-0.327812,0.085363,0.122931,-0.37721,0.11331
V,0.0,0.0,0.0,-0.187682,-0.008403,-0.009879,-0.379155,-0.018257,0.016444,-0.684854,-0.035848,0.067767,-0.663676,-0.146622,-0.072598,-0.791954,-0.012991,0.104349,-0.82359,-0.025507,-0.265826,-0.984212,-0.016703,-0.126677,-1.0,-0.104568,0.069376,-0.971864,0.01032,-0.166012,-0.828383,0.103389,-0.026202,-0.71805,0.101871,-0.095834,-0.493318,0.032877,0.037354,-0.378238,0.003772,0.064131,-0.108362,0.000243,-0.016373,-0.044547,0.204478,-0.01537,0.162199,0.013676,0.137691,0.192733,0.043599,0.046885,0.136157,-0.15379,-0.042209,0.095668,-0.359506,0.071234,-0.122442,-0.264383,-0.196326
V,0.0,0.0,0.0,-0.096417,-0.245854,0.247443,-0.352697,-0.000626,0.252501,-0.474973,-0.057372,0.280155,-0.640464,-0.190144,0.17967,-0.794162,-0.187128,0.378599,-0.895328,-0.252699,0.146393,-1.0,0.052271,0.138414,-0.855494,-0.041719,0.191632,-0.829705,-0.084718,0.098802,-0.856365,-0.025117,0.256292,-0.542158,0.009406,0.289984,-0.502547,0.068896,0.106515,-0.298976,0.077412,0.21293,-0.139177,-0.047203,0.350185,0.025756,-0.099898,0.110239,0.298449,0.1581,0.234831,0.125092,-0.108595,0.166618,0.242581,-0.201104,0.169458,0.144938,-0.361473,0.230047,0.050147,-0.278147,0.311304
V,0.0,0.0,0.0,-0.189437,0.027396,0.149552,-0.181686,-0.145423,0.03458,-0.68138,-0.236072,-0.025304,-0.75956,-0.243864,0.030259,-0.787803,-0.067133,0.15496,-0.98643,-0.143219,-0.06462,-0.902924,-0.028109,-0.064035,-1.0,-0.112599,0.087429,-0.64135,-0.135391,-0.041972,-0.696211,-0.173325,-0.197656,-0.540603,-0.037971,-0.174918,-0.330948,0.025619,-0.011123,-0.322589,-0.142505,-0.040428,-0.037161,-0.060919,-0.062177,0.071741,-0.02615,0.199967,0.235338,-0.233202,-0.132148,0.04666,-0.139492,-0.049181,0.346665,-0.159987,0.0875,0.233798,-0.213817,-0.044754,0.075198,-0.492802,0.047065
V,0.0,0.0,0.0,-0.145951,-0.304008,0.109818,-0.066691,-0.305529,0.313372,-0.199154,-0.45236,0.333297,-0.782629,-0.321602,0.215597,-0.780943,-0.49205,0.242025,-0.911089,-0.704942,0.376316,-1.0,-0.43893,0.154517,-0.832456,-0.403938,0.282596,-0.573232,-0.077375,0.161456,-0.736805,-0.309641,0.083567,-0.574749,-0.136219,0.122004,-0.240713,-0.201024,0.242286,0.032,-0.201231,0.205281,0.207442,-0.091273,0.160223,0.363053,-0.468201,0.144768,0.539416,-0.360852,0.03578,0.721726,-0.5252,0.064191,0.717075,-0.440556,-0.070696,0.702539,-0.729804,0.168482,0.351848,-0.893521,0.152101
V,0.0,0.0,0.0,-0.212156,-0.043824,-0.088866,-0.394709,-0.159528,-0.013272,-0.6681,-0.215454,0.047489,-0.629738,-0.397154,-0.053085,-0.80909,-0.236774,0.037564,-0.931781,-0.195206,-0.115615,-0.766734,-0.159249,0.018554,-1.0,-0.206538,0.00314,-0.891991,-0.106974,-0.107078,-0.87814,-0.00983,-0.115203,-0.585431,-0.133842,-0.04606,-0.547629,-0.068766,0.045195,-0.247768,-0.063958,0.019907,-0.256959,-0.05492,-0.023513,-0.197477,-0.066418,0.062632,0.059156,-0.135552,0.044251,0.063099,-0.128662,0.026469,-0.165908,-0.366688,0.102623,0.130983,-0.276935,-0.037287,-0.099208,-0.426535,0.020264
V,0.0,0.0,0.0,-0.045508,-0.207226,0.081426,-0.165677,-0.099515,0.308597,-0.256031,-0.226826,0.069706,-0.497906,-0.400815,0.009919,-0.946215,-0.527717,0.225297,-0.871679,-0.233254,0.002064,-0.713024,-0.03223,-0.024004,-0.947459,-0.241281,-0.202257,-0.907503,-0.196607,-0.365793,-1.0,-0.108611,0.037841,-0.597275,0.175665,-0.088122,-0.371786,-0.214432,-0.00306,-0.278852,-0.119762,0.03072,0.036957,-0.111074,0.064514,0.263378,-0.007412,0.208588,0.442939,-0.201476,0.072223,0.710221,-0.325881,-0.022337,0.54152,-0.314832,-0.035266,0.52149,-0.447958,0.019981,0.363819,-0.789173,-0.165602
V,0.0,0.0,0.0,-0.127837,0.017873,0.132478,-0.349804,-0.146013,0.029789,-0.593915,-0.162931,-0.120567,-0.783636,-0.342938,-0.014943,-0.95542,-0.398827,0.032918,-0.98081,-0.197379,0.060607,-0.939524,-0.254363,0.005419,-1.0,-0.129404,-0.083169,-0.983496,-0.095433,-0.101131,-0.723414,0.088741,-0.153026,-0.64208,0.285383,-0.235768,-0.560255,0.164983,0.222768,0.00495,0.085292,-0.01052,0.011271,0.076779,0.177742,0.280436,-0.24454,-0.044181,0.383156,-0.243365,-0.123929,0.528253,-0.152164,0.258192,0.553639,-0.37348,0.081279,0.302018,-0.626894,0.15513,0.261593,-0.441694,-0.003049
V,0.0,0.0,0.0,-0.206498,-0.11911,0.16275,-0.310349,-0.207345,0.028126,-0.54292,-0.335456,-0.016487,-0.712782,-0.277126,0.139208,-0.925811,-0.279959,0.092664,-1.0,-0.309989,0.097055,-0.952421,-0.428549,0.069512,-0.925305,-0.352854,-0.109852,-0.881164,-0.13148,0.056588,-0.844244,-0.164166,0.044044,-0.515557,-0.119936,-0.074355,-0.398684,-0.264189,-0.000422,-0.272464,-0.109163,0.074323,0.000554,-0.172152,-0.012584,0.105155,-0.253439,0.02235,0.35522,-0.157358,0.048763,0.05188,-0.481298,0.164316,0.116359,-0.349363,0.161462,0.13831,-0.511744,0.078376,0.223294,-0.515397,0.123662
V,0.0,0.0,0.0,0.143662,-0.199194,-0.294126,-0.259645,-0.075246,-0.105751,-0.49191,-0.545304,-0.025932,-0.739604,-0.376358,0.134416,-0.708952,-0.20237,-0.102017,-0.84473,-0.179505,-0.269544,-1.0,-0.408719,-0.281156,-0.996157,-0.391576,-0.283199,-0.794048,-0.219708,-0.355538,-0.625296,-0.273414,-0.397749,-0.364275,0.00662,-0.27492,-0.033946,-0.152548,-0.103393,-0.248004,-0.206562,-0.016064,0.388738,-0.112879,0.187182,0.578506,-0.237153,-0.143246,0.373464,-0.285996,-0.056784,0.652475,-0.335604,0.028255,0.685826,-0.388335,-0.077193,0.644307,-0.519273,-0.070426,0.329734,-0.578924,-0.200168
V,0.0,0.0,0.0,-0.014106,0.009512,0.081208,-0.07403,-0.148248,0.010684,-0.592822,-0.10962,0.097856,-0.671697,-0.20796,0.029924,-0.735241,-0.263505,0.022777,-1.0,-0.261493,0.013624,-0.960026,-0.151575,0.15956,-0.991173,-0.335627,0.047519,-0.595381,-0.070099,-0.087123,-0.75353,-0.011273,-0.088138,-0.447423,-0.203544,-0.037723,-0.437022,0.085883,-0.159092,-0.101652,-0.063655,-0.056489,0.099897,-0.101449,-0.136008,0.17642,-0.126826,-0.1052,0.320599,-0.093554,0.047749,0.403852,-0.408738,-0.052833,0.393189,-0.209356,0.02382,0.439352,-0.504648,-0.092844,0.188719,-0.580225,-0.239162
V,0.0,0.0,0.0,-0.222529,-0.057347,0.137732,-0.308061,-0.134501,0.101095,-0.489401,-0.129225,0.262084,-0.508467,-0.313952,-0.085272,-0.722561,-0.215788,0.085002,-0.82213,-0.226266,-0.084231,-1.0,-0.275709,0.09725,-0.709487,-0.183613,0.251402,-0.9936,-0.147296,0.016993,-0.946663,0.077055,-0.062211,-0.567722,0.009925,-0.130145,-0.183856,0.000812,0.008963,-0.33751,0.011351,-0.075987,-0.059402,0.105881,0.200739,0.017861,-0.083265,0.159634,0.283137,0.025947,0.262372,0.150565,-0.123181,-0.024893,0.205036,-0.396276,-0.02593,0.230079,-0.463946,0.078193,0.009915,-0.479487,-0.014421
V,0.0,0.0,0.0,-0.12589,0.091823,-0.20159,-0.258262,-0.030493,-0.099897,-0.374106,-0.041888,0.005759,-0.881848,0.000792,-0.000312,-0.696966,-0.17178,-0.13719,-0.753422,0.000182,-0.238298,-0.956975,0.036686,-0.107093,-1.0,-0.094422,-0.144189,-0.772207,-0.083582,-0.380188,-0.798412,0.10447,-0.095592,-0.703676,0.120784,-0.211955,-0.346518,0.101952,-0.035879,-0.225345,0.170208,-0.134053,-0.123854,0.074693,0.000834,0.358054,0.191571,0.109813,0.209197,-0.052593,-0.263039,0.226974,-0.223172,0.025119,0.280056,-0.32323,-0.021691,0.288289,-0.427675,0.04518,0.084324,-0.388803,-0.149872
V,0.0,0.0,0.0,-0.114421,-0.236935,0.025715,-0.26954,-0.196917,0.147082,-0.501116,-0.313112,0.273631,-0.494578,-0.392228,0.092417,-0.713858,-0.261429,0.070562,-0.793935,-0.191313,0.21865,-1.0,-0.295459,0.009491,-0.675562,-0.074274,0.068385,-0.81204,-0.122527,0.126238,-0.736217,-0.103588,0.012306,-0.705515,-0.234346,-0.002565,-0.49208,-0.048895,0.090554,-0.427556,-0.078016,0.052159,-0.205456,-0.084881,0.211922,-0.104686,0.00708,0.029197,-0.048665,-0.174852,0.041582,-0.031395,-0.226234,0.020711,0.005387,-0.317867,0.232343,0.030873,-0.394388,-0.007482,-0.106339,-0.680616,-0.017129
V,0.0,0.0,0.0,-0.191057,0.032693,0.155592,-0.316854,-0.112448,0.100827,-0.501954,-0.325889,-0.06255,-0.692497,-0.205137,0.025329,-1.0,-0.085384,0.014888,-0.767102,-0.142519,0.011902,-0.996741,-0.222863,-0.020435,-0.895369,-0.226585,0.027202,-0.832381,-0.091534,-0.140389,-0.671139,-0.072021,-0.044236,-0.617665,-0.028361,-0.162626,-0.33746,-0.050705,-0.102156,-0.173499,0.03079,0.026108,-0.005059,0.153873,-0.024889,0.096053,-0.145617,-0.113837,0.100136,-0.068303,0.095937,0.2006,-0.074341,0.167828,0.3335,-0.148716,0.007301,0.10973,-0.330477,-0.066428,0.125157,-0.355445,-0.096836
V,0.0,0.0,0.0,-0.145532,-0.026595,-0.013582,-0.445291,-0.143002,0.207076,-0.669008,-0.023787,0.166781,-0.539896,-0.164431,0.191147,-0.799679,-0.006578,0.219501,-0.847691,-0.139803,-0.185175,-0.885966,0.021333,-0.091112,-0.91718,-0.113795,-0.002239,-1.0,0.182164,0.155972,-0.724033,0.142134,0.007792,-0.572641,0.029419,0.104868,-0.379201,0.214121,0.091257,-0.144048,0.285012,0.067057,-0.148207,0.188415,0.046981,0.001956,0.252301,0.051984,0.2248,-0.024056,0.064603,0.360172,0.166216,-0.085905,0.282783,-0.448278,-0.007993,0.249515,-0.243672,0.165947,0.121774,-0.238404,-0.00024
V,0.0,0.0,0.0,-0.106614,-0.200061,-0.059272,-0.206578,-0.085694,-0.047482,-0.549507,-0.212394,0.14396,-0.699333,-0.155108,0.039742,-0.700819,-0.005202,0.034934,-0.932592,-0.372577,-0.023328,-1.0,-0.159675,-0.060802,-0.922192,-0.2345,0.044748,-0.883411,-0.104856,-0.131986,-0.809875,-0.14085,0.015455,-0.779673,-0.13981,0.07004,-0.413494,0.096009,0.057883,-0.126146,0.012648,-0.071712,-0.024421,-0.188625,0.012776,0.076383,-0.298638,0.097172,0.299393,-0.023408,-0.08074,0.455823,-0.510315,0.024504,0.567944,-0.373922,-0.066666,0.293921,-0.411646,-0.050364,0.241771,-0.611024,0.008797
V,0.0,0.0,0.0,-0.189511,-0.324629,0.091659,-0.253507,-0.232492,-0.075078,-0.539763,-0.321034,-0.025413,-0.471315,-0.312435,0.111894,-0.674876,-0.338761,-0.072422,-0.761605,-0.176287,-0.029901,-0.901987,-0.24564,0.048897,-0.755311,-0.29212,-0.055778,-1.0,-0.242573,-0.100007,-0.874133,-0.063531,-0.035271,-0.718105,-0.156638,0.105538,-0.339918,-0.092854,-0.118349,-0.330409,-0.23476,0.005155,-0.08468,-0.14408,-0.046298,-0.038906,-0.126754,0.07997,0.098818,-0.328118,0.054738,0.030292,-0.391027,-0.084568,0.26697,-0.268688,-0.06607,0.034354,-0.530649,0.08588,0.068698,-0.50263,0.099788
V,0.0,0.0,0.0,-0.09923,-0.01419,-0.053866,-0.272131,-0.205681,-0.128753,-0.568341,-0.013792,-0.163494,-0.605389,-0.063456,-0.036378,-0.846925,-0.197326,-0.135889,-0.987069,-0.110951,0.000742,-0.97106,-0.251923,-0.125216,-0.937763,-0.246118,-0.308136,-1.0,-0.241432,-0.276394,-0.739642,-0.166805,-0.251256,-0.732277,-0.175012,-0.281181,-0.460661,0.053636,-0.003151,-0.27714,0.05943,-0.184416,-0.066345,-0.132686,-0.047386,-0.052668,-0.156075,-0.076023,0.277,-0.06686,-0.135165,0.093185,-0.297822,-0.020099,0.221318,-0.25935,-0.148446,0.192434,-0.406282,-0.01317,0.219441,-0.471638,-0.040189
V,0.0,0.0,0.0,-0.163111,-0.039291,0.029132,-0.334713,-0.127705,0.03877,-0.414466,-0.20854,0.182072,-0.542391,-0.144619,-0.162453,-0.964242,-0.145509,0.09863,-0.689746,-0.178782,-0.036019,-1.0,-0.060272,-0.016547,-0.919814,-0.076871,-0.048883,-0.725925,-0.078339,-0.053141,-0.630385,-0.02563,-0.119314,-0.683597,-0.065211,-0.095964,-0.316669,-0.017941,-0.032697,-0.327796,0.058063,0.041154,-0.039451,0.19844,0.038902,0.094909,-0.048159,0.254013,0.250565,0.027225,0.158288,0.302557,-0.026812,0.031165,0.451985,-0.366798,0.001216,0.364006,-0.352687,0.058859,0.076856,-0.419032,-0.060979
V,0.0,0.0,0.0,-0.295263,-0.177189,0.278749,-0.478686,-0.177642,0.353896,-0.426989,-0.263705,0.120127,-0.74266,-0.198278,0.147015,-0.755663,-0.192782,0.175123,-0.837839,-0.19856,0.086015,-1.0,-0.177156,0.06043,-0.793327,-0.25065,0.074225,-0.804368,-0.013122,0.060208,-0.707855,-0.03146,0.15436,-0.5684,0.09222,0.073564,-0.314245,0.019344,0.146855,-0.277095,0.042878,0.094005,-0.14768,-0.065305,0.303541,-0.087899,0.084157,0.152342,-0.054283,-0.197267,0.122486,0.245441,-0.303754,0.207477,0.240114,-0.056517,0.153049,0.095912,-0.472513,0.106659,0.186553,-0.416674,0.211725
V,0.0,0.0,0.0,-0.253137,-0.114741,-0.211947,-0.564626,-0.222535,-0.11718,-0.554392,-0.348475,-0.107157,-0.662338,-0.13462,-0.075951,-0.772232,-0.384344,-0.229128,-1.0,-0.329366,-0.162815,-0.929071,-0.349792,-0.400108,-0.974117,-0.154376,-0.253572,-0.880462,-0.345145,-0.220573,-0.7303,-0.21413,-0.143113,-0.517874,0.061248,-0.300721,-0.43835,-0.219639,-0.137226,-0.25046,-0.282921,-0.139335,-0.150519,-0.230079,-0.165533,0.194937,-0.105376,-0.198217,0.082314,-0.389991,-0.218337,0.326513,-0.207537,-0.089902,0.220105,-0.257598,-0.123755,0.119561,-0.505764,-0.204394,0.033932,-0.465505,-0.303365
V,0.0,0.0,0.0,-0.075377,0.23874,-0.122532,-0.345936,-0.0892,-0.002661,-0.473248,8.7e-05,-0.073612,-0.463842,0.064942,-0.032338,-0.623267,-0.064946,-0.061918,-1.0,0.006784,-0.081618,-0.761667,0.052536,-0.179488,-0.846226,-0.019929,-0.039839,-0.624024,0.135208,0.032987,-0.613334,0.01216,-0.27191,-0.604049,0.090432,-0.193129,-0.353613,0.134696,-0.100759,0.032334,0.234508,-0.05505,0.068838,0.067258,-0.131501,0.195059,0.105264,-0.027391,0.113047,0.006042,-0.07275,0.233799,0.166822,0.145938,0.391934,-0.114238,-0.121594,0.155654,-0.202685,0.01958,0.23391,-0.346454,-0.061949
V,0.0,0.0,0.0,-0.175044,-0.030788,0.078904,-0.409114,-0.110108,0.162215,-0.503633,-0.16442,-0.078642,-0.554193,-0.159098,0.263783,-0.758963,-0.122939,0.225835,-0.820434,-0.143888,0.109523,-1.0,-0.113978,-0.012933,-0.922488,-0.067283,0.16138,-0.718016,-0.024011,0.065149,-0.607541,0.109625,-0.014303,-0.595797,0.055845,-0.09965,-0.399376,0.033412,0.026078,-0.395035,0.136219,0.04827,-0.118284,0.117007,-0.134568,0.198841,0.161931,0.062524,0.124423,-0.045625,0.165681,0.313059,-0.11925,0.206207,0.539954,-0.395789,0.230015,0.329484,-0.45951,0.014779,0.159887,-0.59127,0.005214
V,0.0,0.0,0.0,-0.249935,-0.106772,0.089635,-0.346853,-0.075065,0.130819,-0.487136,-0.159337,-0.002643,-0.614593,0.027304,0.150445,-0.913092,-0.336492,-0.011979,-1.0,-0.256501,-0.18485,-0.878511,-0.218479,-0.104084,-0.946415,-0.136897,-0.04557,-0.951144,0.048105,-0.009366,-0.683546,-0.042403,0.063065,-0.538073,0.044856,0.070435,-0.571478,0.064488,-0.055322,-0.319108,0.122736,0.155608,0.020215,0.037153,0.028219,0.15534,-0.086339,0.225339,0.112983,-0.058366,0.028066,0.210841,-0.211585,0.031784,0.232641,-0.233657,-0.179854,0.402099,-0.191678,-0.088348,0.039041,-0.469765,0.049564
V,0.0,0.0,0.0,-0.226789,0.175615,-0.235636,-0.261728,-0.015041,-0.237884,-0.468019,-0.074951,-0.070945,-0.739429,-0.120972,-0.085933,-0.955232,-0.219348,-0.171648,-0.859832,-0.111614,-0.129612,-0.921877,0.014387,-0.199253,-1.0,-0.02724,-0.257624,-0.899308,-0.138081,-0.367959,-0.811123,0.128317,-0.290808,-0.489198,-0.026499,-0.310641,-0.488983,0.057723,-0.202686,-0.216834,0.199347,-0.392357,0.066216,-0.021235,-0.163057,0.1084,0.0959,-0.056595,0.216302,0.020609,-0.086703,0.075083,-0.15506,-0.250801,-0.014675,-0.268952,-0.277713,0.074977,-0.234548,-0.280959,0.148521,-0.553285,-0.296973
V,0.0,0.0,0.0,-0.087633,-0.282658,0.095821,-0.280755,-0.402999,0.10245,-0.412441,-0.321314,0.019083,-0.68041,-0.211157,0.108504,-0.800002,-0.311637,-0.034871,-0.901405,-0.165993,-0.028747,-0.899845,-0.381292,-0.045911,-1.0,-0.255439,0.059482,-0.671868,-0.161526,0.152359,-0.628226,-0.247411,0.015298,-0.502952,-0.1337,-0.018169,-0.392509,0.046062,-0.163913,-0.121662,-0.102734,0.046467,-0.070148,0.004513,0.108482,0.030737,-0.064228,0.072548,0.148695,-0.36607,0.116574,0.19521,-0.245335,0.167023,0.198466,-0.26576,-0.083769,0.362207,-0.331202,0.069589,0.186828,-0.531301,-0.064906
V,0.0,0.0,0.0,-0.158822,0.080492,-0.220074,-0.267667,0.08231,-0.175006,-0.326182,0.10637,-0.196417,-0.55095,-0.097414,-0.214063,-0.692812,-0.056669,-0.118624,-0.830246,-0.461214,-0.382164,-0.693891,-0.227934,-0.14043,-1.0,-0.187617,-0.218147,-0.636872,0.027033,-0.266508,-0.820031,-0.220546,-0.347984,-0.499171,0.032887,-0.054348,-0.489714,0.028932,-0.083082,-0.064098,-0.049227,-0.457917,0.013311,-0.057467,-0.243446,0.455329,-0.09816,-0.246195,0.432389,-0.026221,-0.017952,0.49261,-0.218096,-0.133596,0.432025,-0.440313,0.013753,0.263419,-0.395011,-0.294234,0.287214,-0.504509,-0.214841
V,0.0,0.0,0.0,-0.169294,-0.36435,0.117943,-0.149202,-0.29022,0.289836,-0.584302,-0.445405,0.262616,-0.658893,-0.432361,0.147375,-0.743829,-0.248421,0.070471,-1.0,-0.35258,0.072946,-0.798387,-0.444102,0.008116,-0.866021,-0.107665,-0.045186,-0.907251,-0.151251,-0.215603,-0.76924,-0.117868,0.042194,-0.543311,-0.302209,-0.10123,-0.257619,-0.130355,0.027896,-0.283412,-0.115056,0.03172,0.051205,-0.23544,0.187808,0.278075,-0.110104,0.003042,0.310447,-0.278745,0.075534,0.308837,-0.337672,0.069676,0.374712,-0.404773,-0.095185,0.365436,-0.418118,0.120373,0.237348,-0.688135,-0.08368
V,0.0,0.0,0.0,-0.018408,-0.072716,-0.000866,-0.393777,-0.342253,0.011976,-0.616703,-0.294477,0.123582,-0.858876,-0.202081,-0.021978,-0.841559,-0.344912,-0.069685,-0.957989,-0.438226,-0.017599,-0.99648,-0.295958,-0.170886,-0.886292,-0.400953,0.025062,-0.786775,-0.455625,-0.0039,-1.0,-0.324807,0.015217,-0.658256,-0.034194,-0.000558,-0.478763,-0.215584,0.099806,-0.306898,-0.333071,-0.100823,-0.081506,-0.246721,0.23899,-0.009009,-0.268085,-0.063497,0.244619,-0.294117,0.109602,0.333752,-0.313385,0.050549,0.122847,-0.59017,-0.142874,0.202334,-0.344534,-0.0838,0.202577,-0.639881,-0.054727
V,0.0,0.0,0.0,-0.090444,0.039182,0.035337,-0.405221,-0.195636,0.215169,-0.463097,-0.023688,0.028366,-0.809844,-0.031515,0.255067,-1.0,-0.313053,0.117241,-0.858737,-0.297575,0.067963,-0.920766,-0.188779,0.01668,-0.86931,-0.169331,0.135514,-0.965927,-0.194808,0.042975,-0.889588,-0.158753,0.197665,-0.608267,-0.028663,-0.031929,-0.292468,0.204423,-0.029506,-0.226897,-0.005701,0.147208,-0.10009,-0.193778,-0.018749,0.219474,-0.103904,0.19834,0.272271,-0.170706,0.099386,0.236603,-0.226712,-0.091236,0.305753,-0.362763,0.085293,0.328611,-0.36505,-0.018054,0.097492,-0.595788,0.13103
V,0.0,0.0,0.0,-0.067485,-0.055287,0.040562,-0.391113,-0.029812,0.181893,-0.567862,-0.088907,0.283441,-0.604842,-0.152334,0.343763,-0.677152,-0.170711,0.25518,-0.842472,-0.216402,0.28655,-0.778847,-0.007992,0.155303,-0.840641,-0.125031,0.177031,-1.0,-0.07956,-0.207338,-0.706457,0.10249,0.220924,-0.610823,0.055649,0.066293,-0.219372,0.088032,0.285642,-0.085371,0.135798,0.069695,-0.14151,0.051045,0.165261,0.008184,0.113301,0.192183,0.306721,0.112859,0.096845,0.101184,-0.208793,0.342059,0.328774,-0.275965,0.086451,0.282856,-0.44045,0.057712,0.293416,-0.253885,-0.008412
V,0.0,0.0,0.0,-0.037931,-0.062253,-0.177148,-0.1408,-0.103148,-0.109047,-0.690967,-0.076074,-0.096262,-0.633492,-0.169159,-0.008159,-1.0,-0.300907,0.073255,-0.993102,-0.24315,-0.024876,-0.908165,-0.132587,-0.0217,-0.956057,-0.152589,-0.128726,-0.81595,0.044777,-0.281107,-0.696773,-0.022857,-0.254936,-0.690371,-0.023422,-0.253875,-0.263563,0.095384,-0.130482,-0.22081,-0.044372,-0.121853,0.113201,-0.056991,-0.071758,0.080198,-0.011015,-0.114596,0.283425,-0.087166,-0.145739,0.149398,-0.133571,-0.047538,0.323558,-0.266226,0.015129,0.434777,-0.273715,-0.128701,0.190489,-0.616425,-0.378902
V,0.0,0.0,0.0,-0.321613,-0.054721,-0.183243,-0.491114,-0.179443,-0.270884,-0.632938,-0.162801,-0.240193,-0.926382,-0.210466,-0.216834,-0.87116,-0.077516,-0.236322,-0.948346,-0.129382,-0.0918,-1.0,-0.090306,-0.156862,-0.99534,-0.252553,-0.303303,-0.79508,-0.135612,-0.25733,-0.88708,-0.095361,-0.361464,-0.686465,-0.119309,-0.368955,-0.690111,0.037159,-0.312494,-0.248841,-0.028224,-0.447519,-0.164626,-0.093188,-0.169255,-0.075534,0.109524,-0.32749,0.067239,-0.070798,-0.274737,-0.013296,-0.216414,-0.417068,0.053867,-0.30743,-0.18884,0.102192,-0.435444,-0.345607,-0.055409,-0.437369,-0.461745
V,0.0,0.0,0.0,0.070989,0.117777,0.037466,-0.333132,0.03472,-0.084324,-0.530547,-0.069918,0.008322,-0.459614,-0.001859,0.01024,-0.610946,0.154379,-0.019933,-0.846296,-0.208671,-0.034553,-1.0,-0.245118,0.019217,-0.903834,-0.098419,-0.300195,-0.907049,-0.033008,-0.135959,-0.90361,0.125098,-0.056538,-0.696907,-0.060284,-0.00126,-0.391112,0.204902,-0.067587,-0.1905,0.250572,0.040485,0.044064,0.173311,-0.063355,0.221597,0.247457,0.106565,0.089331,0.068325,0.058946,0.471518,0.062089,0.042546,0.237784,-0.18767,-0.116677,0.200406,-0.157565,-0.114056,0.429787,-0.482803,-0.170571
V,0.0,0.0,0.0,-0.271603,-0.134072,-0.045021,-0.497855,-0.057662,0.043737,-0.560708,-0.132862,0.067694,-0.519744,-0.180006,-0.169633,-0.917573,-0.314239,0.054323,-1.0,-0.161575,-0.084121,-0.981615,-0.231975,-0.080563,-0.965078,-0.09986,0.065303,-0.811939,-0.010679,-0.044012,-0.855474,-0.001504,0.030533,-0.544449,-0.026928,-0.102331,-0.41111,-0.242363,0.110231,-0.189182,-0.030535,-0.045713,0.064177,-0.11872,-0.012431,0.181051,-0.159748,0.045295,0.100509,0.082322,-0.0195,0.057313,-0.174351,-0.030984,0.257501,-0.257052,-0.114612,0.335573,-0.475196,-0.079808,0.122495,-0.388678,-0.183377
V,0.0,0.0,0.0,-0.117246,-0.254846,0.151364,-0.477198,-0.252863,0.175397,-0.468251,-0.399165,0.292737,-0.962692,-0.442206,0.396919,-0.878962,-0.248078,0.12581,-0.793357,-0.377123,0.097942,-0.935121,-0.153223,-0.165152,-0.959053,-0.373817,0.004941,-1.0,-0.479498,0.112881,-0.956701,-0.192931,-0.014817,-0.728294,-0.076665,-0.025877,-0.521609,-0.284706,-0.058353,-0.188797,-0.340006,0.264076,-0.055101,-0.232628,0.17476,0.085644,-0.080908,0.010671,0.150186,-0.182189,0.264526,0.355561,-0.316295,0.026309,0.290592,-0.530894,0.235345,0.453802,-0.535615,0.280843,0.263102,-0.611255,0.001522
V,0.0,0.0,0.0,-0.183268,-0.041621,0.05951,-0.262537,-0.208077,0.063111,-0.485943,-0.374552,0.246505,-0.578596,-0.130887,0.210034,-0.78343,-0.187564,0.158815,-0.995707,-0.177372,0.060484,-0.726569,-0.186353,0.055246,-1.0,-0.168246,-0.154199,-0.648424,-0.036663,-0.003878,-0.66595,-0.142017,0.014526,-0.672149,-0.163331,0.117672,-0.411526,-0.161762,-0.006164,-0.105307,-0.063738,0.158127,-0.129524,0.01155,0.174815,0.021061,-0.059891,0.171013,0.137665,-0.124908,0.057086,0.263005,-0.083877,0.025408,0.198908,-0.473415,0.159336,0.075083,-0.349557,0.13637,0.220733,-0.4877,-0.085258
V,0.0,0.0,0.0,-0.086721,-0.138157,-0.03036,-0.31029,-0.276045,-0.086539,-0.472204,-0.280708,-0.121958,-0.750637,-0.166636,0.034686,-0.724403,-0.260576,-0.065832,-1.0,-0.165252,-0.075688,-0.802569,-0.274978,0.079603,-0.828704,-0.167406,-0.180013,-0.769852,-0.063288,-0.30086,-0.692763,-0.091625,-0.060508,-0.692443,0.02044,-0.021057,-0.315634,-0.090361,0.03688,-0.290728,-0.215517,-0.007775,-0.065493,0.066457,-0.102795,0.045865,-0.115157,0.076159,0.082854,-0.018395,-0.05776,0.199398,-0.203069,-0.093182,0.284593,-0.276794,-0.079538,0.236723,-0.380793,-0.000755,0.224829,-0.491133,-0.034482
V,0.0,0.0,0.0,-0.025267,0.103718,-0.170524,-0.233321,0.103554,0.340236,-0.288231,-0.11332,0.060783,-0.556764,-0.003195,0.228755,-0.685818,-0.214038,-0.047372,-0.693429,-0.090576,-0.033394,-1.0,-0.098783,0.196443,-0.895131,0.070333,0.04377,-0.806511,-0.160339,0.07937,-0.757345,-0.085479,-0.192947,-0.464016,0.20031,-0.221491,-0.395134,0.177152,0.054332,-0.203958,0.135975,0.166536,0.074643,0.194069,0.053671,0.057082,0.113397,0.197658,0.235406,0.049159,0.119066,0.203264,-0.076938,0.124961,0.337985,-0.056553,-0.044422,0.560565,-0.292636,0.031998,0.337784,-0.581819,0.253748
V,0.0,0.0,0.0,-0.187553,-0.074452,0.076951,0.019384,-0.199553,-0.010231,-0.609415,-0.349605,0.081695,-0.628422,-0.232545,0.086447,-0.837487,-0.344938,-0.045975,-0.776429,-0.25259,-0.04798,-1.0,-0.003229,0.009409,-0.804464,-0.402958,0.023156,-0.671536,-0.156555,-0.044613,-0.649204,-0.231969,-0.120874,-0.539346,-0.015056,-0.016365,-0.420585,-0.157636,-0.217779,-0.135758,-0.112849,0.029704,0.270497,-0.149976,0.057983,0.072641,-0.159967,-0.036275,0.136674,-0.370189,-0.043485,0.322989,-0.310121,0.025782,0.270916,-0.364403,0.032402,0.275491,-0.522689,0.063344,-0.002659,-0.688744,-0.106162
V,0.0,0.0,0.0,-0.187337,0.035524,0.175203,-0.282233,-0.085819,0.154975,-0.546605,-0.166406,0.054229,-0.610414,-0.316197,0.020408,-0.627664,-0.172853,0.129503,-0.97728,-0.107313,0.212089,-0.781711,-0.255746,0.167395,-0.894929,-0.309473,-0.090519,-1.0,0.000719,0.015286,-0.791289,-0.023684,0.185484,-0.625628,0.042965,0.101234,-0.550111,0.082239,0.149617,-0.194689,0.024176,0.178011,-0.083841,0.02877,0.200227,0.159122,0.069525,0.129315,0.065301,-0.018993,0.152014,0.263839,-0.221334,0.218487,0.055393,-0.245268,0.157952,0.129502,-0.298056,0.2013,0.007196,-0.575642,-0.04368
V,0.0,0.0,0.0,0.052056,-0.317111,-0.104396,-0.294404,-0.31783,0.008022,-0.483955,-0.423219,0.136354,-0.622924,-0.365798,0.100521,-0.591223,-0.358685,0.018131,-0.791399,-0.383139,0.081235,-0.815953,-0.166098,-0.020807,-1.0,-0.282278,0.001611,-0.872471,-0.206591,0.132952,-0.760822,-0.254801,0.060045,-0.680081,-0.147806,-0.059856,-0.553858,-0.14234,-0.044923,-0.183441,-0.106792,0.057354,-0.153366,-0.192011,0.08973,-0.00653,-0.179149,0.114947,0.250306,-0.282384,0.049677,0.261046,-0.377879,-0.052438,0.286927,-0.431157,0.101827,0.162051,-0.511279,-0.141364,0.183218,-0.692396,-0.015211
V,0.0,0.0,0.0,-0.155337,-0.037408,-0.105073,-0.267052,-0.145828,0.082354,-0.549347,-0.291862,0.317371,-0.696242,-0.370129,0.042289,-0.89038,-0.228318,-0.136243,-0.943158,-0.285716,0.153987,-1.0,-0.091744,0.061657,-0.928794,-0.108507,0.057541,-0.968213,-0.003765,-0.112055,-0.775118,-0.162125,-0.202086,-0.633458,0.107333,-0.072732,-0.268627,0.060177,-0.041843,-0.098184,0.158295,-0.132672,-0.071223,0.060005,0.109562,0.153109,-0.049405,0.02169,0.198381,-0.173191,-0.083244,0.331072,-0.123954,0.224993,0.230033,-0.253415,-0.006294,0.231338,-0.481151,-0.00651,0.290917,-0.598744,6.6e-05
V,0.0,0.0,0.0,0.091477,-0.031184,-0.056211,-0.418493,0.178971,0.196622,-0.455776,0.076295,0.185487,-0.722821,-0.149705,0.192848,-0.849597,-0.204857,0.115963,-1.0,0.034859,-0.079607,-0.948198,-0.037018,0.01314,-0.964695,-0.03251,0.02027,-0.889065,0.049043,0.082664,-0.939349,0.146726,-0.024459,-0.566261,0.186075,0.041241,-0.467247,0.071769,0.049842,-0.057048,0.125538,-0.079454,0.063668,0.038825,0.096747,0.03559,0.056234,0.080317,0.240296,0.045349,0.120391,0.290332,-0.133953,0.211029,0.334079,-0.15639,-0.105431,0.510271,-0.272978,-0.210624,0.096881,-0.550403,0.167886
V,0.0,0.0,0.0,-0.218562,-0.189666,-0.064277,-0.453952,-0.058651,0.112944,-0.420223,-0.159545,-0.006359,-0.741683,-0.21051,0.039835,-0.73986,-0.176731,-0.115839,-0.736415,-0.171338,-0.05967,-0.843968,-0.231425,-0.151521,-0.927263,-0.229868,-0.107393,-1.0,-0.158467,-0.271851,-0.782187,-0.108135,-0.03868,-0.627523,-0.124512,-0.142332,-0.410597,-0.131707,0.064151,-0.347253,-0.143731,-0.147778,-0.184994,-0.005161,-0.018873,-0.124247,-0.096141,-0.095329,-0.018614,-0.014655,-0.037567,0.021572,-0.121031,-0.082687,0.041827,-0.215478,-0.116326,-0.116693,-0.381663,-0.02128,-0.199534,-0.446521,-0.119972
V,0.0,0.0,0.0,-0.024311,-0.195597,0.21727,-0.239321,-0.044584,0.201501,-0.608943,-0.369951,0.33107,-0.681031,-0.281219,0.104594,-0.791335,-0.089,0.193679,-0.916536,-0.13906,-0.065258,-0.881394,-0.241093,0.110665,-1.0,-0.185576,0.075852,-0.892647,-0.169212,-0.07852,-0.496619,-0.409409,0.087381,-0.569877,-0.114671,0.09362,-0.331509,-0.158276,-0.023361,-0.267076,-0.288906,0.087914,-0.103607,-0.044791,0.312985,0.115203,-0.057309,0.14332,0.137915,-0.200139,0.201376,0.214994,-0.194338,0.25923,0.385076,-0.29538,0.209687,0.334121,-0.366789,0.11882,0.043896,-0.601213,0.048644
V,0.0,0.0,0.0,-0.193136,-0.363413,0.012154,-0.045142,-0.090155,0.202059,-0.446796,-0.150484,0.061189,-0.713247,-0.122804,-0.010458,-0.719388,-0.099523,0.155958,-0.869723,-0.13101,0.063497,-0.895897,-0.152468,-0.061935,-1.0,-0.204391,-0.064291,-0.940362,-0.141931,-0.066618,-0.791186,-0.109021,-0.101865,-0.464466,0.081847,0.059539,-0.446733,-0.02123,-0.039054,-0.182304,0.010549,0.118523,-0.115605,-0.005153,0.116816,0.078091,-0.094858,-0.007099,0.194836,-0.183319,-0.02307,0.15435,-0.195334,0.037773,0.177377,-0.513233,0.156678,0.091509,-0.431222,-0.009824,0.128832,-0.534476,-0.012364
V,0.0,0.0,0.0,-0.063955,0.048482,0.067475,-0.455726,-0.034892,0.070372,-0.371037,-0.083335,0.156521,-0.639744,-0.288365,0.170896,-0.699803,-0.175897,0.200885,-0.731058,-0.197852,0.364592,-0.818602,-0.134615,0.131507,-0.810419,-0.101044,0.165659,-1.0,-0.118823,-0.075419,-0.571047,-0.182628,-0.001454,-0.61222,-0.13671,0.053424,-0.581949,0.114799,0.137968,-0.309189,0.037346,0.15596,-0.172777,0.034999,0.133749,0.134866,-0.099494,0.051733,0.219825,-0.130607,0.167456,0.216344,-0.266662,0.134492,0.158732,-0.30612,0.245243,0.101413,-0.446701,0.232016,0.00269,-0.485527,0.146238
V,0.0,0.0,0.0,-0.383528,0.122226,0.193001,-0.298845,-0.024609,0.094433,-0.618416,-0.209606,0.173832,-0.814175,-0.281933,0.242999,-0.909478,-0.071038,0.088361,-0.833389,-0.217285,0.146495,-0.982639,-0.009374,0.008568,-1.0,0.070845,-0.047401,-0.950439,0.002827,-0.125715,-0.817125,0.045046,0.075059,-0.696685,-0.079862,0.028591,-0.524867,0.005549,0.080775,-0.271785,0.177692,0.114744,-0.070218,0.136888,0.29445,0.142514,0.091507,-0.039699,0.287669,-0.013682,0.183306,0.21956,-0.078761,0.068654,0.154761,-0.416745,-0.018255,0.100684,-0.275479,0.117907,0.004005,-0.342202,0.013727
W,0.0,0.0,0.0,-0.182606,-0.057379,0.034701,-0.303845,-0.239465,-0.076633,-0.500334,-0.221136,-0.099164,-0.736081,-0.135308,0.083411,-0.762,-0.211797,0.002467,-0.834533,-0.261128,0.036981,-0.901505,-0.072696,-0.294481,-1.0,-0.172835,0.024111,-0.93826,-0.174738,-0.285363,-0.732633,0.0322,0.056047,-0.548406,-0.065239,0.04279,-0.110065,-0.161523,-0.158941,-0.070206,0.049668,0.180137,0.033958,-0.129037,-0.1223,0.372636,-0.058401,0.161976,0.431258,-0.214011,0.083276,0.543902,-0.081599,-0.182587,0.429867,-0.495138,-0.086022,0.300336,-0.482903,-0.033479,0.132384,-0.533207,0.028929
W,0.0,0.0,0.0,-0.373386,-0.341255,-0.006402,-0.284625,-0.406156,0.053422,-0.308534,-0.323116,0.226898,-0.824431,-0.558501,-0.094436,-0.719092,-0.376984,0.012307,-0.728445,-0.224866,0.062233,-0.799,-0.312392,0.020496,-1.0,-0.331138,-0.064882,-0.796274,-0.116673,0.069381,-0.381836,0.050384,0.061319,-0.64562,-0.006757,0.150206,-0.305093,-0.30038,0.010903,-0.049004,-0.114827,-0.018825,0.022905,-0.038513,0.094736,0.312262,-0.107554,0.046314,0.3453,-0.13865,0.083293,0.373529,-0.528732,0.013426,0.282993,-0.591627,0.04599,0.400417,-0.587149,0.134501,0.191835,-0.58482,-0.031701
W,0.0,0.0,0.0,-0.054774,-0.419125,0.109208,-0.286753,-0.382529,0.184827,-0.667112,-0.205088,0.365171,-0.695627,-0.057722,0.208736,-0.975158,-0.449114,0.197163,-0.87384,0.006821,0.064328,-1.0,-0.176454,0.158688,-0.956835,-0.187538,-0.004297,-0.842208,-0.257219,0.219473,-0.565281,-0.098503,0.10803,-0.439801,-0.111277,-0.061734,-0.299805,0.007316,0.257437,-0.051138,-0.118116,0.248342,0.146875,-0.195698,0.019609,0.222134,0.031038,0.297404,0.550553,-0.22034,0.235746,0.141796,-0.530729,0.277395,0.447402,-0.694393,0.214835,0.465625,-0.552276,0.108463,-0.042827,-0.694643,0.037069
W,0.0,0.0,0.0,-0.172669,-0.170583,-0.003213,-0.469904,-0.073494,-0.098151,-0.376587,-0.250022,0.017973,-0.673783,-0.40446,0.016753,-0.865491,-0.245879,-0.04551,-0.956109,-0.269268,0.038575,-1.0,-0.128441,-0.138351,-0.755831,-0.07968,-0.190275,-0.703529,-0.156474,0.016296,-0.633355,-0.100125,-0.176765,-0.525364,-0.069895,-0.05863,-0.370627,-0.107135,-0.001995,-0.032534,-0.106383,-0.098239,0.111812,-0.018034,0.099171,0.18953,-0.061259,-0.063482,0.125228,-0.281989,-0.030249,0.383966,-0.353923,-0.049675,0.09518,-0.235966,-0.134171,0.394008,-0.437267,0.052441,-0.074393,-0.831438,-0.149879
W,0.0,0.0,0.0,-0.207185,-0.183941,-0.143758,-0.323894,-0.322821,-0.275248,-0.504328,-0.369542,0.022094,-0.906859,-0.328098,-0.227602,-0.874891,-0.331504,-0.004002,-0.605795,-0.34312,-0.210066,-0.914076,-0.292525,-0.117583,-1.0,-0.08789,-0.188424,-0.703344,-0.106375,-0.138907,-0.594518,-0.08499,-0.154853,-0.344385,-0.21419,-0.392735,-0.176588,0.0623,-0.027931,-0.132836,0.140887,0.145679,0.15734,-0.000204,-0.038691,0.197839,-0.074653,-0.049474,0.498834,-0.252271,-0.112064,0.321072,-0.209234,-0.077886,0.18482,-0.374807,-0.135899,0.24655,-0.4258,-0.038321,0.053828,-0.455051,-0.330709
W,0.0,0.0,0.0,-0.301735,0.174489,-0.238608,-0.148648,-0.175762,-0.00905,-0.752806,-0.090221,-0.025449,-0.555685,-0.337058,0.140304,-1.0,-0.152379,-0.193971,-0.681021,-0.052037,0.106148,-0.943221,-0.150982,-0.104481,-0.890006,-0.114335,-0.150824,-0.651461,0.080384,-0.26959,-0.556932,-0.134256,0.020435,-0.557456,0.134518,-0.055054,-0.287736,0.021753,-0.120205,-0.000766,0.149131,0.178068,0.319229,0.091377,-0.003062,0.223993,0.04479,0.136275,0.512379,-0.074177,-0.074139,0.451746,-0.128997,0.106523,0.451366,-0.22754,0.066835,0.323909,-0.533016,0.102383,0.309643,-0.560212,-0.171859
W,0.0,0.0,0.0,0.121075,-0.162254,-0.092841,-0.162569,-0.080743,0.073224,-0.586702,-0.305273,-0.063408,-0.417427,-0.327477,0.19622,-0.73815,-0.344089,-0.133089,-0.900845,-0.263297,-0.18826,-0.80166,-0.326687,-0.268692,-1.0,-0.228848,-0.051064,-0.521912,-0.145255,-0.094952,-0.568611,-0.331931,-0.087898,-0.356212,-0.227545,0.09477,-0.050514,-0.221604,-0.017028,0.481029,-0.020284,0.042105,0.245951,-0.110255,0.184892,0.56913,0.016284,-0.016754,0.666753,-0.216939,0.092751,0.652921,-0.104356,-0.027729,0.707297,-0.690128,0.11955,0.428086,-0.7066,-0.219973,0.255771,-0.677912,-0.20077
W,0.0,0.0,0.0,-0.074802,0.071795,0.012681,-0.176826,0.03166,0.076979,-0.588317,-0.065408,0.047245,-0.414371,0.171603,-0.19413,-0.747549,0.014731,-0.100382,-0.760289,0.237761,-0.214683,-1.0,0.095507,-0.200381,-0.743466,0.09298,-0.19764,-0.796889,0.130415,-0.235958,-0.445627,0.174636,-0.333446,-0.228206,0.179634,0.059927,-0.209185,0.121053,-0.176861,0.016929,0.175849,-0.179632,0.167547,0.359046,-0.106168,0.61474,0.235415,-0.065419,0.556816,-0.022451,0.064454,0.682691,-0.002511,-0.124673,0.589243,-0.274187,-0.250034,0.479408,-0.52253,-0.175609,0.364268,-0.320521,-0.233421
W,0.0,0.0,0.0,-0.070849,-0.324395,0.122111,-0.494205,-0.21138,0.160338,-0.450081,-0.295985,-0.065953,-0.686433,-0.056013,-0.020594,-0.705442,-0.366042,-0.015246,-1.0,-0.260334,-0.051316,-0.709036,-0.306847,-0.09041,-0.717589,-0.178143,-0.089243,-0.737337,-0.232914,-0.131827,-0.571408,-0.210425,-0.196409,-0.27914,-0.006679,-0.037243,-0.270796,-0.021576,-0.29208,-0.146452,0.015271,-0.079192,0.135569,-0.04068,-0.058423,0.238834,-0.167918,0.054348,0.234552,-0.1753,0.03943,0.463808,-0.383296,0.024109,0.541688,-0.353614,0.132405,0.279989,-0.487877,-0.092819,0.018209,-0.606795,0.022447
W,0.0,0.0,0.0,-0.280204,0.143548,-0.101147,-0.433268,0.010332,0.089026,-0.524757,-0.029532,0.01198,-0.692538,0.022204,-0.033998,-0.801816,-0.05253,-0.151389,-1.0,-0.135614,-0.023321,-0.817433,-0.036824,-0.162007,-0.752358,0.069484,-0.069542,-0.737166,-0.003335,0.020741,-0.623407,0.101114,-0.089043,-0.509346,0.175091,-0.189411,-0.429827,0.120539,-0.057262,-0.274603,0.205796,-0.058094,-0.166148,0.08361,0.141423,0.034005,0.042131,0.007413,-0.030223,0.006902,0.055774,0.183138,-0.067299,-0.033243,0.212605,-0.176455,-0.071609,0.025296,-0.277258,-0.040841,-0.048058,-0.336878,-0.047732
W,0.0,0.0,0.0,-0.303159,-0.125437,-0.040441,-0.456629,-0.098813,0.159508,-0.589869,0.144923,0.12525,-0.925106,-0.154141,0.197476,-0.900208,-0.328937,-0.10374,-0.954523,-0.263819,0.022567,-1.0,0.008325,0.093561,-0.983189,-0.132286,0.078188,-0.832134,-0.020316,0.088999,-0.789492,0.077925,-0.061212,-0.771389,-0.098213,-0.097294,-0.250154,0.015191,-0.011771,-0.057168,-0.052536,0.009212,-0.034454,-0.00863,0.106113,0.149636,-0.131309,-0.089261,0.22827,-0.299872,0.124627,0.304274,-0.104895,0.069681,0.416994,-0.455987,0.198849,0.088126,-0.44253,0.044801,0.18209,-0.68477,0.206805
W,0.0,0.0,0.0,0.180496,-0.278286,-0.286905,-0.022671,-0.141395,-0.249702,-0.485874,-0.313993,0.151376,-0.66855,-0.261212,-0.03339,-0.563169,-0.114177,0.06284,-0.844883,-0.176515,-0.178377,-0.784235,-0.204381,-0.26518,-0.867921,-0.1009,0.038241,-0.625951,-0.173591,-0.018702,-0.896768,0.055502,-0.237982,-0.53194,-0.11191,0.057574,-0.059443,0.104768,0.028309,0.089786,0.226027,-0.084584,-0.065385,0.221067,-0.397986,0.482028,0.047815,-0.298927,0.621491,-0.162772,0.123017,0.75994,-0.434597,-0.092535,0.548114,-0.646081,-0.123663,0.79203,-0.516342,-0.024851,0.302267,-1.0,-0.044179
W,0.0,0.0,0.0,-0.276699,-0.083244,-0.105164,-0.378752,-0.158232,0.033101,-0.50386,-0.205894,0.033605,-0.775702,-0.02734,0.108614,-0.795163,-0.249458,-0.012541,-0.99469,-0.125191,-0.249444,-1.0,-0.097671,0.036841,-0.839019,-0.121471,-0.195551,-0.83811,-0.211829,-0.157322,-0.47775,-0.008743,-0.083812,-0.691448,0.130533,0.028527,-0.343071,0.072361,-0.142673,-0.221828,0.25281,-0.097276,0.117107,0.171961,0.008309,0.06792,-0.173274,0.032532,0.166277,-0.129901,-0.05506,0.232177,-0.163264,-0.026162,0.301118,-0.307783,-0.058042,0.038643,-0.439309,-0.077594,-0.181235,-0.498468,-0.016371
W,0.0,0.0,0.0,-0.287003,0.003823,-0.027839,-0.596801,-0.034897,0.152414,-0.623601,-0.075926,0.091371,-0.691189,-0.055723,-0.045815,-0.814148,-0.128978,-0.019387,-1.0,-0.066165,-0.027894,-0.951551,-0.111998,0.064128,-0.929852,-0.055492,-0.167912,-0.687705,-0.087808,-0.017617,-0.66201,0.039233,-0.005857,-0.539803,0.163076,0.022165,-0.455551,0.072866,0.162094,-0.189051,0.044296,0.046837,-0.107081,0.077883,0.185999,-0.033513,0.031768,0.124031,-0.023048,-0.064386,0.179537,0.088925,-0.164556,0.063956,0.094748,-0.082525,0.11884,0.046806,-0.161458,0.109331,-0.033632,-0.479582,0.127477
W,0.0,0.0,0.0,-0.36605,-0.057864,0.181305,-0.403204,-0.073963,0.157289,-0.491321,0.062894,0.153231,-0.640214,-0.130076,0.105674,-0.797865,-0.252826,0.111199,-1.0,0.023409,0.024904,-0.903995,-0.049662,-0.019639,-0.861787,0.105299,-0.080682,-0.767184,0.240808,-0.057653,-0.6576,0.16684,0.182723,-0.386921,0.108573,0.045811,-0.380252,0.223419,0.025206,-0.064776,-0.034304,0.112528,-0.002138,-0.106121,-0.052752,0.162551,0.106584,0.165373,0.274342,-0.027271,0.241742,0.416947,0.028344,0.127994,0.158557,-0.155469,0.086126,0.111203,-0.37331,0.081655,0.033103,-0.282753,0.069192
W,0.0,0.0,0.0,-0.17794,0.038665,-0.034743,-0.151833,0.023666,0.142591,-0.455333,-0.046999,0.144696,-0.553132,-0.012665,-0.009993,-0.620245,-0.12807,0.230663,-0.750971,0.051281,-0.032564,-0.807422,-0.043945,-0.184652,-1.0,-0.00695,-0.220378,-0.643444,0.045611,-0.320292,-0.595157,0.094389,0.076474,-0.43268,-0.030013,-0.206262,-0.266642,0.044245,-0.035122,-0.028513,0.181765,0.066059,0.058577,0.1653,-0.103969,0.258274,0.079585,0.06712,0.239245,-0.095571,0.118853,0.339598,-0.042341,-0.009749,0.636136,-0.230059,0.136311,0.530925,-0.220406,-0.036913,0.19313,-0.763491,-0.250269
W,0.0,0.0,0.0,-0.180458,-0.087934,0.047032,-0.2749,-0.224953,0.246534,-0.545137,0.01591,0.133449,-0.878099,-0.209834,0.173232,-0.759679,-0.051895,0.134225,-0.949153,-0.039297,0.238143,-0.927058,-0.045517,0.119709,-0.894842,-0.003149,-0.037065,-1.0,-0.078403,0.004485,-0.619849,0.026203,0.075986,-0.506709,0.137196,0.026211,-0.396849,-0.074083,0.134337,-0.440452,0.11116,0.225472,0.038206,0.104104,0.115606,0.200564,-0.004044,0.25263,0.273313,-0.189172,0.217235,0.337713,-0.237323,0.238326,0.550682,-0.234056,0.228751,0.288167,-0.26863,0.181483,0.093854,-0.502482,0.127383
W,0.0,0.0,0.0,-0.107602,-0.269819,-0.004528,-0.336374,-0.332683,0.130106,-0.657543,-0.111028,-0.061664,-0.946288,-0.286818,0.247558,-0.993387,-0.401239,0.244279,-0.952483,-0.226373,0.140962,-1.0,-0.431617,0.105675,-0.973643,-0.121827,0.188366,-0.835139,-0.186421,0.030483,-0.722024,-0.256154,0.079025,-0.51695,0.050834,0.050812,-0.027968,0.099862,0.039942,-0.095639,-0.268042,0.105574,0.136319,-0.107406,0.093521,0.238451,-0.129516,0.185816,0.496628,-0.271977,0.031879,0.227625,-0.405097,0.061909,0.214709,-0.53326,0.25004,0.269444,-0.59035,0.286254,0.238151,-0.876122,0.097044
W,0.0,0.0,0.0,-0.177459,-0.137869,-0.022824,-0.528158,-0.42665,0.133736,-0.437383,-0.232886,0.152063,-0.535315,-0.319025,-0.038571,-0.776626,-0.108655,-0.053481,-0.776067,-0.279256,0.013933,-1.0,-0.171445,-0.160464,-0.80651,-0.332907,-0.175658,-0.679037,0.144437,-0.146123,-0.505795,0.080239,-0.041669,-0.544665,0.123972,-0.089903,-0.237775,-0.25382,-0.084207,-0.152068,-0.007355,-0.040306,0.046798,-0.05131,-0.060699,0.074364,-0.155261,0.019088,0.446472,-0.209268,0.09059,0.334078,-0.293092,-0.156297,0.333425,-0.716506,-0.123397,0.190864,-0.490512,0.013073,0.323664,-0.856684,0.03252
W,0.0,0.0,0.0,0.040732,0.024838,0.088047,-0.124355,-0.347078,0.19686,-0.480536,-0.295315,0.127608,-0.645461,-0.509466,-0.059525,-0.632967,-0.340545,0.148913,-0.866961,-0.370519,-0.008859,-1.0,-0.336191,-0.034675,-0.802449,-0.285905,0.104286,-0.771409,-0.137367,-0.012857,-0.581313,-0.107898,-0.074119,-0.473289,-0.18856,-0.00547,-0.421624,-0.156221,0.068028,-0.063892,-0.133417,0.075579,0.113284,-0.329715,0.19994,0.496432,-0.071105,0.053811,0.249375,-0.143607,0.091775,0.471031,-0.480913,0.116115,0.408151,-0.359878,0.122488,0.323391,-0.43603,-0.013373,0.34583,-0.701054,0.056689
W,0.0,0.0,0.0,-0.261676,0.16364,0.133423,-0.402782,-0.029708,0.284184,-0.515478,0.149032,0.032242,-0.654648,0.014897,0.31905,-0.802598,-0.046022,0.172327,-1.0,0.113523,0.077263,-0.90308,0.079878,0.062909,-0.743784,0.071707,0.10526,-0.756896,0.127276,-0.000751,-0.86735,0.233896,-0.018112,-0.430474,0.128262,0.162832,-0.433459,0.300007,0.11704,-0.271652,0.095071,0.167687,-0.113778,0.17304,0.212916,-0.049157,0.212714,0.153797,0.073365,0.089223,0.29847,0.00056,-0.006636,0.089965,-0.010677,-0.121342,0.272121,0.123803,-0.186497,0.203005,-0.125098,-0.247834,0.189814
W,0.0,0.0,0.0,-0.227765,0.020256,0.015225,-0.264562,0.025712,0.035217,-0.42258,0.074476,0.097829,-0.55674,-0.178013,0.031659,-0.736445,0.140993,-0.222692,-0.762097,-0.009508,0.03476,-1.0,-0.009871,0.115677,-0.944159,0.081468,-0.148537,-0.582255,0.13548,-0.058957,-0.688163,0.077224,-0.139266,-0.539331,0.104582,-0.278446,-0.204611,0.092213,-0.131444,-0.234406,0.168279,0.155004,0.041508,0.235168,0.050503,0.1915,0.24218,-0.156869,0.315347,-0.052897,0.045283,0.232967,-0.032465,-0.155715,0.39834,-0.270563,0.024146,0.203895,-0.429731,0.104137,0.327613,-0.593264,-0.063505
W,0.0,0.0,0.0,-0.173406,-0.020554,-0.011184,-0.370392,-0.155328,0.019387,-0.663058,-0.235316,0.087312,-0.889309,-0.327718,0.041302,-0.858307,-0.273439,0.206008,-1.0,-0.214015,-0.058953,-0.856664,0.043881,-0.110089,-0.832373,-0.05254,-0.114878,-0.80261,-0.162587,-0.079148,-0.79594,-0.031738,-0.047576,-0.39898,0.032814,-0.134085,-0.364498,-0.157167,0.068045,-0.266536,0.217312,0.103194,-0.016318,-0.018171,0.001235,0.072109,-0.038171,0.020429,0.252508,0.03294,0.071965,0.348389,-0.324255,0.084769,0.241328,-0.439675,0.003295,0.252967,-0.686272,-0.020488,0.019474,-0.536137,0.057136
W,0.0,0.0,0.0,-0.253083,-0.378355,-0.018689,-0.477885,-0.189612,-0.185465,-0.615287,-0.195903,-0.089635,-0.839447,-0.381862,0.046098,-0.829857,-0.28485,-0.126898,-1.0,-0.258877,0.012919,-0.951017,-0.37258,-0.056012,-0.841294,-0.148957,-0.114152,-0.925424,-0.137373,-0.13869,-0.65366,-0.097048,-0.055772,-0.461744,-0.01064,-0.159209,-0.565544,-0.083735,-0.123515,-0.187937,-0.065953,-0.074546,0.066747,-0.160032,-0.087331,0.244454,-0.273151,-0.078029,-0.00167,-0.216615,-0.041239,0.071689,-0.259623,-0.121711,0.321901,-0.337675,-0.131164,0.148622,-0.356618,-0.120214,-0.054959,-0.721807,-0.152973
W,0.0,0.0,0.0,-0.271445,-0.000975,0.179965,-0.608449,-0.058696,0.177175,-0.659449,-0.016097,0.204474,-0.847184,-0.092402,-0.021163,-0.925354,-0.169552,0.20064,-0.663175,-0.137174,0.249444,-0.839928,-0.201824,0.208625,-1.0,-0.036092,0.274921,-0.801181,-0.056763,0.087524,-0.868201,0.140368,-0.013989,-0.799277,0.033383,0.013132,-0.347305,-0.028407,0.119509,-0.283808,0.068756,0.216252,0.044183,0.170239,0.070039,0.100363,0.035001,0.276334,0.132817,-0.206246,0.241355,0.332857,-0.125426,0.047169,0.400988,-0.251144,0.065226,0.239306,-0.226867,-0.052681,0.07945,-0.392205,0.061282
W,0.0,0.0,0.0,-0.335116,-0.106202,0.101456,-0.488847,-0.315574,-0.113292,-0.500101,-0.189414,-0.155243,-0.739519,0.075506,-0.135879,-0.699299,-0.14858,-0.225046,-0.826351,-0.20794,-0.333771,-1.0,-0.182025,0.006727,-0.947208,-0.143016,-0.126535,-0.893204,0.000574,-0.503238,-0.873214,0.033152,-0.379497,-0.626751,0.142303,-0.162157,-0.226755,0.056067,-0.26573,0.006353,0.053979,-0.274467,0.220062,0.02649,-0.016123,0.226688,0.071924,-0.033771,0.26794,-0.158162,-0.022628,0.364857,-0.223861,-0.163246,0.311028,-0.51718,-0.085325,0.197741,-0.480356,-0.18288,0.164447,-0.642907,-0.157689
W,0.0,0.0,0.0,-0.207075,-0.205882,-0.035172,-0.305658,-0.289605,0.170574,-0.612453,-0.205343,0.149978,-0.901496,-0.059611,-0.040573,-0.712656,-0.152577,-0.172933,-0.975049,-0.280137,0.20158,-0.95522,-0.375485,0.12028,-0.871885,-0.046788,-0.056714,-1.0,0.142655,-0.104221,-0.502902,0.002873,-0.096953,-0.681491,-0.048725,0.10107,-0.173128,0.113617,0.046071,-0.038554,-0.010362,-0.082136,0.108459,0.030219,-0.046101,0.330414,-0.036466,0.044564,0.248506,-0.257074,0.05074,0.244041,-0.123381,0.209831,0.586113,-0.34627,-0.118961,0.444718,-0.365724,-0.14321,0.576351,-0.599735,-0.169351
W,0.0,0.0,0.0,-0.134206,-0.370417,-0.11252,-0.311761,-0.087021,0.175731,-0.603587,-0.135441,0.081426,-0.810761,-0.096509,0.130853,-0.580088,-0.03648,-0.132514,-0.83143,-0.305841,0.191669,-1.0,-0.056906,0.136245,-0.866111,0.051631,-0.126611,-0.927028,0.00988,0.012116,-0.670296,0.247222,0.002677,-0.497303,0.06812,-0.111193,-0.186815,0.056358,0.009352,0.158253,0.150704,0.016253,0.152292,0.221438,0.101487,0.434131,-0.063269,-0.081742,0.611385,0.04516,-0.045697,0.612394,-0.031362,0.019458,0.495696,-0.101655,0.186619,0.337317,-0.55726,-0.02654,0.320545,-0.582897,-0.182329
W,0.0,0.0,0.0,-0.109542,0.081585,-0.088454,-0.315952,0.084252,-0.141629,-0.552035,-0.093806,-0.269047,-0.458694,0.060434,-0.099877,-0.731809,-0.11669,0.011173,-0.589985,0.116154,-0.263541,-1.0,-0.091264,-0.139024,-0.818177,0.238112,-0.257364,-0.721144,-0.120903,-0.238484,-0.723987,-0.033067,-0.059863,-0.490816,0.225588,-0.256834,-0.126651,0.12686,0.017336,0.046981,0.241859,-0.02734,0.009088,0.028873,-0.015952,0.269819,0.1027,-0.099034,0.258871,-0.079399,0.080543,0.320491,-0.120575,0.036452,0.327312,-0.198934,0.062181,0.200946,-0.37593,-0.268189,0.19986,-0.463531,0.075314
W,0.0,0.0,0.0,-0.039505,-0.0028,0.071593,-0.35522,-0.254009,0.184516,-0.42661,-0.339893,0.281661,-0.68814,-0.112127,0.19676,-1.0,-0.201183,0.138845,-0.957051,-0.197382,0.020022,-0.968332,-0.273624,0.147562,-0.942956,-0.153826,0.062274,-0.754056,-0.17437,0.162127,-0.545993,0.129115,-0.069864,-0.456706,-0.222708,-0.076783,-0.190823,-0.044865,-0.029934,0.018056,-0.000365,-0.153673,0.242687,-0.060608,0.081364,0.126352,-0.071582,0.107934,0.366067,-0.197729,0.222949,0.464556,-0.141069,-0.04505,0.358118,-0.31485,0.353129,0.478893,-0.521092,0.188296,0.317571,-0.79449,0.126367
W,0.0,0.0,0.0,-0.034425,-0.159874,0.092178,-0.392906,-0.207044,0.23294,-0.677074,-0.200516,0.269205,-0.55149,-0.213259,0.193206,-0.855245,-0.137383,0.223863,-0.829862,-0.08414,-0.047187,-1.0,-0.070467,0.293258,-0.827246,-0.014364,-0.312948,-0.676334,-0.115429,0.200932,-0.51602,-0.012386,-0.070567,-0.28378,0.149211,-0.081595,-0.098713,0.132764,0.06292,0.063001,0.079191,-0.044681,0.194814,-0.023928,-0.020312,0.222174,-0.241371,-0.071398,0.34812,-0.023504,-0.019906,0.329918,-0.038494,0.003687,0.45088,-0.311699,0.058524,0.373439,-0.58926,-0.022325,0.291159,-0.78039,0.168815
W,0.0,0.0,0.0,0.059132,-0.239237,0.232209,-0.12196,-0.088024,0.130932,-0.253973,-0.232515,0.195517,-0.554788,-0.450233,0.166852,-0.72085,-0.318257,0.166254,-0.652524,-0.316999,0.232118,-0.948743,-0.170598,0.163877,-0.733217,-0.085884,0.158631,-0.746622,-0.130098,0.176699,-0.785665,-0.080817,0.0256,-0.348263,0.108376,0.09847,-0.176743,0.116853,0.139373,0.084773,0.201745,0.257511,0.587141,-0.252752,0.329023,0.61437,-0.161052,0.182234,0.563324,-0.220267,0.159369,1.0,-0.279389,0.255784,0.639528,-0.403722,0.02338,0.632646,-0.573406,-0.06426,0.402077,-0.696079,0.223854
W,0.0,0.0,0.0,-0.138946,-0.054137,0.059523,-0.197931,-0.24526,0.118407,-0.422421,-0.140376,0.16587,-0.634203,-0.267053,0.315459,-0.740157,-0.322306,-0.101088,-0.712553,-0.31414,0.106176,-1.0,-0.115968,0.086028,-0.737772,-0.095381,0.013369,-0.846673,-0.065427,0.012016,-0.574998,-0.012723,-0.110391,-0.53894,0.205467,0.09211,0.071897,0.097738,0.130326,-0.08497,0.210651,-0.114684,0.276685,0.029853,0.283579,0.345807,-0.033845,-0.073909,0.257714,-0.078373,0.271061,0.550882,-0.239901,0.165431,0.529443,-0.277699,-0.00264,0.463798,-0.606904,0.193149,0.187247,-0.673654,0.104308
W,0.0,0.0,0.0,0.05847,0.037854,-0.152086,-0.473418,0.001633,0.028952,-0.543146,0.099142,-0.244516,-0.656397,-0.290575,-0.145108,-0.795684,-0.151888,-0.320864,-0.873292,-0.172826,-0.122651,-0.892162,-0.114798,-0.171387,-0.930665,0.106635,-0.305348,-1.0,0.112311,-0.341753,-0.552349,0.114084,-0.307928,-0.416906,0.46228,-0.253464,-0.413531,-0.039098,-0.232978,-0.054087,0.259087,-0.209559,0.25841,-0.007629,-0.147345,0.39911,-0.068472,-0.304279,0.688331,0.022653,-0.23567,0.482325,-0.154868,-0.170638,0.375838,-0.304903,-0.474652,0.455418,-0.270105,-0.422401,0.307815,-0.631042,-0.436093
W,0.0,0.0,0.0,-0.121937,0.093522,0.099612,-0.195064,0.06624,0.367545,-0.541456,-0.161875,0.148901,-0.482185,-0.172137,0.253275,-0.933919,-0.098253,0.089344,-1.0,0.047587,0.264978,-0.827406,0.00483,-0.078369,-0.870821,0.113007,0.042773,-0.64921,0.071668,-0.02576,-0.543716,0.225707,0.19819,-0.416661,0.078694,-0.219182,-0.45974,0.11705,0.225062,0.049888,0.130271,0.203413,-0.045474,0.276476,0.116552,0.317815,0.14871,0.214405,0.224598,-0.048418,0.280395,0.454192,-0.201559,0.195685,0.278424,-0.341847,0.064214,0.310485,-0.471834,0.192427,0.124685,-0.494904,0.114247
W,0.0,0.0,0.0,-0.374131,-0.217501,-0.03071,-0.457898,-0.066446,0.057099,-0.637923,-0.18521,0.209613,-0.781989,-0.168853,0.04151,-0.802607,-0.149308,0.167013,-0.883227,-0.090489,0.064933,-1.0,-0.170185,0.196066,-0.87424,-0.145676,-0.039509,-0.8305,-0.196848,-0.211909,-0.746973,-0.08195,0.020813,-0.578975,-0.019706,-0.107253,-0.538723,0.00944,0.063541,-0.16851,0.074928,0.143002,-0.054043,-0.091351,0.081207,-0.02238,-0.10432,0.104354,0.185673,-0.083243,0.074423,0.127668,-0.192971,0.161253,0.262434,-0.304259,0.029181,0.071518,-0.335605,0.06335,-0.075403,-0.531405,-0.001581
W,0.0,0.0,0.0,-0.12088,0.091838,0.241355,-0.287576,0.096745,0.160445,-0.489681,-0.29753,0.194003,-0.693162,0.016291,0.050987,-0.600206,-0.097115,0.041443,-0.951884,-0.059586,0.035931,-1.0,0.127526,0.177434,-0.886381,-0.194916,0.183045,-0.821531,0.029424,0.098895,-0.613879,-0.036365,-0.123397,-0.362283,0.31164,-0.036228,-0.325644,0.17144,-0.134012,-0.128886,0.112441,0.04923,0.158518,0.106294,0.165627,0.170053,-0.020105,0.178909,0.355227,0.085508,0.244132,0.342536,-0.087406,0.223521,0.306192,-0.194384,0.117545,0.334814,-0.276461,0.208936,0.115356,-0.611636,0.252754
W,0.0,0.0,0.0,-0.321472,-0.212577,0.068063,-0.463403,-0.188779,-0.027454,-0.524151,-0.174148,0.115173,-0.885334,-0.350658,-0.019632,-0.772336,-0.259612,-0.030472,-0.843811,-0.226748,0.063402,-1.0,-0.172566,0.118207,-0.780597,-0.201518,-0.037863,-0.742023,-0.091528,0.003206,-0.582474,-0.048294,-0.075049,-0.454134,-0.11137,-0.014001,-0.453745,-0.130856,0.001659,-0.245138,-0.056371,0.11978,-0.17137,-0.027597,-0.042309,0.209926,-0.154576,-0.061701,0.070862,-0.141946,0.150434,0.218212,-0.188168,0.136944,0.21228,-0.314773,-0.017464,0.073136,-0.503112,0.108679,0.071131,-0.453615,-0.099936
W,0.0,0.0,0.0,-0.192743,-0.163095,0.076449,-0.601624,-0.101693,0.109263,-0.498242,-0.040014,-0.029878,-0.835899,-0.145479,0.024413,-0.810249,-0.132186,-0.044,-1.0,0.005427,-0.02164,-0.837247,0.021357,-0.107122,-0.992384,-0.040219,-0.094333,-0.751987,-0.040178,-0.083674,-0.70246,0.117259,-0.047792,-0.5365,0.030854,-0.114633,-0.373434,0.071927,-0.142272,-0.261045,0.101655,0.091923,-0.145392,-0.046877,0.077321,0.040728,-0.070628,0.019167,0.086898,0.152993,-0.050574,0.235716,-0.100961,0.103926,0.103653,-0.216776,-0.169003,0.174931,-0.390137,0.032367,0.06066,-0.529025,-0.071701
W,0.0,0.0,0.0,-0.012557,0.079635,-0.219111,-0.155636,-0.106519,-0.289802,-0.483941,0.037269,-0.353213,-0.574239,-0.115367,0.195416,-0.53257,-0.337246,0.027931,-0.940058,-0.12308,-0.239366,-1.0,0.098848,-0.487908,-0.952601,0.07248,-0.480565,-0.794887,-0.100542,-0.226172,-0.602456,0.200805,-0.529023,-0.359165,0.034415,-0.060933,-0.244036,0.042764,-0.267599,0.097059,0.216961,-0.168251,0.115796,-0.039204,-0.051595,0.461394,0.091305,0.077223,0.419988,0.190865,-0.067375,0.508466,-0.16427,-0.263886,0.434933,-0.306774,-0.058015,0.395422,-0.190573,-0.191933,0.272135,-0.765024,-0.283753
W,0.0,0.0,0.0,-0.277019,-0.3505,-0.253699,-0.429489,-0.31216,-0.055878,-0.569562,-0.427108,0.129289,-0.579287,-0.261436,-0.030525,-0.90245,-0.343951,0.006977,-0.825195,-0.257255,0.064604,-0.882424,-0.175216,-0.075875,-1.0,-0.116002,0.096513,-0.794904,-0.239029,-0.066083,-0.734523,-0.154233,-0.099234,-0.624074,-0.195001,-0.099059,-0.413206,-0.069639,-0.045552,-0.179597,-0.136699,-0.113092,-0.175001,-0.060945,-0.060569,-0.015977,-0.079428,-0.037044,-0.06678,-0.236797,-0.047909,0.101252,-0.351772,-0.19012,-0.007568,-0.479981,0.017975,0.075773,-0.579601,-0.058277,0.07721,-0.671173,-0.088345
W,0.0,0.0,0.0,0.011888,-0.022433,-0.07748,-0.377121,0.007615,0.047453,-0.699313,-0.108763,-0.022281,-0.849185,-0.163741,-0.050498,-0.765146,-0.156473,0.171877,-0.899179,-0.196656,-0.067149,-1.0,-0.046851,-0.205524,-0.888513,-0.157759,0.177367,-0.758027,0.065982,-0.080098,-0.848845,0.038608,-0.043295,-0.548875,0.059977,0.001244,-0.267212,0.114271,0.019133,0.065305,-0.014979,0.211648,0.333797,-0.013729,0.100946,0.47706,0.153151,-0.146375,0.364714,-0.145647,0.144675,0.538245,-0.327362,-0.043256,0.245428,-0.332295,-0.023381,0.400815,-0.264594,0.004642,0.188524,-0.53132,-0.097208
W,0.0,0.0,0.0,-0.206001,-0.195843,0.249925,-0.487531,-0.276572,0.109499,-0.6567,-0.032337,0.315347,-0.689693,-0.274175,0.184435,-0.702714,-0.257138,0.053387,-0.865581,-0.224311,0.120277,-1.0,-0.177436,0.159763,-0.969143,-0.081358,0.191654,-0.678546,-0.166016,0.17413,-0.570862,0.1115,0.069712,-0.539438,-0.162543,0.092386,-0.119461,0.054622,0.087087,-0.048605,-0.114264,0.114487,0.162039,0.046366,0.119802,0.419497,-0.227608,0.227399,0.423044,-0.014012,0.210078,0.463664,-0.251089,0.365331,0.40446,-0.249102,0.031865,0.286456,-0.456581,0.18216,0.113359,-0.868595,-0.0989
W,0.0,0.0,0.0,-0.107309,-0.425733,0.367814,-0.30135,-0.565948,0.498826,-0.666286,-0.295615,0.447685,-0.759503,-0.590028,0.517067,-0.938113,-0.502936,0.367939,-0.878212,-0.42417,0.410401,-0.848072,-0.323336,0.334768,-0.908095,-0.522849,0.285814,-0.714211,-0.544995,0.312346,-0.706266,-0.40847,0.281717,-0.659029,-0.121527,0.381849,-0.359618,-0.284694,0.3282,-0.109799,-0.32394,0.331875,0.155832,-0.313519,0.381451,0.35013,-0.390095,0.441621,0.542261,-0.383941,0.587555,0.311646,-0.599941,0.424556,0.479763,-0.702377,0.42537,0.405453,-0.672385,0.210048,0.265029,-1.0,0.386924
W,0.0,0.0,0.0,-0.201931,-0.137577,-0.082652,-0.160975,-0.098433,-0.020602,-0.492644,-0.117586,0.099957,-0.590515,-0.069741,-0.060709,-0.698446,-0.14773,-0.017254,-0.643506,0.033784,-0.089072,-0.819637,-0.166088,-0.126588,-1.0,0.04438,-0.192321,-0.738932,-0.036483,-0.050332,-0.496623,0.158431,-0.249004,-0.414691,-0.014343,-0.111906,-0.228744,0.050395,-0.082628,-0.205276,0.162983,-0.093743,-0.050672,0.074688,0.028576,-0.004164,0.041586,-0.078999,0.25821,-0.106181,-0.107813,0.178349,-0.129095,0.002935,0.176958,-0.237094,-0.120144,0.142543,-0.395946,-0.151919,-0.029019,-0.479705,-0.018001
W,0.0,0.0,0.0,-0.238428,-0.03431,-0.209862,-0.378782,-0.14902,-0.218051,-0.607364,-0.391698,-0.078643,-0.671936,-0.259477,-0.096493,-1.0,-0.1317,-0.089007,-0.924172,-0.020938,-0.174825,-0.811101,-0.128221,0.002673,-0.914245,-0.225866,-0.25653,-0.838877,-0.184737,-0.09027,-0.593019,-0.126982,-0.172015,-0.516856,0.123285,-0.085165,-0.362266,-0.076824,-0.099641,-0.144674,-0.021607,0.14723,0.059315,-0.031627,-0.097213,0.268741,0.104649,0.040459,0.386167,-0.216869,-0.023703,0.211809,-0.105554,0.06011,0.21788,-0.364146,-0.153883,0.275625,-0.444377,-0.082902,0.103702,-0.388778,-0.01893
W,0.0,0.0,0.0,-0.350252,0.123292,0.197912,-0.243972,0.088431,-0.000957,-0.660788,-0.210317,0.207187,-0.70882,-0.036179,0.24279,-1.0,0.211941,0.240186,-0.782579,0.07508,0.258686,-0.907515,-0.035414,0.095744,-0.945056,0.052434,-0.133016,-0.839823,0.178549,-0.023629,-0.809459,0.165728,0.162901,-0.532283,0.227061,0.149952,-0.356918,0.200713,0.160993,-0.112511,0.182831,0.234647,0.171529,0.216901,-0.021977,0.070279,0.179841,0.158548,0.451963,-0.12306,0.339317,0.279604,0.055592,0.157342,0.258647,-0.180057,0.052454,0.190634,-0.234027,0.335142,0.145669,-0.531476,-0.018225
W,0.0,0.0,0.0,-0.21182,-0.170194,0.165945,-0.46505,-0.079372,0.028295,-0.586008,-0.312646,0.210141,-0.772044,-0.336577,0.176225,-0.814118,-0.187903,0.028291,-1.0,-0.347161,0.161198,-0.901474,-0.132749,0.073165,-0.829146,0.109581,0.146557,-0.952769,0.122681,0.121425,-0.694557,0.068863,0.167573,-0.738155,0.051375,-0.036848,-0.327842,-0.001297,0.411487,-0.10873,-0.041201,0.22993,-0.054786,0.057423,0.147655,-0.05674,-0.062006,0.066814,-0.018514,-0.127654,0.156475,0.121058,-0.0617,0.207788,0.267885,-0.231555,0.201083,0.219641,-0.25716,-0.093002,0.132604,-0.587206,0.226652
W,0.0,0.0,0.0,-0.219575,-0.027997,-0.167952,-0.366719,0.071092,-0.005265,-0.509606,-0.289776,0.145918,-0.815129,-0.166377,-0.039051,-0.754176,-0.234398,-0.037656,-1.0,0.01127,-0.250036,-0.951224,-0.05855,-0.173627,-0.723895,0.046439,-0.134711,-0.851487,-0.043743,-0.333035,-0.736615,-0.018198,-0.110138,-0.459094,0.006481,-0.250392,-0.252533,-0.00969,-0.088721,-0.100248,0.141308,-0.205036,-0.030045,0.014478,-0.126946,0.080669,-0.097411,-0.202398,0.163206,-0.035811,0.006446,0.307406,-0.215227,-0.099461,0.403565,-0.218749,-0.359906,0.127689,-0.470967,0.004022,0.160642,-0.68968,-0.10304
W,0.0,0.0,0.0,-0.227041,-0.095327,0.035867,-0.467401,-0.18062,0.050292,-0.689546,-0.233306,0.104443,-0.657923,-0.292473,0.004212,-0.795446,-0.219605,0.061517,-0.92278,-0.242318,-0.011937,-1.0,-0.129513,0.082878,-0.723522,-0.080819,0.026135,-0.745295,-0.119232,-0.043015,-0.636061,-0.041413,-0.072891,-0.56546,-0.103625,0.097633,-0.460463,0.09019,0.135675,-0.374343,-0.08547,0.121324,-0.168102,-0.076919,0.096679,-0.079943,-0.019923,0.084757,0.033209,-0.112223,0.197736,0.027067,-0.20312,0.126156,-0.022151,-0.308275,0.015811,0.02767,-0.276557,-0.07868,-0.032133,-0.493634,0.129724
W,0.0,0.0,0.0,-0.205051,-0.086667,0.296284,-0.458285,-0.236881,-0.009729,-0.615211,-0.340231,-0.027931,-0.701198,-0.280738,-0.022987,-1.0,-0.205692,-0.001623,-0.72281,-0.280815,0.024553,-0.999036,-0.381968,-0.158362,-0.793984,-0.053472,-0.140234,-0.79403,-0.009143,-0.189929,-0.708461,-0.161599,-0.034162,-0.407219,-0.036144,0.026292,-0.574367,0.0094,-0.010965,0.071758,-0.006401,-0.009062,0.219959,-0.10386,0.081997,0.02589,-0.2137,-0.002873,0.250893,-0.350509,-0.103431,0.327981,-0.474652,0.13808,0.510736,-0.416815,0.064848,0.00895,-0.509067,-0.001809,0.171006,-0.83907,-0.052148
W,0.0,0.0,0.0,-0.182757,0.055026,0.146668,-0.486772,-0.071818,-0.004197,-0.665399,-0.173516,0.079149,-0.580748,0.007966,0.124994,-0.904409,-0.18663,0.035702,-0.853213,-0.029029,0.056903,-0.913979,-0.02849,-0.038916,-1.0,-0.035752,0.002977,-0.807709,-0.105791,-0.043582,-0.73358,0.177702,0.024994,-0.79797,0.090525,-0.109416,-0.501324,-0.101749,0.089553,-0.124347,-0.037332,0.137684,0.11927,0.052089,-0.014723,0.051415,0.128473,0.194305,0.139321,-0.117567,0.103457,0.173538,-0.109737,0.038085,0.189936,-0.382094,0.082084,0.215825,-0.348323,0.035156,-0.12272,-0.407399,0.079513
W,0.0,0.0,0.0,-0.470834,0.177312,-0.071664,-0.436666,0.125956,0.007359,-0.689104,0.067672,0.09456,-0.767061,0.112098,-0.123427,-0.896305,0.00092,0.057004,-0.920803,0.019051,-0.026232,-1.0,0.133988,-0.036529,-0.947626,0.014127,0.044226,-0.775982,0.184316,-0.056794,-0.695442,0.148385,0.010455,-0.784357,0.081874,-0.154099,-0.399417,0.26256,-0.057681,-0.267098,0.216288,-0.152749,-0.230821,0.103551,-0.110799,-0.106377,0.043902,-0.019773,0.208383,0.148656,-0.076521,0.090211,0.19516,-0.048356,0.044613,-0.108845,-0.076883,0.006418,-0.197046,0.063247,-0.140043,-0.29164,0.010927
W,0.0,0.0,0.0,-0.279179,-0.006401,0.027054,-0.172327,-0.414528,0.227969,-0.481193,-0.226294,-0.080114,-0.64394,-0.170279,-0.165451,-0.776242,-0.34131,0.039713,-1.0,-0.135736,-0.050707,-0.848023,-0.131377,-0.04385,-0.968303,-0.123061,-0.106009,-0.781646,-0.177239,-0.281583,-0.666337,-0.162474,-0.080182,-0.516178,-0.128107,0.110703,-0.366395,-0.056833,0.111782,-0.255478,0.011039,-0.110233,-0.017887,-0.057227,0.097719,0.040236,-0.118611,-0.066507,0.292978,-0.120315,0.071768,0.197554,-0.409818,-0.020151,0.147357,-0.363861,0.108621,0.127435,-0.486326,-0.13195,0.21433,-0.572455,-0.09175
W,0.0,0.0,0.0,-0.218599,-0.245665,0.173554,-0.509235,-0.240304,0.283383,-0.788614,-0.470775,0.14693,-0.716338,-0.394781,0.133695,-0.8396,-0.143171,0.242604,-1.0,-0.159917,0.092912,-0.99029,-0.315455,0.278314,-0.913595,-0.113969,0.040507,-0.855691,-0.140207,0.002695,-0.724003,-0.300931,0.158922,-0.719041,0.012894,-0.079361,-0.455272,-0.002316,0.202804,-0.286002,-0.155996,0.252244,0.175174,-0.183217,-0.108663,0.284462,-0.15502,0.093767,0.23151,-0.008894,0.265082,0.357898,-0.302237,0.232874,0.445472,-0.538713,0.237346,0.189852,-0.586752,9.3e-05,0.116673,-0.666463,0.071471
W,0.0,0.0,0.0,-0.219728,-0.171154,0.317842,-0.264346,-0.04169,0.218587,-0.518284,-0.216883,0.277241,-0.76354,-0.011865,0.140776,-0.932937,-0.175646,0.25498,-0.667091,-0.202985,0.187676,-0.874439,-0.201267,0.07452,-1.0,0.046357,0.070637,-0.943143,-0.075898,0.225375,-0.618333,0.030139,0.259363,-0.43779,-0.204317,0.099447,-0.336116,0.038598,0.206685,0.002427,-0.061323,0.000674,-0.279395,0.072574,0.195901,-0.086087,-0.064132,0.183987,0.087624,-0.262993,0.275184,0.213529,-0.172726,0.210121,0.160699,-0.273174,0.049955,0.023302,-0.365777,0.110675,0.071556,-0.609471,0.340986
W,0.0,0.0,0.0,-0.376209,0.057536,0.125341,-0.456756,-0.094101,0.223148,-0.602526,-0.155655,0.307298,-0.737321,-0.040856,0.156548,-0.899342,0.093174,0.157699,-0.840459,-0.242954,0.16707,-1.0,0.044686,0.051773,-0.970545,-0.001671,-0.002343,-0.846297,-0.066055,0.088258,-0.750338,0.176848,0.116979,-0.711945,-0.035372,0.053215,-0.501646,0.177519,0.065722,-0.285303,0.102727,0.380256,-0.148335,0.170767,0.126956,0.068389,-0.087068,0.248019,0.035828,0.000465,0.251227,0.160753,-0.122725,0.130606,0.160485,-0.395055,0.370449,0.097861,-0.321372,0.165301,-0.11926,-0.538582,0.120204
W,0.0,0.0,0.0,-0.085147,0.031651,0.131462,-0.273658,0.1231,0.267306,-0.4662,-0.158492,-0.040357,-0.603152,0.004313,0.027588,-0.707195,-0.111535,0.012592,-0.767007,0.046603,0.10109,-1.0,0.051547,0.046742,-0.769533,-0.003178,0.019504,-0.667826,0.046469,0.150594,-0.510544,0.054251,0.020885,-0.364794,0.16422,0.046671,-0.279534,0.166135,-0.086333,0.007795,0.138783,-0.05473,0.085551,0.134052,0.127898,0.330404,0.15232,0.110628,0.375246,-0.024675,-0.036047,0.288,-0.083082,0.034534,0.317258,-0.166968,0.122036,0.306206,-0.354454,-0.108406,0.161658,-0.624901,0.076204
W,0.0,0.0,0.0,-0.125218,-0.295811,-0.134566,-0.207255,-0.259392,-0.203,-0.559885,-0.205824,0.036966,-0.639624,-0.223987,-0.192185,-0.850615,-0.358888,-0.139977,-0.792533,-0.250303,-0.070822,-0.980029,-0.124388,-0.11636,-1.0,-0.368157,-0.245443,-0.605333,-0.295264,-0.287322,-0.531133,-0.08948,-0.238342,-0.428535,-0.17167,-0.110737,-0.330586,-0.083953,-0.142238,-0.180837,-0.050497,-0.108246,0.131741,-0.11619,-0.092475,0.283933,-0.188279,-0.027093,0.235923,-0.326397,-0.050823,0.222112,-0.358391,-0.060462,0.199713,-0.358581,0.035844,0.366583,-0.620809,-0.115152,0.094977,-0.666095,-0.176264
W,0.0,0.0,0.0,-0.172314,-0.023624,0.445999,-0.479958,-0.207838,0.087156,-0.589234,-0.017512,0.143467,-0.63176,-0.14341,0.091892,-0.658187,-0.241476,0.243992,-0.772087,-0.054072,0.153576,-1.0,-0.246581,0.215223,-0.796055,-0.258025,0.010889,-0.723629,0.039175,-0.029404,-0.588502,0.057624,0.00269,-0.509133,0.020063,0.123335,-0.285356,0.053479,0.033277,-0.289914,0.07009,0.019013,-0.027831,-0.008094,0.211317,0.136227,-0.113655,0.27026,0.199762,-0.155097,0.011486,0.274551,-0.090692,0.011531,0.195343,-0.314847,0.161234,0.226361,-0.418272,0.03259,0.220223,-0.720477,0.161226
X,0.0,0.0,0.0,-0.321032,-0.236225,-0.005975,-0.466057,-0.123145,0.133743,-0.778152,0.012943,0.160848,-0.811235,-0.195103,0.049439,-0.970972,0.033335,0.010448,-1.0,-0.192774,-0.002956,-0.936544,-0.166251,0.021925,-0.914191,-0.109664,-0.128088,-0.815927,-0.062226,-0.026471,-0.677704,0.062927,-0.046922,-0.40512,0.181204,-0.045116,-0.294401,0.026224,0.04216,-0.310706,0.070538,0.03148,0.083647,-0.045065,0.192475,0.136726,-0.030073,0.162446,0.147421,-0.20713,0.149424,0.243758,-0.269204,0.168294,0.084963,-0.355113,0.179552,0.09739,-0.509084,0.130843,0.098819,-0.572942,-0.119875
X,0.0,0.0,0.0,-0.13377,-0.310847,0.226782,-0.329479,-0.394894,0.256459,-0.515011,-0.260072,0.185005,-0.329191,-0.543262,0.104709,-0.981072,-0.153029,0.081558,-0.895657,-0.365644,0.143046,-0.927833,-0.316526,0.144586,-0.76868,-0.184743,-0.132146,-0.859747,-0.12542,0.117362,-0.736219,0.023204,0.063767,-0.305078,0.131557,0.044943,-0.190596,-0.036669,0.051128,0.067034,-0.251005,0.10229,0.388505,-0.110579,0.129583,0.400705,-0.52042,0.111311,0.445873,-0.255188,0.003304,0.656154,-0.490363,0.032614,0.755578,-0.77407,-0.223761,0.331174,-0.591824,0.021886,0.468767,-1.0,0.184576
X,0.0,0.0,0.0,-0.28111,-0.251912,-0.092552,-0.295657,-0.283194,0.107578,-0.450911,-0.224533,0.033879,-0.657282,-0.116382,0.033914,-0.947265,-0.407857,-0.032584,-0.785289,-0.002766,-0.048221,-0.992377,-0.004859,-0.261768,-0.940261,-0.24272,-0.033627,-0.93272,0.036884,0.113756,-0.496764,-0.090924,-0.224628,-0.516451,-0.054488,-0.241739,-0.201704,0.079525,-0.464634,-0.02802,0.114559,0.17801,0.376931,-0.107342,0.05744,0.612414,-0.172576,-0.132522,0.772051,-0.317057,0.195041,0.670765,-0.153547,0.088717,0.690397,-0.604915,0.022939,0.612221,-0.659026,-0.350651,0.130759,-1.0,-0.18816
X,0.0,0.0,0.0,0.045525,0.057426,-0.064612,-0.390403,-0.166452,-0.152482,-0.511838,-0.132157,-0.085271,-0.493563,-0.037438,-0.033549,-1.0,0.140184,-0.091099,-0.805105,-0.209464,-0.230789,-0.84981,0.126949,-0.17097,-0.769694,-0.111028,-0.299989,-0.471448,0.147306,-0.441334,-0.47654,0.232482,-0.301127,-0.233316,0.35593,-0.386112,0.098965,0.10865,-0.280425,0.194411,0.172717,-0.139687,0.331231,0.170481,-0.161425,0.423913,-0.106152,-0.087944,0.601467,-0.134461,-0.308486,0.529457,-0.389769,-0.060134,0.545908,-0.280111,-0.2373,0.658041,-0.378947,-0.266866,0.284304,-0.67862,-0.274597
X,0.0,0.0,0.0,-0.08006,-0.324016,-0.00182,-0.356012,-0.015751,0.104429,-0.452961,-0.010877,0.056461,-0.851161,-0.2862,-0.061927,-1.0,-0.279699,-0.054993,-0.817737,-0.196125,-0.108446,-0.963268,-0.081656,-0.02217,-0.883988,-0.254834,0.074376,-0.784452,-0.155288,-0.047157,-0.643643,0.030819,0.234259,-0.485764,0.119548,-0.052546,-0.251767,0.178536,0.029134,0.149579,0.02476,0.186242,0.112687,-0.081881,0.117651,0.290689,-0.215037,0.111027,0.279129,-0.07658,0.023596,0.345468,-0.380279,0.186604,0.394511,-0.160746,0.188112,0.21315,-0.704729,-0.042603,0.105462,-0.880252,-0.096785
X,0.0,0.0,0.0,-0.232672,-0.040337,0.118725,-0.431636,-0.096924,0.217462,-0.574927,-0.028198,0.301285,-0.700629,-0.092167,0.068092,-0.876183,-0.057232,0.119088,-1.0,-0.016845,0.252785,-0.871884,0.031923,0.189533,-0.809793,0.028849,0.034833,-0.684211,0.127425,0.069017,-0.751489,0.085324,0.021748,-0.337188,0.34943,-0.046816,-0.325921,0.209882,0.28301,-0.182063,-0.046861,0.117413,-0.057523,0.168507,0.206864,0.179548,0.005286,0.074884,0.285207,-0.165711,0.103311,0.228868,-0.110579,0.172384,0.410586,-0.358052,0.078697,0.277527,-0.34688,0.016672,-0.079525,-0.350879,-0.106019
X,0.0,0.0,0.0,-0.191334,-0.029566,-0.219694,-0.215362,-0.076559,-0.172631,-0.432697,-0.346337,-0.370597,-0.757355,-0.172074,0.048174,-0.73212,-0.340358,-0.078627,-1.0,-0.166736,0.187804,-0.96303,-0.24256,-0.188813,-0.750152,0.007094,-0.051755,-0.476193,0.23578,-0.312264,-0.425781,-0.186256,-0.0616,-0.497522,-0.130339,-0.209286,0.073833,-0.04422,-0.218933,0.079839,0.078458,0.012535,0.401858,-0.07252,0.129355,0.696361,-0.174478,-0.166751,0.610308,-0.052892,-0.385781,0.86652,-0.36618,-0.221735,0.670162,-0.44192,0.022031,0.689933,-0.609904,-0.066023,0.375693,-0.754204,-0.251342
X,0.0,0.0,0.0,-0.242649,0.225887,-0.010899,-0.568688,0.058199,-0.055078,-0.655074,-0.148715,0.053554,-0.683743,0.011909,-0.250117,-1.0,0.043859,-0.204699,-0.916371,0.102442,-0.236643,-0.739477,0.015833,-0.331233,-0.820774,0.212073,-0.367225,-0.783493,0.023611,-0.332152,-0.474676,0.093139,-0.392625,-0.460548,0.405045,-0.128362,-0.390445,0.066988,-0.204123,-0.120054,0.400647,-0.436591,0.168068,0.238649,0.027368,0.401422,0.179414,-0.104261,0.602895,0.07984,-0.034668,0.608715,0.049026,-0.390696,0.302759,-0.142263,0.066975,0.419299,-0.409713,-0.083741,0.382763,-0.466709,-0.238123
X,0.0,0.0,0.0,-0.15231,-0.0575,-0.007315,-0.396383,-0.127073,0.12201,-0.638856,-0.240709,-0.16345,-0.690384,-0.146023,-0.279966,-0.730209,-0.283363,-0.052469,-0.872509,-0.43606,-0.377373,-1.0,0.024887,-0.357921,-0.705229,-0.23799,-0.417159,-0.677469,-0.012937,-0.386983,-0.679171,0.058794,-0.240372,-0.304875,0.014696,-0.081591,-0.294624,0.116684,-0.289806,0.047342,0.106006,-0.235979,0.221873,0.058314,-0.043446,0.233824,-0.102945,0.101575,0.299951,-0.138028,-0.095656,0.452307,-0.114972,-0.148458,0.421132,-0.315052,-0.14652,0.204548,-0.519221,-0.141295,-0.014952,-0.76044,-0.098344
X,0.0,0.0,0.0,-0.138901,-0.117539,0.183255,-0.401502,-0.167883,0.385737,-0.505149,-0.050533,0.166772,-1.0,-0.135244,0.398233,-0.811137,-0.265935,0.168165,-0.754884,-0.154799,0.051532,-0.990695,-0.04712,0.440316,-0.946356,-0.008759,0.140584,-0.820927,0.057592,0.275057,-0.425493,-0.034269,-0.101146,-0.287187,0.014762,0.140787,-0.162964,-0.065135,0.105392,0.201025,0.109791,0.10037,0.117984,-0.055042,0.127227,0.381009,0.129071,0.147399,0.48687,-0.097738,0.241773,0.66088,-0.360509,0.098525,0.421004,-0.538438,0.15138,0.384285,-0.621232,0.172281,0.285652,-0.822749,0.142784
X,0.0,0.0,0.0,-0.12458,0.00073,0.074198,-0.326513,-0.074704,-0.249895,-0.525864,0.126228,-0.121104,-0.611761,-0.100332,-0.224036,-1.0,-0.163197,0.044399,-0.848361,0.034532,-0.514252,-0.796031,-0.018128,-0.314629,-0.966236,0.100239,-0.204043,-0.619876,0.225755,-0.278761,-0.616685,0.078824,-0.228514,-0.249233,0.125153,-0.405192,0.044254,0.179416,-0.384044,0.055527,0.288017,0.038117,0.548363,-0.096135,-0.154606,0.692242,-0.125274,0.107223,0.436391,0.046676,-0.161054,0.748319,-0.169773,-0.250255,0.747221,-0.381348,-0.081721,0.464618,-0.5696,-0.127568,0.273515,-0.569739,-0.204335
X,0.0,0.0,0.0,-0.373459,-0.050936,0.053879,-0.375023,0.035803,0.095698,-0.783744,-0.154598,0.086528,-0.892248,-0.125851,0.042179,-0.745298,-0.125374,-0.136294,-0.890803,0.013033,0.193809,-1.0,-0.17458,-0.012941,-0.856859,0.04617,-0.106421,-0.765746,0.041188,-0.133977,-0.769701,0.033329,-0.087016,-0.442391,0.080743,-0.113507,-0.283612,0.081589,-0.105778,-0.134048,0.135901,-0.021084,0.134929,0.153287,0.060985,0.063061,-0.186301,-0.083631,0.250531,-0.180988,0.069917,0.106915,-0.208855,-0.02356,0.236961,-0.220695,-0.151148,0.205355,-0.453071,0.070882,0.081192,-0.612147,0.093205
X,0.0,0.0,0.0,-0.134883,-0.14247,0.219752,-0.295559,-0.01187,0.204214,-0.319703,0.141321,0.021275,-0.444044,-0.039024,0.145516,-0.80372,-0.002106,0.294341,-0.751568,0.134363,-0.045803,-0.884918,0.05558,0.088628,-0.713613,0.326318,-0.090787,-0.56229,0.216622,-0.074777,-0.442456,0.112413,0.014426,-0.379638,0.436829,-0.033596,-0.068379,0.011109,-0.013948,0.219933,0.249144,0.043233,0.815886,0.00274,0.181808,0.658151,-0.084237,0.085546,1.0,-0.086055,0.385212,0.71939,-0.147575,0.068391,0.567242,-0.457713,0.008726,0.679491,-0.405685,8.3e-05,0.656742,-0.758562,0.067541
X,0.0,0.0,0.0,-0.098452,-0.134693,-0.095394,-0.199572,-0.087561,0.06191,-0.46966,-0.167432,-0.041634,-0.716087,-0.145442,-0.020829,-0.828374,-0.411377,-0.182775,-0.967455,-0.231904,0.092853,-1.0,0.023351,-0.104806,-0.846029,-0.133263,-0.15275,-0.846183,-0.163734,-0.027004,-0.393039,0.158278,-0.000806,-0.269955,-0.000263,-0.228092,-0.284579,0.141059,-0.07739,0.259048,0.129014,0.138762,0.381811,0.059518,-0.082896,0.362697,-0.115159,0.211048,0.678576,-0.328715,0.067279,0.858627,-0.279756,0.184596,0.562187,-0.326316,-0.318431,0.293491,-0.904353,-0.011275,0.185231,-0.98591,-0.176202
X,0.0,0.0,0.0,-0.450067,-0.204561,-0.109385,-0.516823,-0.286938,-0.094476,-0.774457,-0.358886,-0.109054,-0.74091,-0.320339,0.076063,-0.847957,-0.140953,-0.200786,-1.0,-0.403336,0.115021,-0.959826,-0.272617,-0.161509,-0.866256,-0.212516,-0.307188,-0.788601,0.014503,-0.178332,-0.588151,-0.151795,-0.15465,-0.464274,-0.099923,-0.257194,-0.347826,-0.131932,-0.172725,-0.077469,-0.055963,-0.070237,0.105869,-0.113222,-0.151565,0.278123,-0.359853,-0.149226,0.226238,-0.342308,0.000621,0.38899,-0.364762,0.045638,0.353086,-0.645323,-0.069112,0.131815,-0.720629,-0.061961,0.070755,-0.769977,-0.13871
X,0.0,0.0,0.0,0.016189,-0.156157,-0.088988,-0.219756,-0.149323,-0.050143,-0.408392,0.085159,0.033324,-0.520107,-0.223515,-0.146664,-0.810477,-0.127663,-0.00385,-0.71727,0.024364,0.079427,-1.0,-0.141238,0.090417,-0.663429,0.004948,-0.373006,-0.726487,0.162512,-0.191692,-0.355055,0.057439,0.105898,-0.225012,-0.039743,-0.055437,-0.0032,0.062832,-0.068129,0.307914,0.088443,-0.162755,0.392575,0.001007,0.011506,0.649547,-0.123416,-0.211857,0.850279,-0.074652,-0.141243,0.508057,-0.259305,0.018535,0.313448,-0.263964,-0.119039,0.653901,-0.448939,0.023712,0.315785,-0.623031,0.045715
X,0.0,0.0,0.0,0.042482,-0.197073,-0.118566,-0.179856,-0.205,-0.099347,-0.553039,-0.359985,0.006514,-0.971595,-0.184002,-0.164996,-0.630467,-0.274254,-0.10821,-0.82161,-0.12208,-0.045075,-1.0,-0.109497,-0.091171,-0.772,-0.011684,-0.194826,-0.764925,0.037921,-0.338408,-0.448137,-0.124037,0.029198,-0.44661,-0.12418,0.147877,0.054332,-0.050186,-0.212801,0.013095,0.06056,-0.012806,0.245259,0.167225,-0.099622,0.217615,0.204521,0.10549,0.485998,-0.156195,0.022206,0.356458,-0.29494,0.043203,0.540174,-0.686523,-0.009859,0.455681,-0.578168,-0.196476,0.405314,-0.731117,-0.119125
X,0.0,0.0,0.0,-0.058856,0.006018,-0.389809,-0.327152,0.109489,-0.148529,-0.609493,-0.181476,-0.079844,-0.913378,0.025487,-0.071894,-0.875678,-0.016277,-0.446771,-1.0,-0.008859,-0.379182,-0.755907,0.001236,-0.287465,-0.638035,0.244303,-0.072952,-0.575716,0.254091,-0.36684,-0.713583,0.303044,-0.337592,-0.617968,0.28774,-0.235707,-0.300955,0.397706,-0.326764,0.28075,0.37197,-0.088212,0.145851,0.206362,-0.138969,0.315286,0.122533,0.039633,0.354643,0.079159,-0.207035,0.28464,0.031288,-0.114559,0.527811,-0.320958,-0.252595,0.370511,-0.278591,-0.088091,0.174215,-0.462227,-0.055279
X,0.0,0.0,0.0,-0.13398,0.041787,-0.016284,-0.450552,-0.066648,0.237013,-0.705336,-0.226599,0.117772,-0.698955,-0.1792,0.08497,-0.895374,-0.456823,0.053657,-0.897044,-0.309068,-0.048459,-0.772126,-0.125498,0.012294,-0.921988,0.007432,0.206121,-0.631447,0.035957,-0.023228,-0.598972,0.130172,-0.062537,-0.149572,0.243933,-0.090551,-0.050926,-0.008618,0.123256,-0.033063,0.064255,0.086844,0.319851,-0.113737,0.110022,0.394113,-0.19261,0.205185,0.629006,-0.153964,0.068566,0.439779,0.001387,0.172078,0.366638,-0.578947,-0.002571,0.305818,-0.524049,0.015553,0.333812,-1.0,0.037303
X,0.0,0.0,0.0,-0.301408,0.148956,0.070897,-0.434176,-0.018795,0.137081,-0.653057,-0.051403,0.153494,-0.64817,0.051938,0.113896,-0.731344,-0.002147,0.109297,-0.765308,0.02805,0.039018,-0.802488,0.011442,0.174022,-1.0,0.153153,-0.024137,-0.684127,0.323198,-0.084733,-0.70878,0.326151,0.003556,-0.419551,0.213625,0.006014,-0.322125,0.220547,-0.014115,0.028356,0.176853,0.217591,0.147298,0.098897,0.020204,0.180128,0.066611,0.067215,0.35233,0.082406,0.255531,0.194366,-0.214078,0.059829,0.365902,-0.214956,0.259829,0.134038,-0.227259,0.07476,-0.123189,-0.477575,0.094775
X,0.0,0.0,0.0,-0.173453,-0.320018,-0.009553,-0.473906,-0.008369,0.154737,-0.55388,-0.097424,-0.129973,-0.822567,-0.15157,0.066872,-0.835907,-0.305926,0.161701,-1.0,-0.308649,0.110836,-0.984862,0.04823,-0.191136,-0.868834,-0.082017,0.009434,-0.805449,0.10707,-0.092207,-0.622719,0.197786,0.162248,-0.404892,0.043029,-0.043785,-0.155832,-0.06034,-0.108681,-0.134748,-0.008367,0.187009,-0.047829,0.113628,0.022266,0.353651,-0.115824,0.031405,0.540107,-0.129121,0.234045,0.144216,-0.134502,0.075593,0.246643,-0.223815,-0.034351,0.333476,-0.569492,-0.041379,0.244728,-0.364654,-0.113894
X,0.0,0.0,0.0,-0.217921,-0.261275,-0.123451,-0.510722,-0.215422,-0.039008,-0.699884,-0.331248,-0.030058,-0.684443,-0.370675,0.046896,-0.813224,-0.304375,0.003046,-0.800083,-0.257983,-0.124802,-1.0,-0.270239,-0.006245,-0.859612,-0.300793,0.013601,-0.769267,-0.06474,-0.061099,-0.691006,-0.193645,-0.208089,-0.465239,-0.015368,0.074092,-0.185945,-0.23745,-0.091098,-0.314414,0.024209,-0.066323,0.054422,-0.124629,-0.014309,0.103293,-0.150908,-0.094568,0.268202,-0.213846,0.043341,0.253349,-0.239854,0.15861,0.08713,-0.572311,-0.05203,0.108618,-0.534563,-0.019757,0.056171,-0.869863,-0.073786
X,0.0,0.0,0.0,-0.279989,-0.192273,0.071707,-0.508761,-0.262475,0.076688,-0.661061,-0.107488,0.075307,-0.778302,-0.171561,0.070321,-0.787074,-0.10628,-0.045523,-0.950603,-0.273856,0.150607,-1.0,-0.178818,0.153062,-0.937563,-0.156473,0.023062,-0.78497,-0.113129,-0.019014,-0.591114,0.079274,-0.025516,-0.406987,0.097915,-0.076636,-0.16124,0.084605,0.117727,-0.16438,0.08843,0.043308,0.083146,-0.062135,-0.00721,0.220511,-0.057642,0.149642,0.049028,-0.230371,0.014818,0.318244,-0.136898,0.059763,0.213702,-0.34798,-0.061615,0.096954,-0.568842,-0.03308,-0.048667,-0.46474,-0.010591
X,0.0,0.0,0.0,0.142995,-0.104298,-0.174538,-0.471364,-0.002395,0.154068,-0.632762,-0.193197,-0.035238,-0.856965,-0.407252,0.099407,-0.677805,-0.158997,0.174707,-1.0,-0.104133,-0.003142,-0.94382,-0.061902,0.041597,-0.747491,-0.122115,0.178408,-0.680178,-0.152513,-0.056979,-0.583008,0.099617,0.219169,-0.526644,-0.030042,0.166912,-0.146146,0.002377,0.12242,-0.086018,0.072598,0.127141,0.276476,0.083467,0.115705,0.401313,-0.091148,-0.092441,0.606487,-0.1403,0.209982,0.551689,-0.17252,0.158464,0.450092,-0.669782,-0.0406,0.341021,-0.612981,0.002699,0.198786,-0.892408,0.146006
X,0.0,0.0,0.0,-0.129406,-0.157026,0.07929,-0.494597,-0.299535,-0.141451,-0.382937,-0.659116,0.189628,-0.709781,-0.485428,0.119756,-0.956082,-0.231339,0.063522,-0.86674,-0.287142,0.184428,-1.0,-0.277746,-0.014083,-0.835871,-0.280358,-0.242154,-0.667036,-0.074316,0.148626,-0.405941,-0.065102,-0.111119,-0.227179,-0.141339,0.078379,-0.303782,0.173084,-0.107639,-0.056095,-0.268857,-7.6e-05,0.275654,-0.166874,-0.023695,0.204691,-0.137807,0.169452,0.466221,-0.184622,-0.036734,0.404335,-0.397191,0.223782,0.577672,-0.421517,0.141417,0.257683,-0.644552,-0.159325,0.285167,-0.838745,0.215562
X,0.0,0.0,0.0,-0.323347,-0.064981,0.065536,-0.587022,-0.060823,-0.139728,-0.656267,-0.174855,-0.053704,-0.760967,-0.299875,0.174482,-0.913709,-0.178189,0.044386,-1.0,-0.009627,0.151747,-0.940815,0.132411,0.143293,-0.945128,0.026272,-0.038138,-0.870794,0.282802,-0.130321,-0.518881,0.094343,0.092676,-0.358906,0.173174,0.010918,-0.355502,0.252506,0.124462,0.151175,0.126848,0.310266,0.144154,0.066806,0.061531,0.310509,-0.123124,-0.032298,0.275536,-0.024395,0.284117,0.36905,-0.191836,-0.004176,0.488377,-0.28933,0.172977,0.188547,-0.485202,-0.000858,0.132429,-0.530903,-0.075795
X,0.0,0.0,0.0,-0.288561,0.082489,-0.399845,-0.343724,-0.193862,-0.183304,-0.576711,-0.092772,-0.102568,-0.736488,-0.173248,-0.135906,-0.893415,0.047991,-0.400767,-0.972319,-0.022427,-0.3024,-0.851152,-0.073847,-0.206189,-1.0,0.232127,-0.275622,-0.969374,0.260447,-0.273304,-0.581518,0.083153,-0.447291,-0.313186,-0.001251,-0.405706,-0.058295,0.021651,-0.457518,0.144273,0.143826,-0.044388,0.239653,-0.06234,-0.07602,0.266172,-0.071217,-0.236241,0.54641,-0.002851,-0.07167,0.236052,-0.295981,-0.074348,0.403962,-0.336219,-0.068488,0.387722,-0.528605,-0.292916,0.406526,-0.870139,-0.087965
X,0.0,0.0,0.0,-0.309454,-0.30751,0.263512,-0.642338,-0.103944,0.101293,-0.554169,-0.353095,0.068911,-0.696941,-0.111069,0.081035,-0.855399,0.079523,0.257381,-0.816191,-0.020055,0.122324,-1.0,-0.031727,0.289574,-0.752745,-0.029515,-0.198846,-0.64883,0.164274,-0.038758,-0.642376,-0.123136,0.166107,-0.415484,0.151814,-0.082416,-0.321285,0.297232,0.027989,-0.037348,0.439007,0.218516,0.146585,0.151021,-0.043357,0.33227,-0.096552,0.205513,0.642993,-0.288364,0.371941,0.566676,-0.32788,0.037371,0.364151,-0.450367,0.026468,0.143031,-0.526282,0.170991,0.135424,-0.630827,0.180677
X,0.0,0.0,0.0,-0.199454,0.150716,0.149785,-0.199049,-0.043209,0.315468,-0.434472,-0.079585,0.074418,-0.613659,-0.093933,0.130354,-0.97433,-0.051669,0.357387,-1.0,-0.065499,-0.073643,-0.717843,0.135244,0.136873,-0.653751,0.056127,0.007153,-0.616773,0.093784,0.086283,-0.387846,0.15195,0.081998,-0.302713,0.219569,0.172125,0.006263,0.072307,0.023012,0.272295,0.0474,0.149975,0.199202,0.157392,0.077906,0.372231,-0.078078,0.290257,0.584681,-0.133741,0.434838,0.696482,-0.410283,0.130262,0.371146,-0.375936,0.32234,0.529146,-0.502316,0.113626,0.386835,-0.83357,0.120348
X,0.0,0.0,0.0,-0.003173,0.125838,-0.060188,-0.535816,0.004262,0.433001,-0.546191,0.104503,0.222094,-0.932219,0.158432,0.268791,-0.788998,0.187729,0.327777,-1.0,0.055727,0.135975,-0.886461,0.108049,0.094652,-0.93909,0.102568,0.083265,-0.650055,0.057722,0.040662,-0.588488,0.401327,-0.016734,-0.515534,0.409904,0.111262,-0.25699,0.362905,-0.13536,-0.003266,0.256408,0.187526,0.09259,0.079958,0.330249,0.334659,0.125273,0.086725,0.315649,-0.05689,0.314298,0.377049,-0.139837,0.348938,0.660135,-0.424329,-0.114048,0.22926,-0.523611,0.153317,0.158499,-0.589657,0.165785
X,0.0,0.0,0.0,0.197462,-0.02376,0.122461,-0.278937,-0.09374,0.051714,-0.520791,-0.114272,0.323604,-0.63911,-0.162014,0.181949,-0.825744,-0.023071,0.014312,-0.857184,0.008878,-0.179802,-0.982382,-0.034077,-0.063411,-0.991529,-0.310435,0.099415,-1.0,0.410145,-0.108184,-0.558701,-0.061053,-0.317163,-0.332566,0.229203,0.161009,-0.153793,0.261552,-0.282567,0.209603,0.259986,-0.113396,0.808478,0.241149,0.15138,0.680734,-0.08954,0.036404,0.914294,-0.048547,-0.012443,0.804242,-0.469068,0.428521,0.730706,-0.669206,-0.312858,0.637687,-0.558416,-0.005227,0.515618,-0.720176,0.053291
X,0.0,0.0,0.0,-0.179008,0.052829,-0.064403,-0.396309,-0.229037,0.162903,-0.40401,-0.044256,0.156437,-0.713838,-0.09495,0.102952,-0.837817,-0.245665,0.015649,-0.940864,-0.107581,-0.022822,-0.823526,-0.050708,-0.033109,-0.865676,-0.16634,-0.076581,-0.650744,-0.170911,-0.289483,-0.525135,-0.074924,0.040099,-0.150702,-0.062666,-0.260616,-0.016918,0.086327,0.017626,0.219024,-0.005082,-0.01554,0.412353,0.052026,0.281253,0.497109,-0.042451,0.164671,0.796514,-0.087294,0.030856,0.502759,-0.275318,-0.07893,0.61833,-0.402492,0.083199,0.232309,-0.436954,-0.145697,0.139492,-1.0,-0.119464
X,0.0,0.0,0.0,-0.077705,0.082065,-0.072082,-0.440391,-0.137341,-0.064424,-0.391643,-0.116093,0.048049,-0.699635,-0.021072,-0.039465,-0.831877,-0.074092,-0.207877,-1.0,-0.124834,0.042174,-0.556944,-0.111744,-0.154029,-0.829551,-0.206243,-0.326323,-0.77424,-0.029275,-0.020977,-0.636466,-0.075604,-0.255557,-0.270432,0.012423,-0.163675,-0.229105,0.034243,-0.062455,0.200235,0.14252,0.02869,0.074341,0.080682,0.119614,0.29204,-0.028529,0.072238,0.571771,0.01037,-0.148628,0.465634,-0.303073,-0.057255,0.248509,-0.399766,-0.142419,0.280389,-0.464179,-0.050868,0.251476,-0.728874,-0.301096
X,0.0,0.0,0.0,-0.27419,-0.096049,0.066261,-0.56484,-0.091962,0.027351,-0.654383,-0.2381,0.026625,-0.823964,-0.114004,-0.046432,-1.0,-0.12782,0.179434,-0.927286,-0.167449,0.121944,-0.90499,-0.130602,0.085791,-0.9635,-0.106963,-0.069246,-0.521933,-0.123553,-0.222465,-0.628129,0.138953,-0.027608,-0.547051,-0.090999,-0.160769,-0.295752,0.052837,-0.096114,-0.158732,-0.017732,0.013775,0.05159,0.031452,0.015064,-0.041596,-0.08498,-0.064474,0.359853,-0.274838,-0.179553,0.306721,-0.241688,0.004081,0.239117,-0.389354,-0.075827,0.135223,-0.609135,0.079985,-0.066981,-0.758509,-0.051995
X,0.0,0.0,0.0,-0.320495,-0.276647,0.293315,-0.43544,-0.322897,0.514118,-0.640033,-0.516603,0.288512,-0.86685,-0.257324,0.37017,-0.870469,-0.263493,0.15718,-0.803228,-0.342372,0.455072,-0.952787,-0.280946,0.190995,-0.7725,0.000932,0.22733,-0.454142,-0.22288,0.142665,-0.667344,-0.142644,0.088936,-0.498796,0.058085,0.259517,-0.144071,-0.010144,0.170169,0.096351,-0.006412,0.255522,0.318655,-0.344814,0.390273,0.624111,-0.063506,0.247685,0.67777,-0.236844,0.211422,0.551168,-0.427535,0.019661,0.5719,-0.698332,0.144737,0.463866,-0.766481,0.114653,0.305243,-1.0,0.096003
X,0.0,0.0,0.0,-0.138695,-0.107555,-0.06427,-0.529842,0.046599,0.009672,-0.727172,-0.144254,-0.031828,-0.81639,-0.0037,0.035181,-0.999826,-0.189616,-0.174743,-1.0,-0.02181,-0.093307,-0.668247,-0.333495,-0.095996,-0.856508,-0.033165,-0.023239,-0.789537,0.122478,-0.209858,-0.64271,-0.072977,-0.137723,-0.475212,0.115796,-0.172517,-0.29698,0.062885,-0.034895,-0.202365,0.068556,0.093848,0.170996,-0.017588,0.057952,0.163378,0.053018,0.09028,0.141381,-0.145822,-0.035664,0.266777,-0.343345,0.004812,0.22961,-0.361635,0.017468,0.012886,-0.403664,0.044663,0.171449,-0.625382,-0.039663
X,0.0,0.0,0.0,-0.373011,0.051616,0.020733,-0.581797,0.000479,-0.041747,-0.684693,0.005283,0.124963,-0.774296,-0.081869,0.080803,-0.957173,0.024424,-0.075983,-1.0,-0.133858,-0.0504,-0.817572,0.160069,0.094825,-0.980401,0.327269,0.022583,-0.697157,0.116371,-0.275443,-0.713991,0.083134,-0.128171,-0.512289,0.146163,-0.046977,-0.267511,0.133537,-0.095807,0.058467,0.098385,0.043566,0.079206,-0.093737,0.231441,0.332376,0.269755,0.10111,0.290254,0.008428,-0.036256,0.220639,0.057683,-0.028714,0.289398,-0.235834,-0.048423,0.286279,-0.433523,0.308235,-0.145445,-0.638682,0.025343
X,0.0,0.0,0.0,-0.055819,0.044157,0.11651,-0.429626,-0.057842,0.163565,-0.783126,-0.349291,0.130585,-0.677399,-0.274507,0.27817,-0.936104,-0.334966,0.114361,-0.915663,-0.217124,-0.102123,-0.990818,-0.267022,0.241546,-0.762469,-0.100992,0.047349,-0.784478,0.221955,-0.283025,-0.519909,-0.094336,0.023331,-0.56876,0.13067,0.274215,-0.088882,-0.136996,0.122472,0.217004,0.207212,0.234616,0.658192,0.005102,0.384585,0.808227,-0.191275,0.040179,1.0,-0.108348,0.034349,0.785848,-0.374574,0.247457,0.757239,-0.350098,0.142592,0.866866,-0.919982,0.267523,0.642024,-0.949188,-0.079863
X,0.0,0.0,0.0,-0.259126,-0.138017,0.012077,-0.583916,-0.227812,0.25836,-0.728433,-0.037862,0.269019,-0.868902,-0.228095,0.23074,-1.0,-0.12977,-0.018847,-0.944263,-0.240135,0.070701,-0.910508,0.063872,0.06234,-0.854157,-0.008981,-0.04041,-0.856653,0.081636,-0.137887,-0.632288,0.053134,-0.139445,-0.368982,0.196719,-0.037414,-0.460643,0.03649,-0.024326,-0.062761,0.156477,0.036709,0.051244,0.049332,-0.020981,0.334135,0.112073,0.116008,0.134596,-0.189634,0.058433,0.218907,-0.288501,0.060131,0.051399,-0.305009,0.076303,0.200196,-0.606917,-0.187125,0.002929,-0.630849,-0.153303
X,0.0,0.0,0.0,0.011813,-0.13629,-0.078718,-0.24553,-0.151241,0.124391,-0.354074,-0.017029,-0.048237,-0.57261,-0.034794,0.282305,-0.492496,0.099642,0.002387,-0.920368,-0.05064,-0.049973,-0.541101,0.151928,0.066189,-0.633921,0.263079,0.032346,-0.622659,0.235448,0.029402,-0.549825,0.497805,-0.145443,0.027715,0.191306,0.107314,0.077038,0.029951,0.130446,0.500069,0.19781,0.143259,0.425465,0.157294,0.212253,0.728369,0.135839,0.224513,1.0,0.10714,0.137718,0.807664,-0.15254,-0.089413,0.802064,-0.486655,-0.001913,0.753334,-0.563989,0.191641,0.478702,-0.540259,-0.067342
X,0.0,0.0,0.0,-0.170077,-0.290863,-0.229972,-0.528541,-0.113836,0.131434,-0.558764,-0.213783,0.199922,-0.65268,-0.377002,0.282302,-0.899875,-0.261859,-0.190441,-1.0,-0.165016,0.063049,-0.888638,-0.067709,-0.040599,-0.959424,-0.210398,-0.090817,-0.823965,-0.094237,-0.31946,-0.65391,-0.028959,-0.037013,-0.436133,-0.18029,-0.19871,-0.258472,-0.275359,-0.005143,-0.068382,-0.039961,-0.031559,-0.005929,-0.23772,0.097966,0.495618,-0.225676,0.128462,0.471185,-0.324602,-0.001993,0.519834,-0.506964,0.259908,0.397203,-0.56088,-0.079932,0.349269,-0.880855,-0.055637,0.332498,-0.938006,0.084248
X,0.0,0.0,0.0,-0.099728,-0.055683,-0.003385,-0.431408,-0.371215,-0.116425,-0.531964,-0.120212,0.03254,-0.769211,-0.294842,-0.023772,-0.781394,-0.227675,-0.104333,-1.0,-0.278367,-0.157485,-0.909816,-0.245449,-0.176498,-0.762654,-0.043271,0.044775,-0.681399,-0.217462,-0.328191,-0.541203,-0.029113,-0.184282,-0.492077,-0.105701,-0.020291,-0.042753,0.035345,-0.040821,-0.082025,0.024055,-0.14735,0.358698,0.000573,-0.216073,0.223011,-0.129657,-0.126027,0.566456,-0.418228,-0.029835,0.29365,-0.370464,-0.172367,0.425125,-0.564053,-0.138527,0.456,-0.660798,-0.398248,0.1756,-0.611544,-0.088248
X,0.0,0.0,0.0,-0.353734,0.023189,0.092089,-0.626917,-0.264053,-0.058645,-0.662799,0.087384,0.008185,-0.7892,-0.17449,-0.080132,-0.933516,0.092355,-0.02632,-1.0,-0.125606,-0.122726,-0.90226,-0.167803,-0.178464,-0.988095,0.052496,-0.132295,-0.755398,0.412557,-0.254151,-0.649056,0.050577,-0.033895,-0.282872,0.142773,-0.008173,-0.386898,0.294197,0.100724,-0.094882,0.211444,-0.192887,0.027222,0.155635,0.236772,0.031539,0.049429,0.133754,0.518887,-0.086539,0.140835,0.424383,0.016348,-0.036997,0.317631,-0.381839,-0.074288,0.179515,-0.551385,0.122718,0.075458,-0.670721,-0.151908
X,0.0,0.0,0.0,-0.116843,-0.025406,0.08215,-0.220111,-0.310641,0.115389,-0.589427,-0.296064,0.012891,-0.596201,0.090479,0.265647,-0.951775,-0.169922,-0.040072,-1.0,-0.27745,0.261682,-0.803736,-0.355883,0.191154,-0.891752,-0.032354,-0.048253,-0.691316,-0.165364,0.019684,-0.638658,-0.123848,-0.04863,-0.380794,-0.032837,0.066389,0.164564,-0.123287,-0.045646,0.232501,-0.211092,0.162816,0.439322,0.024864,0.460153,0.607236,-0.197608,0.316073,0.698844,-0.258215,0.428368,0.829291,-0.498196,0.057802,0.51334,-0.676918,0.294771,0.509751,-0.942542,0.166988,0.427249,-0.952906,-0.014771
X,0.0,0.0,0.0,-0.373152,-0.196489,-0.0571,-0.523338,-0.083541,0.08304,-0.627442,-0.09096,0.046606,-0.690182,-0.463071,-0.002928,-0.883421,-0.163688,-0.047066,-1.0,-0.153325,-0.075629,-0.778554,-0.092559,-0.123826,-0.941313,0.250329,0.012494,-0.682469,-0.136904,-0.262851,-0.372036,0.21372,-0.075408,-0.447739,0.012207,-0.177778,0.045962,0.053234,0.024486,0.117334,-0.075006,-0.019552,0.154955,0.152791,0.063594,0.307178,-0.029326,-0.052065,0.294187,-0.210357,0.073957,0.512352,-0.174595,-0.152586,0.416759,-0.302736,0.162065,0.155602,-0.394342,0.118956,0.044823,-0.585458,-0.253038
X,0.0,0.0,0.0,-0.220191,-0.003644,0.027115,-0.537233,-0.017817,0.064192,-0.681102,-0.035198,-0.037316,-0.643131,0.112318,-0.023338,-0.949748,-0.158654,0.231939,-0.904833,0.103741,0.099076,-1.0,0.011137,0.070218,-0.989472,0.073033,-0.100436,-0.925302,0.239756,-0.088464,-0.684403,0.324105,-0.292094,-0.45551,0.389486,-0.149388,-0.366023,0.246506,-0.135455,0.088505,0.329828,-0.073162,-0.066188,0.220658,-0.15251,0.424245,0.184221,0.115062,0.556193,-0.055392,-0.021539,0.533754,-0.045933,-0.139539,0.5538,-0.503641,-0.298877,0.145886,-0.38531,-0.012746,0.210905,-0.682946,-0.065318
X,0.0,0.0,0.0,-0.054451,-0.104429,0.163187,-0.313633,0.076939,0.153382,-0.375104,-0.035486,0.036089,-0.722588,-0.155725,0.208855,-0.690056,-0.040913,0.044506,-0.831075,-0.124324,0.138571,-1.0,-0.040226,-0.122717,-0.879607,0.18362,0.2204,-0.717405,0.106336,0.075775,-0.34263,0.116902,-0.086857,-0.389073,0.156571,-0.153375,-0.285197,0.210065,0.353924,0.025798,0.085761,0.095347,0.28981,-0.029281,0.122576,0.481771,-0.065229,0.153551,0.589666,-0.096608,-0.008743,0.260128,-0.327298,0.269782,0.44093,-0.297964,0.256083,0.243834,-0.19357,0.073372,0.294678,-0.706182,-0.050256
X,0.0,0.0,0.0,-0.394194,-0.146948,-0.030607,-0.480298,0.241781,0.061105,-0.512419,-0.192873,-0.01636,-0.731689,0.024759,-0.093234,-0.817625,-0.030671,-0.20088,-1.0,-0.184382,-0.018642,-0.877456,0.085456,-0.250591,-0.815773,0.152684,-0.211791,-0.679188,0.152006,0.069818,-0.645093,0.148736,-0.064355,-0.450232,0.011641,-0.17797,0.204976,0.255443,-0.01956,-0.066878,0.179013,-0.116256,0.207034,0.168644,0.015666,0.238044,-0.025904,0.144992,0.36899,0.105908,-0.128763,0.271179,-0.153075,0.08511,0.357868,-0.142835,-0.077097,0.281549,-0.307252,0.162747,0.130216,-0.289009,-0.033589
X,0.0,0.0,0.0,-0.229252,0.043193,0.042536,-0.626432,0.17173,0.03964,-0.6864,-0.296941,0.021242,-0.747391,-0.127366,0.328873,-0.905903,-0.156783,0.218279,-0.746002,0.060826,0.036777,-1.0,-0.192309,0.028286,-0.886835,-0.101295,-0.023537,-0.710942,0.023075,-0.012829,-0.871461,0.261786,-0.108644,-0.533772,0.130965,-0.047102,-0.229447,0.074499,-0.058488,-0.055557,-0.170668,-0.096181,0.032724,0.140227,0.137565,-0.135607,-0.048353,0.15601,0.10474,-0.105677,0.119239,0.23387,-0.137017,0.046811,0.251301,-0.245313,0.123355,0.190194,-0.337904,-0.036639,-0.056532,-0.552277,0.172805
X,0.0,0.0,0.0,-0.061658,-0.107165,-0.231578,-0.543114,-0.407496,0.017865,-0.643946,-0.407267,-0.138569,-0.718868,-0.422139,-0.153647,-0.915884,-0.230721,-0.30073,-0.938608,-0.337484,-0.085293,-0.948596,-0.355948,0.048915,-0.704905,-0.182241,-0.148042,-0.83643,-0.14081,0.061352,-0.45932,-0.240818,-0.182192,-0.39473,-0.0454,-0.015149,-0.29969,-0.118522,-0.3022,0.019655,-0.101589,0.080186,0.077341,-0.056058,-0.4014,0.514852,-0.2181,-0.082087,0.364145,-0.260984,-0.15842,0.429325,-0.279362,-0.149141,0.345294,-0.588752,-0.028795,0.268837,-0.752596,-0.146594,0.258798,-1.0,-0.11664
X,0.0,0.0,0.0,-0.218628,-0.042018,-0.129179,-0.493586,-0.3353,0.236102,-0.459154,-0.41075,0.098416,-0.756691,-0.133317,0.090006,-0.853597,-0.185232,0.139783,-0.952847,-0.188264,0.072959,-0.801959,-0.079486,-0.073201,-1.0,-0.231176,-0.070834,-0.702961,-0.058562,-0.17115,-0.691725,0.029064,0.075215,-0.466409,0.032418,-0.119187,-0.139354,0.027275,0.080896,-0.004182,0.03656,-0.075092,0.061264,0.032526,0.063299,0.477529,-0.18837,0.158682,0.364145,-0.261272,-0.2113,0.30987,-0.320263,-0.003184,0.433255,-0.438767,0.052093,0.112517,-0.489187,-0.139006,0.190165,-0.574536,-0.189203
X,0.0,0.0,0.0,-0.272277,-0.085686,-0.069646,-0.55047,-0.027,0.068216,-0.54226,0.021195,0.136119,-0.721537,-0.023267,-0.018007,-0.945674,-0.223468,0.128687,-0.938426,-0.0255,-0.281605,-1.0,0.068526,-0.022888,-0.947204,0.00855,0.104334,-0.80978,0.068423,-0.089389,-0.634079,0.198725,0.138729,-0.358491,0.130253,0.035541,-0.45936,0.111904,-0.112837,-0.209701,0.18714,0.103889,-0.133516,0.048793,-0.055027,0.16181,0.110371,0.227189,0.280357,0.036937,-0.067989,0.130728,-0.157726,0.246766,0.169635,-0.143103,-0.047761,0.082559,-0.398059,-0.082315,0.028154,-0.643394,-0.230806
X,0.0,0.0,0.0,0.095723,-0.159842,0.142782,-0.555929,-0.141892,0.290302,-0.622357,-0.213808,0.204279,-0.941958,-0.077389,0.127682,-0.740918,-0.391636,0.256322,-1.0,-0.191744,0.032302,-0.935314,-0.08686,0.292311,-0.862332,-0.151018,-0.018011,-0.770046,0.139355,0.06739,-0.49609,0.033293,-0.21566,-0.347419,-0.000435,0.194425,0.037241,0.256581,0.051918,-0.002007,-0.029428,0.097693,0.278603,-0.152674,0.149671,0.158044,0.156285,0.140166,0.456588,-0.150809,0.278444,0.284404,-0.436575,0.336697,0.608228,-0.650107,0.276844,0.48617,-0.773124,0.08897,0.013315,-0.747562,0.246277
X,0.0,0.0,0.0,-0.192784,-0.313074,0.107528,-0.240971,-0.058186,0.168891,-0.586252,-0.114463,-0.056227,-0.832458,-0.315627,0.055217,-0.839854,-0.028914,-0.201429,-0.87885,0.074731,-0.024339,-0.803603,0.18824,0.081406,-1.0,-0.061893,-0.060276,-0.725163,0.168087,-0.118555,-0.558946,0.181237,-0.273609,-0.298786,0.012799,-0.009883,-0.184977,0.147304,-0.128703,-0.162706,0.112859,-0.178629,0.408357,0.092947,0.080334,0.347451,-0.04163,-0.247918,0.510211,-0.262454,0.057621,0.368781,-0.182212,0.029104,0.307526,-0.236164,-0.040654,0.260084,-0.422703,-0.114762,0.193085,-0.526475,-0.041049
X,0.0,0.0,0.0,-0.276176,-0.295797,0.162653,-0.369634,-0.257101,0.156043,-0.898517,0.077879,0.07111,-0.795687,-0.064677,0.168999,-0.999216,-0.11968,0.145721,-0.98202,-0.016554,-0.052067,-0.835902,-0.204947,0.001893,-1.0,0.066671,0.143328,-0.560417,-0.012614,-0.071783,-0.481734,0.068965,-0.057346,-0.473074,0.087732,0.143659,-0.327623,0.221012,0.030632,0.078886,0.053891,0.162765,0.034059,0.078854,0.17174,0.054894,0.138624,-0.020313,0.424513,-0.157004,0.20403,0.382159,-0.246186,0.027484,0.282983,-0.380569,0.128254,0.23089,-0.545532,-0.060899,0.051082,-0.615406,-0.042848
X,0.0,0.0,0.0,-0.170922,0.009137,-0.11712,-0.259752,-0.068177,0.080252,-0.459216,-0.135214,-0.090078,-0.666072,-0.146715,-0.104455,-0.870428,0.073233,-0.183215,-1.0,-0.043041,-0.150902,-0.845251,-0.170396,-0.074219,-0.73673,0.086658,-0.084407,-0.689356,-0.113497,-0.223172,-0.603302,-0.033762,-0.026853,-0.230712,0.041824,-0.057401,-0.162226,0.039915,-0.099154,-0.200536,-0.066707,-0.039743,0.2196,0.129045,-0.151706,0.329549,0.049168,0.005729,0.305964,-0.13977,0.034478,0.415228,-0.207776,-0.005197,0.35373,-0.311361,-0.13244,0.237263,-0.346193,-0.177025,0.21681,-0.627833,0.046171
X,0.0,0.0,0.0,-0.312806,-0.057552,0.130354,-0.508211,-0.072245,0.176299,-0.690076,0.003241,0.305404,-0.753192,-0.011712,0.252534,-0.915293,-0.047892,0.083417,-1.0,-0.001748,0.192609,-0.859986,-0.009266,-0.05703,-0.99465,0.056371,0.159203,-0.810676,0.227747,0.010149,-0.477677,-0.06888,-0.007911,-0.387718,0.085162,0.171322,-0.212201,0.26346,0.066946,-0.167381,0.08395,0.106347,0.031575,-0.016828,0.032645,0.347065,-0.137932,0.182847,0.308296,-0.038967,0.189732,0.176918,-0.255227,0.177199,0.285683,-0.414977,0.220582,0.113312,-0.26431,-0.06112,0.12598,-0.554812,0.082434
X,0.0,0.0,0.0,-0.368641,0.13996,0.008265,-0.508973,0.086135,-0.089719,-0.456692,-0.087945,0.204299,-0.725618,-0.284677,0.162575,-0.998527,-0.091651,0.249513,-1.0,0.081099,-0.057773,-0.784602,-0.007124,0.05666,-0.887445,0.052843,-0.157065,-0.818107,0.018443,-0.16659,-0.602156,0.27623,-0.121901,-0.253041,0.138407,-0.059689,-0.261156,0.39245,0.05437,-0.004961,0.205966,-0.089871,0.237288,0.01604,-0.022686,0.202802,0.013446,0.094878,0.2998,-0.106235,0.029606,0.359727,-0.341741,0.088292,0.454689,-0.252235,0.137632,0.376791,-0.359098,-0.031823,0.044832,-0.560243,-0.130412
X,0.0,0.0,0.0,-0.379739,-0.055051,-0.104613,-0.415073,0.10696,-0.204665,-0.688217,-0.087984,-0.220365,-0.841989,-0.091544,-0.119746,-0.873615,-0.072821,-0.138439,-1.0,-0.17318,-0.307005,-0.871511,-0.071098,-0.042688,-0.813758,-0.014443,-0.135711,-0.922698,0.044448,-0.194842,-0.712941,0.007483,-0.120606,-0.553061,0.04142,-0.114969,-0.369866,0.080922,-0.149549,-0.103178,0.067415,-0.252509,0.005094,-0.033463,-0.134761,0.024198,0.154776,-0.032684,0.268445,-0.09594,-0.012343,0.27727,-0.119739,-0.049383,-0.015924,-0.376136,-0.079314,0.112451,-0.415103,-0.073255,-0.153616,-0.576239,-0.114205
X,0.0,0.0,0.0,-0.368564,-0.039572,-0.068052,-0.441414,-0.108519,0.270997,-0.710686,-0.066034,0.144802,-0.86828,-0.115911,-0.024178,-0.858685,-0.130527,0.195456,-1.0,-0.316919,0.004738,-0.851084,-0.016313,-0.028217,-0.723691,-0.015616,0.091942,-0.735225,0.133605,0.075278,-0.430475,0.012936,0.054958,-0.519688,0.182867,-0.173647,0.027325,0.163691,0.063607,-0.164315,0.220825,0.208378,0.163757,0.021834,0.061834,0.511603,-0.008103,0.139895,0.510842,-0.354355,0.116483,0.401998,-0.185959,0.200281,0.503369,-0.360464,0.070316,0.306882,-0.398454,0.177949,0.008854,-0.594327,-0.000729
Y,0.0,0.0,0.0,-0.425942,0.102778,0.195194,-0.594475,0.107293,0.118316,-0.616466,-0.134874,0.077464,-0.858337,-0.00379,0.08415,-0.97876,0.065707,0.222495,-1.0,-0.071094,0.127247,-0.858359,-0.003846,0.247376,-0.910447,0.111396,0.041436,-0.7855,0.344983,-0.036404,-0.392119,0.172381,0.024743,-0.445847,0.278838,0.255616,-0.261551,0.181547,0.231568,-0.148939,0.111483,0.251994,0.135549,0.057006,0.207388,0.05026,0.17301,-0.020933,0.152258,0.016735,0.04882,0.250641,-0.072197,0.087053,0.186845,-0.167796,0.176512,0.242524,-0.45753,0.011056,0.085449,-0.477652,0.053711
Y,0.0,0.0,0.0,-0.059234,-0.018628,0.09416,-0.531808,-0.146643,0.240753,-0.421452,-0.212681,-0.084183,-0.772458,-0.285172,0.215556,-0.768501,-0.092228,0.009526,-0.828304,-0.431528,0.007786,-1.0,0.099163,0.07562,-0.677991,-0.202523,-0.025713,-0.500325,-0.11392,-0.081248,-0.255404,-0.103155,-0.07686,-0.268116,0.082114,0.0859,0.243029,0.083515,0.173944,0.303169,-0.157727,0.066828,0.44099,0.073589,0.083771,0.51663,-0.241282,0.084799,0.616929,-0.180919,0.022561,0.907459,-0.494711,-0.046917,0.624319,-0.692211,0.079811,0.355969,-0.627137,0.058931,0.400835,-0.825118,0.011204
Y,0.0,0.0,0.0,-0.225054,0.116406,0.082153,-0.500598,-0.049983,0.195323,-0.673183,0.05524,0.085999,-0.83762,0.170515,0.40296,-0.961356,0.173872,0.285511,-0.869494,-0.160885,-0.077114,-1.0,0.04589,-0.052807,-0.773901,0.234234,0.246066,-0.76252,0.127773,0.033578,-0.649426,0.470646,-0.031413,-0.280415,0.276672,0.013482,-0.077048,0.541794,0.07453,0.228015,0.162509,0.176753,0.352035,0.193102,0.193597,0.585232,0.159759,0.15396,0.546511,-0.176036,0.139365,0.559886,-0.066592,-0.142625,0.517998,-0.429064,0.211388,0.514505,-0.509568,0.254521,0.280413,-0.661379,-0.151673
Y,0.0,0.0,0.0,-0.401933,0.188427,0.39511,-0.341876,0.170491,0.440058,-0.754797,-0.163557,0.410894,-0.947673,-0.166546,0.334258,-0.972784,-0.032521,0.377768,-0.925778,0.016326,0.44476,-0.860372,0.20846,0.303126,-1.0,0.111534,0.170397,-0.604324,0.009694,0.311105,-0.482576,0.310324,0.304321,-0.29407,0.108068,0.495585,-0.070658,0.191738,0.336429,0.280704,0.172409,0.498009,0.346134,0.231739,0.423836,0.529849,0.161902,0.466011,0.70781,-0.070581,0.560139,0.442351,-0.143838,0.304013,0.353935,-0.188784,0.625436,0.3062,-0.634064,0.336603,0.057719,-0.529284,0.37516
Y,0.0,0.0,0.0,-0.154195,-0.067238,-0.00201,-0.30236,0.178049,0.15591,-0.616825,0.088049,0.116168,-0.674828,-0.171214,0.196617,-1.0,-0.111259,-0.062904,-0.871607,0.000256,-0.02379,-0.653586,0.010855,0.0399,-0.918505,0.137429,-0.072492,-0.584952,-0.003516,0.060307,-0.51267,0.213502,-0.131456,-0.23815,0.033068,-0.041071,-0.017135,0.142349,0.102022,0.195956,0.126555,0.079589,0.164288,0.297638,0.186474,0.393686,-0.062775,0.168195,0.455261,-0.073073,0.084878,0.643504,-0.181026,-0.06558,0.428092,-0.310836,-0.038235,0.401958,-0.484366,-0.070869,0.097993,-0.840868,0.135173
Y,0.0,0.0,0.0,0.184778,0.232677,-0.116101,-0.585884,-0.096498,-0.144157,-0.528737,0.068951,0.218879,-0.833855,-0.004023,-0.087199,-0.925226,0.201574,-0.020827,-0.950869,0.073801,-0.079325,-0.896047,0.399974,0.161523,-0.981021,0.209635,0.026495,-0.652987,0.057089,-0.218092,-0.3291,0.584279,-0.199888,-0.293383,0.485408,-0.043434,0.071785,0.27985,-0.059942,0.505619,0.303866,-0.222356,0.5943,0.47173,0.21629,0.961701,-0.038999,0.130191,1.0,-0.0438,0.258639,0.729461,-0.193139,-0.026568,0.998521,-0.426443,-0.005294,0.44769,-0.501894,0.047047,0.396475,-0.751203,0.097669
Y,0.0,0.0,0.0,-0.426688,-0.064947,-0.20973,-0.433264,-0.096614,-0.20561,-0.610439,-0.215727,-0.018622,-0.67352,0.041787,0.085029,-0.850401,-0.295715,0.133929,-0.905153,-0.294912,-0.179622,-1.0,-0.184333,0.028243,-0.747887,0.048725,-0.425858,-0.544153,0.102137,-0.328554,-0.589234,0.191335,-0.193879,-0.134816,0.081418,-0.166902,-0.055077,-0.146959,-0.037448,0.021301,-0.15808,-0.210796,0.217538,0.056482,-0.103802,0.521353,0.009194,0.112638,0.704873,-0.142107,0.073448,0.428869,-0.579075,0.031298,0.287147,-0.620167,-0.161681,0.395189,-0.510847,-0.047736,0.036365,-0.810114,0.059036
Y,0.0,0.0,0.0,0.077531,-0.049206,-0.30315,-0.378101,-0.092688,0.073882,-0.716146,-0.1753,-0.124229,-0.638751,-0.185124,0.032636,-0.866869,-0.211462,-0.206274,-1.0,-0.14712,0.074903,-0.80092,0.166263,-0.224134,-0.658213,0.0041,-0.012813,-0.613695,0.043701,-0.366176,-0.532787,0.028155,-0.025471,-0.22239,0.155377,0.169432,0.185288,0.04158,-0.020427,0.169628,0.139004,-0.204649,0.358826,0.029853,-0.144802,0.448445,0.069264,-0.029773,0.57437,0.077276,0.037691,0.708832,-0.30219,-0.227247,0.529846,-0.316136,-0.236593,0.417283,-0.714116,-0.196771,0.067794,-0.634503,-0.101902
Y,0.0,0.0,0.0,-0.128232,0.262715,-0.316044,-0.059505,0.413629,-0.189642,-0.345653,0.303829,-0.088679,-0.527096,0.27197,-0.20737,-0.604375,0.324928,-0.165402,-0.750766,0.266077,-0.380811,-0.816811,0.436867,-0.255729,-0.771827,0.274638,-0.44295,-0.477783,0.734263,-0.460126,-0.140058,0.368566,-0.191489,-0.083171,0.564792,-0.178822,0.273091,0.603565,-0.224511,0.747671,0.362628,-0.215293,0.697287,0.348589,-0.050701,0.7805,0.481011,-0.123537,0.865718,0.476603,-0.378506,1.0,0.27979,-0.34844,0.838666,-0.018933,-0.296583,0.776907,-0.077632,-0.121391,0.757545,-0.60708,-0.290978
Y,0.0,0.0,0.0,-0.009671,-0.093082,-0.045774,-0.560459,-0.064185,0.212287,-0.722227,-0.093065,0.200034,-0.826198,-0.109307,0.16533,-0.44914,-0.016827,0.028178,-1.0,0.043909,-0.099977,-0.761135,0.116565,-0.129897,-0.524315,0.183933,-0.230989,-0.696423,0.358754,-0.001239,-0.27434,0.026307,-0.190789,0.004277,0.096012,0.125977,0.022795,0.05588,-0.062624,0.59227,-0.16263,-0.165379,0.250351,0.290487,-0.127531,0.988995,-0.216183,-0.134381,0.789544,-0.05049,0.021293,0.752219,-0.596218,-0.039677,0.739765,-0.505075,0.146331,0.589261,-0.430375,-0.007441,0.502292,-0.704165,-0.065996
Y,0.0,0.0,0.0,-0.112786,-0.303645,0.02854,-0.301144,-0.073354,-0.077507,-0.668874,-0.195456,0.082024,-0.904311,-0.180554,-0.270331,-0.99884,-0.029956,-0.026954,-1.0,-0.041684,-0.16452,-0.787996,-0.016138,-0.049099,-0.637369,-0.040282,-0.185199,-0.43715,-0.074276,-0.113966,-0.484096,0.069613,0.035988,-0.336818,-0.088784,0.012047,0.057027,-0.00796,-0.138104,0.210739,0.010957,0.073324,0.300192,-0.039858,-0.180929,0.508053,-0.176395,0.003936,0.581691,-0.141448,0.129041,0.461161,-0.326794,-0.230472,0.541763,-0.430229,-0.110709,0.457991,-0.621124,-0.039172,0.097647,-0.699469,-0.180321
Y,0.0,0.0,0.0,-0.095535,-0.070752,0.003526,-0.476537,-0.011531,0.412199,-0.454029,-0.104299,0.105709,-0.801567,-0.054732,0.20934,-0.673417,-0.038208,0.388409,-0.949579,-0.092256,0.225899,-0.81314,0.034175,0.033041,-0.826611,-0.108515,0.014673,-0.633061,0.249954,0.076119,-0.363526,0.183501,0.225145,-0.151914,0.388389,0.279094,0.230533,0.212863,0.113918,0.516164,0.184334,0.486494,0.504377,0.254878,0.335615,0.531251,0.09887,0.197852,0.772987,0.079444,0.213284,1.0,-0.356273,0.07581,0.705385,-0.439575,0.088672,0.315011,-0.403712,0.202607,0.488921,-0.821046,0.1887
Y,0.0,0.0,0.0,-0.38893,0.004381,-0.084477,-0.590654,-0.151359,0.088468,-0.813297,-0.366337,0.067013,-0.634685,-0.121994,-0.059562,-1.0,-0.168724,0.192734,-0.993946,0.00057,0.027882,-0.947553,-0.165711,0.0566,-0.931073,0.087668,-0.044456,-0.762404,-0.058361,-0.107183,-0.639484,0.048136,0.097127,-0.55706,0.070808,0.131512,-0.346603,0.012324,0.067267,-0.177024,0.177396,0.137198,0.114103,-0.313511,-0.007536,0.290431,-0.129019,0.058419,0.448205,-0.154172,0.083755,0.211141,-0.142123,0.150625,0.147481,-0.496045,-0.05565,0.045364,-0.638268,0.00687,0.030652,-0.781353,-0.103669
Y,0.0,0.0,0.0,-0.334673,-0.14445,0.169194,-0.392892,-0.174,0.28969,-0.432163,-0.186401,0.214495,-0.509056,-0.203235,0.141578,-1.0,-0.061957,-0.006916,-0.949562,-0.226646,-0.022582,-0.656089,-0.035012,-0.097743,-0.705552,0.124331,0.123244,-0.452368,0.117681,0.144847,-0.405725,0.268521,0.14958,-0.137965,-0.001336,0.19841,0.201079,0.358701,0.095831,0.317913,0.111773,-0.098083,0.553242,0.063099,0.120131,0.477999,-0.223162,0.272774,0.562931,-0.135245,0.189984,0.681297,-0.175953,0.249066,0.633637,-0.559157,0.216896,0.449074,-0.821836,0.098701,0.423044,-0.946066,0.12472
Y,0.0,0.0,0.0,-0.187958,-0.208642,0.134167,-0.510772,-0.104445,0.121988,-0.629027,-0.175767,-0.054743,-0.895428,-0.185024,-0.121738,-1.0,0.02893,-0.058499,-0.873661,-0.137043,-0.038002,-0.962113,0.025278,-0.058229,-0.90403,0.216043,-0.01915,-0.855768,-0.177484,0.130794,-0.356337,0.149792,-0.032711,-0.244147,0.157553,-0.004105,0.126326,0.259718,0.027821,0.242595,0.213155,0.11628,0.390687,-0.312232,0.165205,0.678028,-0.081306,-0.0416,0.726315,-0.046688,-0.005112,0.668658,-0.36921,0.132039,0.71635,-0.414289,-0.021436,0.337606,-0.398569,0.181336,0.165455,-0.845175,-0.061714
Y,0.0,0.0,0.0,-0.156772,-0.245169,-0.011684,-0.352644,-0.030037,-0.248827,-0.587514,-0.082532,-0.221908,-0.632776,0.039171,0.027256,-0.825937,-0.305154,0.221664,-0.891217,-0.449861,0.062435,-1.0,-0.161769,-0.052231,-0.799169,-0.013844,-0.063438,-0.499077,-0.164766,-0.069134,-0.449018,0.000368,-0.276817,-0.210543,-0.067562,-0.308326,-0.062182,0.107181,-0.164755,-0.05255,0.004739,0.094973,0.250455,-0.208995,-0.199135,0.375043,-0.130946,-0.046943,0.552763,-0.231082,0.127966,0.508196,-0.303343,0.00253,0.481761,-0.504996,-0.149758,0.328673,-0.759837,-0.162988,0.214664,-0.795667,-0.173445
Y,0.0,0.0,0.0,-0.036873,0.031885,-0.070761,-0.508819,-0.03348,-0.13517,-0.627446,-0.158769,0.057054,-0.786235,-0.066732,-0.20557,-0.850993,-0.078287,-0.144444,-0.876458,-0.25609,-0.196717,-0.988933,0.11192,-0.114519,-1.0,0.178615,-0.094548,-0.626606,0.152388,-0.164126,-0.489961,0.155623,-0.144171,-0.354029,0.236347,-0.213792,-0.115534,0.242328,0.00148,0.184515,-0.038942,-0.095171,0.120729,-0.023332,-0.112866,0.314477,-0.046788,-0.296028,0.425351,-0.094759,0.095822,0.391523,-0.388569,-0.176449,0.175207,-0.354759,0.095011,0.290644,-0.452532,-0.204665,0.13715,-0.639545,-0.097311
Y,0.0,0.0,0.0,-0.058417,0.124225,0.102712,-0.201828,0.159794,0.195737,-0.762437,-0.205598,-0.102564,-0.695027,0.015645,0.082218,-1.0,0.06366,-0.022676,-0.93932,0.074513,-0.039757,-0.89757,-0.115995,-0.223595,-0.685976,0.125333,-0.185822,-0.62168,0.135745,-0.234504,-0.494072,0.195047,-0.284417,-0.181798,0.204191,0.108602,0.067163,0.354847,-0.128766,0.185272,0.155102,0.155028,0.434256,0.279073,-0.012512,0.263799,-0.087516,0.079929,0.326706,-0.068917,0.01484,0.209927,-0.189045,0.099462,0.536072,-0.420369,-0.11934,0.242994,-0.647228,0.024297,0.136768,-0.805142,-0.115913
Y,0.0,0.0,0.0,-0.438614,-0.041376,0.316277,-0.699772,0.056156,0.104696,-0.621434,-0.247628,0.322224,-0.709887,0.093843,0.143262,-1.0,-0.170642,0.013644,-0.933935,-0.048258,0.143711,-0.958197,-0.147172,-0.078994,-0.830171,0.092588,0.014746,-0.733621,0.248981,0.115268,-0.569991,0.169982,0.177749,-0.44302,0.16174,0.028916,-0.260851,0.108861,-0.051856,0.121505,0.053683,0.119014,0.282784,0.200774,0.132758,0.273852,0.045338,0.1915,0.219342,0.045386,0.175685,0.438163,-0.223896,0.193049,0.268549,-0.328388,0.184471,0.265109,-0.711651,-0.05995,0.022,-0.763238,0.180254
Y,0.0,0.0,0.0,-0.313572,-0.190977,0.290848,-0.27156,-0.112871,0.315078,-0.567429,-0.353667,0.065261,-0.632543,-0.357888,0.29828,-0.714197,0.15802,0.24648,-1.0,-0.156713,-0.007926,-0.849428,-0.120766,0.2009,-0.578052,0.020465,0.063029,-0.403373,0.13965,0.026525,-0.576539,-0.26036,0.210667,-0.014956,-0.016628,0.15092,0.15954,0.066678,0.2337,0.574087,-0.024248,0.24918,0.422144,0.071509,0.451786,0.655758,-0.107946,0.455417,0.647166,-0.23535,0.084583,0.71404,-0.442166,0.422133,0.607429,-0.616584,0.442618,0.472453,-0.670271,0.381201,0.241705,-0.821846,0.07345
Y,0.0,0.0,0.0,-0.547742,-0.290309,0.115163,-0.619379,-0.259319,0.181878,-0.716923,-0.220149,0.058245,-0.616451,-0.306028,0.122572,-0.865723,-0.317583,0.107577,-0.986253,-0.069498,0.077487,-1.0,-0.075992,0.166786,-0.876397,-0.053301,-0.000321,-0.652712,-0.102627,0.206673,-0.35731,-0.021351,0.236783,-0.584205,0.133545,0.435927,-0.120016,0.130704,0.145028,0.082874,0.063855,0.2739,0.178047,0.002106,0.221197,0.321079,-0.125607,0.190433,0.384373,-0.076274,0.169147,0.386034,-0.504314,0.093359,0.368988,-0.474994,-0.039496,0.21139,-0.505854,-0.115188,0.047735,-0.983473,0.052384
Y,0.0,0.0,0.0,-0.356905,-0.340555,-0.074267,-0.459195,-0.42865,0.039352,-0.491908,-0.571945,-0.031533,-0.78559,-0.424701,-0.082226,-0.693177,-0.444803,-0.124963,-0.793094,-0.388198,-0.100931,-0.816636,-0.578613,0.067959,-0.826556,-0.283517,-0.103324,-0.377036,-0.051888,-0.113461,-0.527037,-0.33564,-0.209245,-0.262343,-0.272413,-0.227059,-0.075872,-0.312175,0.019389,0.001351,-0.321889,-0.0711,0.095042,-0.338751,-0.197137,0.312178,-0.449853,-0.085703,0.383488,-0.49826,0.032891,0.278044,-0.611465,-0.077929,0.395866,-0.588366,-0.161589,0.183235,-1.0,-0.098824,0.088221,-0.819469,-0.142753
Y,0.0,0.0,0.0,-0.175427,0.031657,0.226403,-0.598479,-0.387751,0.084029,-0.620962,-0.149439,0.131095,-0.748064,-0.123365,0.110434,-0.777887,0.028245,-0.168958,-1.0,0.02707,0.003751,-0.706072,-0.026317,-0.088917,-0.639963,0.076645,-0.099011,-0.635121,0.206713,-0.07514,-0.62968,0.250206,0.064995,-0.388468,0.230879,-0.046417,-0.159902,0.095044,-0.163986,0.228607,-0.00715,-0.127922,0.419724,0.198069,-0.010327,0.377823,-0.021974,0.030796,0.748736,-0.050782,0.257594,0.66738,-0.091223,-0.080646,0.595002,-0.365654,0.257876,0.339647,-0.340079,0.1352,0.140139,-0.683616,-0.272429
Y,0.0,0.0,0.0,-0.395824,0.061833,0.094525,-0.604107,0.2193,0.324286,-0.690155,0.156292,0.235226,-0.763815,0.123083,0.144347,-0.985447,0.158218,0.294066,-0.954482,0.042263,0.263178,-1.0,0.266705,-0.018773,-0.820335,0.357615,0.064916,-0.708556,0.318176,0.030406,-0.485289,0.305781,0.064335,-0.333923,0.363552,0.19076,-0.186997,0.380894,0.14177,-0.091234,0.236963,0.111629,0.075939,0.57798,0.265985,0.165117,0.290303,0.421788,0.243021,0.040318,0.04474,0.268344,0.05358,0.18356,0.13385,-0.315924,0.225538,0.068127,-0.095601,0.167384,-0.09873,-0.362209,0.342604
Y,0.0,0.0,0.0,-0.440611,0.089712,0.113044,-0.548786,0.067508,0.080913,-0.542612,-0.108244,0.136831,-0.624251,-0.003281,0.071113,-0.686917,0.106208,0.273307,-1.0,0.062821,0.057676,-0.879281,0.130487,-0.062554,-0.741177,0.248053,0.083212,-0.54657,0.157202,-0.017633,-0.329456,0.155272,-0.05274,-0.462654,0.168547,0.150795,-0.174897,0.048086,0.104256,0.077802,0.14654,0.25363,0.037043,0.193853,0.191787,0.252407,0.089404,0.13519,0.281822,-0.071663,0.191599,0.281765,-0.15495,0.144009,0.080589,-0.2435,0.187666,0.135793,-0.358458,-0.019378,0.018771,-0.607513,0.015417
Y,0.0,0.0,0.0,-0.309455,-0.121726,0.261231,-0.100273,0.156354,0.012604,-0.454504,0.064689,-0.220439,-0.645269,-0.195583,-0.013139,-0.899232,0.070027,0.092328,-0.81023,0.118575,0.015583,-0.721261,0.12889,-0.071705,-0.76539,0.506356,-0.195834,-0.901805,0.262922,0.09664,-0.314594,0.230819,-0.110445,-0.277108,0.061894,-0.130367,0.000957,0.275868,-0.27112,0.671045,0.426059,-0.081251,0.639823,0.369186,0.086464,0.740083,0.171775,0.027054,0.854698,0.222044,0.135625,0.865564,-0.359931,0.134805,0.951159,-0.229706,0.402537,0.490839,-0.911841,0.121521,0.238832,-1.0,0.011176
Y,0.0,0.0,0.0,-0.234707,-0.049103,0.136496,-0.548062,-0.133957,-0.021805,-0.577214,-0.125145,0.238286,-1.0,-0.200225,0.133258,-0.924298,-0.142354,0.100375,-0.914576,0.109548,0.128912,-0.731703,0.228255,-0.003407,-0.647578,0.203273,0.033742,-0.573136,0.171364,0.016757,-0.426055,0.217855,0.136297,-0.369604,0.281301,-0.084423,-0.060167,0.221474,-0.204355,0.108201,0.213064,0.092845,0.200448,0.189696,0.048351,0.440093,0.018832,0.144989,0.497106,-0.140127,0.257188,0.39039,-0.104465,0.104086,0.201787,-0.422508,0.26175,0.431691,-0.702835,0.003845,-0.067892,-0.634638,-0.021444
Y,0.0,0.0,0.0,-0.051863,0.067788,-0.02997,-0.443527,-0.368221,-0.188486,-0.744411,-0.142892,0.126527,-0.831865,-0.342902,-0.208874,-0.638742,-0.028711,-0.007282,-1.0,-0.027665,-0.144847,-0.73969,-0.193862,-0.185958,-0.808909,0.037693,0.022985,-0.751478,-0.016406,-0.114889,-0.486726,-0.05044,-0.213368,-0.293555,0.237248,-0.172933,-0.000635,-0.044518,-0.164076,0.124118,0.092088,-0.075467,0.226875,-0.019027,-0.013524,0.333126,0.0924,-0.222204,0.430723,-0.304096,-0.040684,0.459985,-0.471202,0.113271,0.339339,-0.673608,-0.107743,0.303474,-0.677913,-0.253897,0.133316,-0.874264,-0.105613
Y,0.0,0.0,0.0,-0.357927,-0.030595,0.178956,-0.422601,-0.050142,0.210762,-0.57824,-0.107279,0.014653,-0.700074,-0.124761,0.087166,-0.726473,-0.094642,0.173669,-1.0,-0.072422,0.179848,-0.823184,-0.032347,0.111846,-0.712336,0.15072,0.116256,-0.547605,0.093525,0.17096,-0.397259,-0.013195,0.151917,-0.339008,0.158649,-0.042023,-0.246283,0.07374,0.252156,-0.017037,-0.028918,0.055247,0.033552,0.154201,0.327834,0.302522,-0.113441,0.120466,0.275691,-0.12119,0.253526,0.535674,-0.312481,0.072464,0.378191,-0.385863,0.128664,0.194097,-0.466322,0.154757,0.081492,-0.697383,0.176787
Y,0.0,0.0,0.0,-0.221107,-0.344482,0.206605,-0.313337,-0.18624,0.121347,-0.441396,-0.201332,0.11328,-0.456314,-0.248571,0.182206,-0.64396,-0.305494,0.141547,-0.831998,-0.317175,0.168309,-1.0,-0.306919,0.158745,-0.810433,-0.169638,0.083736,-0.480727,-0.018355,0.111841,-0.476629,0.010625,-0.002614,-0.456233,0.139046,0.015969,0.000467,-0.111641,0.140339,0.133713,-0.133496,0.372168,0.039388,-0.15963,0.165776,0.30937,-0.255379,0.188275,0.23022,-0.125573,0.185464,0.501388,-0.390429,0.095499,0.40092,-0.506328,0.074805,0.28789,-0.614749,-0.043342,0.236363,-0.563298,0.273567
Y,0.0,0.0,0.0,-0.250965,0.220773,-0.197643,-0.489015,0.079843,-0.165203,-0.39989,0.072571,0.108464,-0.860344,-0.075438,0.204306,-1.0,0.18725,-0.086551,-0.905763,0.185474,0.035531,-0.825232,0.154099,-0.153566,-0.756164,-0.008257,-0.291727,-0.480677,0.155786,-0.323738,-0.479676,0.216497,-0.365253,-0.26481,0.268158,-0.272073,-0.013536,0.551702,-0.199954,0.007252,0.338158,-0.029804,0.419132,0.210306,-0.166694,0.426086,0.034234,0.058631,0.576353,-0.174674,-0.129285,0.559591,-0.257686,-0.091735,0.223581,-0.30677,-0.123933,0.173988,-0.39812,-0.096803,0.044475,-0.487924,-0.074429
Y,0.0,0.0,0.0,-0.197678,0.002712,0.111391,-0.620366,0.111494,0.134634,-0.737476,0.161613,0.141223,-0.678324,0.30111,0.236064,-0.965364,0.052913,0.197869,-1.0,0.261143,0.253593,-0.982895,0.286761,0.241893,-0.913343,0.217187,0.105504,-0.65407,0.305471,-0.04885,-0.499945,0.582271,-0.064714,-0.457405,0.210769,-0.156533,-0.162426,0.338868,-0.007525,0.326241,0.556829,0.237096,0.363697,0.221422,0.504044,0.400461,0.333772,0.053163,0.807845,0.237947,0.207672,0.850865,0.380885,-0.029924,0.772729,-0.108243,-0.076197,0.522574,-0.494803,0.178015,0.29569,-0.555302,-0.080945
Y,0.0,0.0,0.0,-0.356253,0.050695,-0.130151,-0.462491,-0.218645,-0.008223,-0.820806,-0.151546,-0.209209,-0.943076,-0.159129,-0.046188,-0.924913,-0.144861,-0.067365,-0.943227,-0.106544,-0.194189,-1.0,0.172508,-0.249428,-0.776525,-0.062681,-0.254384,-0.713293,0.119439,-0.19142,-0.529608,0.145089,-0.1614,-0.470963,0.063555,-0.20798,-0.119594,0.15877,-0.171148,-0.039994,-0.042526,-0.175376,0.038949,0.10313,-0.102283,0.317541,0.174536,-0.022267,0.157071,-0.170991,-0.265475,0.429617,-0.035846,-0.207777,0.155792,-0.449495,-0.222981,-0.053998,-0.446415,-0.276243,-0.054003,-0.752808,-0.369128
Y,0.0,0.0,0.0,-0.084169,0.185407,0.072841,-0.320086,-0.065273,0.027718,-0.663539,-0.153772,-0.025981,-0.939598,0.026677,0.15032,-0.959774,-0.051544,0.063412,-1.0,0.03074,0.218637,-0.770254,0.196036,-0.096636,-0.863585,0.124206,-0.157779,-0.652055,-0.041912,0.104624,-0.372495,0.20999,0.110574,-0.100855,0.445839,-0.104463,0.131974,0.115835,0.0181,0.246788,0.429282,-0.032956,0.41381,0.393975,0.201809,0.731686,0.200665,0.168032,0.669906,-0.097715,0.124638,0.474702,0.043292,0.052895,0.609553,-0.426446,0.207164,0.586185,-0.452586,0.066274,0.313585,-0.565174,-0.091489
Y,0.0,0.0,0.0,-0.37166,0.080135,0.09829,-0.255891,-0.221749,0.097675,-0.486427,-0.126045,0.322827,-0.917496,-0.138784,-0.125229,-0.829454,-0.270034,0.376687,-0.801683,-0.102709,0.301984,-0.600305,-0.081144,0.179631,-0.934829,-0.12603,0.001931,-0.635009,0.065518,0.013764,-0.418907,0.172807,0.115767,-0.110935,-0.133522,-0.072384,0.054228,0.095913,0.153945,0.198006,-0.0966,-0.019484,0.466018,0.107452,0.132889,0.232855,-0.122388,0.154226,0.644365,-0.32922,0.321326,0.560257,-0.19664,0.289031,0.437798,-0.456393,0.196251,0.181853,-0.59097,0.154016,-0.060343,-1.0,0.058843
Y,0.0,0.0,0.0,-0.207551,-0.016377,0.033691,-0.492229,-0.116505,-0.047232,-0.744386,0.033698,0.037242,-0.633895,-0.054023,0.022999,-0.855106,0.034163,0.007823,-1.0,0.028488,-0.066109,-0.656177,-0.125025,-0.018455,-0.643842,0.007453,0.101466,-0.653786,0.125957,-0.1325,-0.479863,0.205606,-0.26706,-0.257592,0.010464,-0.169764,-0.144533,0.195401,-0.104767,0.107001,0.018504,-0.061075,0.138855,0.141281,0.152319,0.358777,0.198023,0.011145,0.337248,-0.045496,-0.231923,0.43406,-0.055383,-0.132723,0.465022,-0.424441,-0.066659,0.124159,-0.474491,0.233239,0.019167,-0.645589,-0.113573
Y,0.0,0.0,0.0,-0.130405,-0.199736,0.236307,-0.30769,-0.185125,0.174757,-0.348271,-0.117198,0.198459,-0.487013,-0.207188,0.304064,-0.603346,-0.133466,0.083808,-0.849831,-0.147383,-0.013921,-0.728271,-0.103096,0.164263,-0.623943,-0.165986,-0.120236,-0.595844,0.162166,-0.051754,-0.511855,0.016498,-0.054155,-0.177319,0.084379,0.132035,-0.010499,0.029584,0.164848,0.088835,-0.14461,0.116641,0.20248,-0.113251,0.096846,0.416662,-0.167223,0.20568,0.442447,-0.380881,0.137091,0.464403,-0.361225,0.082073,0.353169,-0.533605,0.222585,0.359932,-0.519756,0.033074,0.082041,-1.0,0.13297
Y,0.0,0.0,0.0,-0.300508,0.23316,0.139155,-0.348812,0.079175,-0.000102,-0.572626,-0.002643,0.226179,-0.822115,0.032578,0.154457,-0.981186,0.101002,0.102945,-1.0,-0.104729,0.27506,-0.659672,-0.007126,0.093504,-0.806439,0.231207,0.13064,-0.538607,0.12271,0.125017,-0.538541,0.057057,0.114136,-0.346439,0.09277,0.071816,-0.036504,0.158406,0.176301,-0.071361,0.146237,0.08305,0.124898,0.0723,0.180714,0.302149,0.01006,0.340037,0.198461,-0.014214,0.280098,0.111468,-0.032689,0.135076,0.207621,-0.324675,0.238152,-0.033511,-0.396038,0.125947,0.007563,-0.343313,0.106973
Y,0.0,0.0,0.0,-0.213703,0.069173,-0.105665,-0.495119,0.033794,0.024285,-0.646348,0.065249,-0.078096,-0.888886,0.141986,-0.028452,-0.998932,-0.128162,0.012172,-1.0,-0.134826,-0.363165,-0.931776,0.159383,-0.182309,-0.90861,0.092631,-0.168117,-0.710157,0.152232,-0.053181,-0.407648,0.400445,-0.351452,-0.249357,0.375281,-0.231737,-0.122722,0.462405,-0.173879,0.455905,0.108027,-0.191019,0.487445,0.297502,-0.013345,0.246037,-0.040704,-0.098557,0.691462,-0.111412,-0.15967,0.627878,-0.307348,-0.20455,0.555402,-0.361672,-0.294338,0.442399,-0.472635,-0.027571,0.231946,-0.557689,-0.468841
Y,0.0,0.0,0.0,-0.161864,-0.22764,-0.105345,-0.357548,-0.034793,0.034039,-0.46624,0.045699,0.172168,-0.934813,0.089091,-0.098113,-1.0,0.053117,-0.073717,-0.742284,0.225219,0.143424,-0.961024,-0.1048,-0.146796,-0.745707,0.110862,0.026261,-0.468756,0.236816,0.02201,-0.432835,0.05891,0.046032,-0.202312,0.323319,0.038047,0.269411,0.330694,-0.179828,0.222068,0.309353,0.001653,0.290707,0.299638,-0.008997,0.560993,0.004354,0.209115,0.489426,-0.172402,0.261482,0.745241,-0.248215,0.168149,0.593557,-0.354864,0.170046,0.572851,-0.695692,0.170482,0.450875,-0.58357,-0.127579
Y,0.0,0.0,0.0,-0.220397,0.077533,-0.099749,-0.47033,-0.060682,-0.083984,-0.551427,-0.122624,0.009716,-0.780155,-0.043116,-0.055056,-0.814154,-0.074026,-0.067963,-1.0,0.016972,-0.048217,-0.845959,-0.009636,0.001883,-0.552168,-0.121301,-0.057645,-0.674365,0.193957,-0.225115,-0.480272,0.078511,-0.206611,-0.384928,0.077855,-0.079295,-0.3738,0.076018,-0.000959,0.112667,0.106114,0.007236,0.012679,0.003851,-0.127714,0.203262,0.174107,0.129036,0.34027,-0.086054,-0.020759,0.328457,-0.268913,0.184012,0.29583,-0.243163,-0.074473,0.087325,-0.518867,-0.169018,0.122406,-0.519635,-0.120631
Y,0.0,0.0,0.0,-0.223809,-0.121052,0.22439,-0.488031,-0.381659,-0.028696,-0.588884,-0.350618,-0.180609,-0.922344,-0.321901,0.207686,-0.882828,-0.185619,0.026225,-0.973036,-0.379615,-0.007485,-0.75343,-0.37597,-0.022181,-0.886347,-0.102504,-0.230923,-0.625367,-0.223648,-0.021338,-0.422998,0.179608,-0.108374,-0.321306,-0.251459,0.061362,-0.019525,-0.177081,0.086696,0.234527,0.041134,-0.004263,0.232901,-0.060769,-0.144082,0.465119,-0.537893,-0.145011,0.656354,-0.357411,0.033296,0.82264,-0.745444,-0.279976,0.96309,-0.697287,0.03635,0.300921,-0.783361,0.064263,0.043913,-1.0,-0.051842
Y,0.0,0.0,0.0,0.142949,-0.012103,0.185588,-0.195997,-0.208982,0.181567,-0.402861,-0.365203,0.192008,-0.561446,-0.189124,0.112825,-0.672332,-0.221005,0.245998,-0.742886,-0.080216,0.004375,-0.795458,-0.050846,0.144953,-0.413673,0.114036,-0.099925,-0.377767,0.060559,0.100439,-0.10841,0.027836,0.052359,0.137107,0.171145,0.022852,0.220126,0.069828,0.345117,0.379022,0.334036,0.347636,0.555578,-0.057373,0.098662,0.783616,-0.149765,0.25282,0.970475,-0.121769,0.14591,0.908881,-0.43926,0.213013,1.0,-0.658849,0.221473,0.7658,-0.840943,-0.109373,0.503306,-0.944435,0.177009
Y,0.0,0.0,0.0,-0.190415,0.023738,0.202014,-0.506219,-0.005161,-0.041361,-0.433898,-0.240042,0.255893,-0.589518,-0.14798,0.053232,-1.0,-0.232219,0.057749,-0.800478,0.119617,0.027768,-0.80833,-0.090323,0.008487,-0.693953,0.164242,-0.008701,-0.459443,0.14454,-0.033979,-0.295251,0.26484,-0.053572,0.019817,0.219943,0.012805,-0.00828,0.235664,0.127296,0.232129,0.180772,-0.060501,0.292164,0.015187,0.122926,0.377833,-0.204249,-0.041242,0.626374,0.102607,0.224581,0.446767,-0.306965,0.034796,0.333777,-0.377241,0.129102,0.279512,-0.643151,0.131174,0.125259,-0.757869,-0.256318
Y,0.0,0.0,0.0,-0.30898,-0.157009,0.139744,-0.509122,-0.313623,0.075242,-0.71971,-0.240475,-0.014412,-0.691007,-0.0463,0.018647,-0.9935,-0.328683,0.024534,-0.751759,-0.26105,0.058992,-0.964238,-0.375876,-0.048679,-0.832455,0.059251,-0.205946,-0.588321,-0.039154,-0.041913,-0.629742,0.101085,0.006387,-0.323986,-0.028168,0.088151,-0.210026,0.133169,0.254383,0.039351,0.090227,-0.014076,0.108797,-0.167162,0.12408,0.321021,-0.138711,0.126709,0.361274,-0.418156,0.098406,0.259109,-0.400294,0.125262,0.096387,-0.409349,0.025951,0.290957,-0.768387,-0.014574,0.251641,-1.0,-0.057533
Y,0.0,0.0,0.0,-0.144968,0.076433,0.183165,-0.449016,0.263261,0.052673,-0.68819,0.021722,0.166188,-0.76513,0.071424,0.268452,-1.0,0.313605,-0.087589,-0.874077,0.020891,-0.027402,-0.844641,0.304671,0.035765,-0.766679,0.354888,-0.070263,-0.560274,0.458186,-0.126506,-0.614332,0.329215,-0.112255,-0.290239,0.47075,0.12114,0.047958,0.586641,0.234977,0.26875,0.487471,0.269056,0.453016,0.24942,-0.006433,0.403108,0.321332,0.160449,0.642563,0.121182,0.08361,0.270884,-0.155525,0.42025,0.668807,-0.262771,0.086729,0.336639,-0.202738,0.23731,0.337615,-0.669945,0.314441
Y,0.0,0.0,0.0,-0.360495,-0.215582,-0.003605,-0.463976,-0.362992,-0.024794,-0.408995,-0.156133,-0.024606,-0.670385,-0.36057,0.027784,-1.0,-0.317432,0.096225,-0.886009,-0.199647,-0.034773,-0.623145,-0.507628,-0.160287,-0.445037,0.070297,-0.029634,-0.540219,-0.042284,-0.253298,-0.438764,0.003514,0.024651,-0.154408,0.039773,-0.155763,-0.039751,-0.16418,-0.029401,0.067241,-0.039396,0.092028,0.393954,-0.018422,0.144539,0.556814,-0.149278,-0.190315,0.497314,-0.247212,0.033614,0.366606,-0.341489,0.100861,0.443593,-0.453957,-0.080367,0.395358,-0.449473,-0.08595,0.082346,-0.731577,-0.102546
Y,0.0,0.0,0.0,-0.135392,0.186252,0.062525,-0.254352,-0.027973,0.1015,-0.599564,0.186213,0.111474,-0.951405,-0.067828,0.073172,-0.872185,0.094982,-0.044858,-0.905752,0.151472,-0.20106,-1.0,0.338896,-0.105519,-0.660249,0.28626,-0.258774,-0.717706,0.19834,-0.195532,-0.342526,0.304058,-0.078963,-0.164087,0.329096,0.070925,0.256092,0.283213,-0.16477,0.290925,0.302316,0.133779,0.645043,0.126478,0.055731,0.712267,0.245848,-0.049495,0.777504,-0.13534,0.206118,0.714132,-0.184847,-0.071646,0.591296,-0.124261,0.086683,0.534608,-0.385382,0.163666,0.31437,-0.851516,-0.091716
Y,0.0,0.0,0.0,0.117505,-0.200853,-0.147084,-0.44957,-0.473191,-0.188148,-0.721647,-0.011819,-0.11489,-0.912445,-0.232752,0.079891,-0.872111,-0.149478,-0.054228,-1.0,-0.176524,-0.11502,-0.745756,-0.150947,0.060719,-0.649159,-0.152199,-0.041261,-0.577034,0.228423,-0.1953,-0.323575,0.197003,-0.300476,-0.039661,0.037668,-0.028033,-0.001313,0.094868,-0.143811,0.156126,0.138484,0.146939,0.252998,-0.030702,0.045912,0.538592,0.004733,0.169422,0.381973,-0.226478,0.15967,0.559192,-0.422928,-0.119255,0.515744,-0.485632,0.246026,0.378768,-0.684878,0.106717,0.220221,-0.672653,0.145816
Y,0.0,0.0,0.0,-0.205425,-0.199921,-0.178814,-0.325152,-0.269107,0.213231,-0.772916,-0.248668,0.071159,-1.0,0.115292,0.182087,-0.761449,-0.28441,0.097139,-0.828789,-0.074091,0.020849,-0.861367,-0.173012,-0.142731,-0.874522,-0.159851,-0.046083,-0.597306,0.083581,0.05523,-0.511938,0.069024,-0.193824,-0.33188,-0.196416,0.061393,-0.127638,0.193939,0.025201,0.087761,-0.0553,-0.407848,0.388422,0.001135,-0.067546,0.245467,-0.123042,-0.016124,0.32262,-0.160492,-0.03631,0.422833,-0.214345,-0.078692,0.294967,-0.541727,0.01588,0.341093,-0.473345,-0.088295,-0.08338,-0.6416,-0.171425
Y,0.0,0.0,0.0,-0.217614,-0.294383,0.095006,-0.507829,-0.064095,0.188551,-0.733052,-0.281903,0.299287,-1.0,-0.323348,0.040571,-0.889863,-0.181782,0.126452,-0.956746,-0.318509,-0.004253,-0.844717,-0.281987,0.03968,-0.702515,-0.025135,-0.042212,-0.578763,-0.091754,0.030858,-0.565067,-0.149535,0.010851,-0.101311,0.188133,0.134279,0.065936,0.136028,0.052303,0.039173,0.031726,0.2292,0.475211,-0.020115,0.189495,0.328621,0.053079,0.155579,0.310316,-0.268757,0.183095,0.633786,-0.39893,0.088402,0.437267,-0.546343,0.10706,0.617086,-0.755395,-0.001586,0.328469,-0.889923,0.167539
Y,0.0,0.0,0.0,-0.048822,-0.079562,-0.42846,-0.721213,-0.197405,-0.309559,-0.890847,-0.13432,-0.183757,-1.0,-0.309346,0.073215,-0.859306,0.107373,-0.004563,-0.857464,-0.272631,-0.364248,-0.958461,-0.141288,0.026319,-0.986302,-0.139509,-0.286499,-0.761044,0.00644,-0.243006,-0.33831,-0.119482,-0.137751,-0.173323,0.10801,-0.176973,-0.072288,-0.139639,-0.148769,0.169678,0.101783,-0.204184,0.564265,0.100034,0.010073,0.77017,-0.153543,0.045813,0.620215,-0.361244,-0.079142,0.858452,-0.472575,0.019743,0.455418,-0.889295,-0.209982,0.441471,-0.679744,-0.217257,0.470752,-0.951428,-0.258826
Y,0.0,0.0,0.0,-0.273175,0.076847,0.028092,-0.415422,-0.18489,0.223315,-0.670356,0.082192,0.22741,-0.800676,0.101057,0.138795,-0.884885,-0.035217,0.217481,-0.946282,0.233037,-0.096373,-1.0,-0.016933,0.131626,-0.76165,-0.017164,-0.131141,-0.818735,0.33818,0.099,-0.545281,0.000801,-0.283053,-0.112783,0.415354,0.161533,-0.061258,0.014063,0.065235,0.104739,0.442961,0.12588,0.363955,0.123151,0.238063,0.381468,-0.083005,0.107468,0.665716,0.167917,-0.087816,0.688635,-0.173073,0.184472,0.298489,-0.366013,0.136104,0.344183,-0.500931,-0.019163,0.169392,-0.65588,-0.149698
Y,0.0,0.0,0.0,-0.097762,-0.165434,-0.016913,-0.254707,-0.113045,0.066406,-0.481852,-0.133907,0.022156,-0.711525,-0.156921,0.143632,-0.619573,-0.097658,0.140591,-1.0,0.187086,-0.12906,-0.904568,-0.144641,-0.048606,-0.848139,-0.226518,0.101329,-0.652623,-0.23975,-0.092433,-0.342167,-0.14126,0.018254,-0.138143,-0.036325,-0.002835,0.245463,0.070226,-0.065434,0.16029,0.251158,0.006951,0.408408,0.078762,0.134641,0.398801,-0.090487,0.027725,0.775398,-0.368032,0.186608,0.396857,-0.287321,0.169845,0.459244,-0.416034,0.031875,0.176945,-0.652102,-0.087038,0.377526,-0.702783,-0.075026
Y,0.0,0.0,0.0,-0.170439,-0.015469,0.057198,-0.182121,-0.071258,-0.238446,-0.559087,-0.162927,-0.002629,-1.0,-0.229015,-0.042823,-0.730358,0.176078,0.037107,-0.945354,-0.162661,-0.163701,-0.838934,0.019619,-0.234167,-0.719833,0.020575,-0.107165,-0.587964,-0.001281,-0.25295,-0.290495,0.039687,-0.078149,-0.069159,0.012411,0.008033,0.125661,0.059124,0.113947,0.329718,0.153388,-0.071975,0.690615,0.268275,-0.007817,0.652407,0.07437,-0.077783,0.743211,-0.237889,0.219652,0.847757,-0.07696,-0.089485,0.758521,-0.403322,-0.020934,0.721298,-0.739391,-0.171105,0.270675,-0.98192,-0.378601
Y,0.0,0.0,0.0,-0.285919,-0.015857,-0.069802,-0.611818,-0.370806,0.263588,-0.610255,-0.06921,0.23556,-0.954511,-0.201087,0.178287,-0.951782,-0.329667,0.125422,-1.0,-0.110462,0.121315,-0.733159,-0.003465,0.146534,-0.859033,0.146397,-0.086992,-0.724166,0.120884,0.026534,-0.611902,0.131154,-0.010551,-0.206634,-0.006355,0.124391,0.18256,0.116587,-0.136787,0.061426,-0.081246,0.150517,0.331332,0.027589,0.004438,0.648888,-0.257262,0.066968,0.525945,-0.154902,0.136984,0.722722,-0.214194,0.002496,0.496668,-0.50918,-0.006886,0.196501,-0.668469,0.119647,0.22786,-0.790947,0.150155
Y,0.0,0.0,0.0,0.013389,0.158739,0.145723,-0.203247,-0.163796,0.07808,-0.599049,-0.079795,0.278729,-0.588084,-0.055523,0.206434,-0.827792,0.102875,0.37756,-0.947117,0.049412,-0.066593,-0.919253,-0.031708,-0.109869,-0.793824,0.118018,-0.361579,-0.329647,0.010509,-0.064074,-0.608454,0.22897,-0.089547,-0.266328,0.273234,-0.157638,0.184613,0.34464,0.046956,0.441053,0.394184,-0.123682,0.813008,0.415615,0.249153,0.684834,0.37615,0.313156,0.595335,-0.129249,0.242367,0.629879,-0.078308,0.107376,0.59121,-0.454122,0.019372,0.32969,-0.637444,-0.005383,0.385137,-1.0,0.036689
Y,0.0,0.0,0.0,-0.368127,0.065774,0.019522,-0.5607,-0.01533,0.199238,-0.681357,-0.047334,0.16468,-0.907306,-0.089979,0.007631,-0.783982,-0.067661,0.002118,-1.0,0.148395,-0.097928,-0.863111,-0.016522,0.075274,-0.796178,0.216248,-0.033308,-0.83043,0.258241,-0.008194,-0.652412,0.096114,-0.055403,-0.398538,0.292623,-0.105313,-0.202993,0.311727,-0.215795,-0.293341,0.212722,0.032979,0.001439,0.012617,0.20175,0.165037,0.093304,0.00208,0.196842,-0.030164,0.179288,0.442646,-0.183472,0.141992,0.310944,-0.306455,-0.034389,-0.047984,-0.413497,-0.091149,-0.092943,-0.610338,0.018304
Y,0.0,0.0,0.0,-0.257541,0.009714,0.068026,-0.50968,-0.104695,0.246222,-0.614515,-0.260543,0.420542,-0.812407,0.010807,0.175222,-0.905312,0.054563,0.334814,-1.0,-0.088835,0.278694,-0.645155,0.073513,0.226702,-0.825473,-0.092105,0.054502,-0.500124,0.045501,0.214272,-0.352993,0.167666,0.344411,-0.310093,0.030517,0.031125,-0.063533,0.091195,0.021565,0.126779,0.220968,0.154717,0.224193,0.023552,0.078989,0.311025,-0.121763,0.10932,0.427153,-0.208288,-0.039042,0.348543,-0.329267,0.107065,0.427429,-0.251482,0.130944,0.291573,-0.277951,0.079239,-0.018107,-0.559292,0.023339
Y,0.0,0.0,0.0,-0.064452,-0.272092,0.052671,-0.633957,-0.316239,0.229626,-0.929157,-0.513391,0.104287,-0.955582,-0.190981,0.259051,-0.825626,0.050673,0.001321,-0.959058,-0.116552,-0.142561,-1.0,0.118989,0.146433,-0.708359,0.196636,-0.153301,-0.720551,0.188313,-0.129149,-0.595745,0.139375,-0.150545,-0.044925,0.210397,0.169987,0.050207,0.251432,-0.107902,0.482147,0.173993,-0.088668,0.733239,-0.031807,-0.202392,0.961704,-0.013692,0.265059,0.900363,-0.390449,0.100949,0.620735,-0.591252,0.019619,0.847035,-0.519723,-0.139841,0.528012,-0.335848,-0.244884,0.299005,-0.753513,-0.239945
Z,0.0,0.0,0.0,-0.058535,0.060548,0.181689,-0.245201,-0.11761,0.273482,-0.564147,-0.224788,0.186748,-0.823041,-0.283651,-0.076036,-0.970148,0.145596,-0.256002,-0.890881,0.06517,0.036658,-0.840265,-0.052208,0.204556,-0.727271,-0.052329,-0.079545,-0.454753,0.050985,0.018575,-0.275694,0.224856,0.146727,-0.261038,0.131663,-0.125817,0.108851,0.18175,0.019303,0.195475,-0.034946,0.202861,0.406039,0.129412,-0.150212,0.483581,0.000769,0.309699,0.858247,-0.26418,0.026956,0.761699,-0.560465,0.164313,0.539487,-0.315441,0.114773,0.431554,-0.674827,-0.007992,0.314172,-1.0,0.137767
Z,0.0,0.0,0.0,-0.156605,-0.073637,-0.105226,-0.304232,-0.369819,-0.149777,-0.574409,-0.408949,-0.006199,-0.437502,-0.256068,-0.017565,-0.866353,-0.015263,-0.071018,-0.765955,-0.119735,-0.108254,-0.851496,-0.024299,-0.14394,-0.76677,-0.209443,-0.16263,-0.465995,-0.108808,-0.063438,-0.293291,0.134294,-0.255075,-0.06159,0.006151,-0.183874,0.220218,0.02765,-0.036391,0.251117,-0.067641,-0.033736,0.641994,-0.043698,0.045174,0.535192,-0.206268,0.045595,0.635727,-0.323085,-0.061314,0.512585,-0.5319,-0.110598,0.730385,-0.614212,-0.099606,0.499964,-0.729587,-0.149591,0.228888,-1.0,-0.266571
Z,0.0,0.0,0.0,-0.216757,-0.108828,0.210581,-0.391976,-0.219409,0.268387,-0.498767,-0.151062,0.228023,-0.595325,-0.16272,0.340722,-0.973975,0.01064,0.187392,-0.748336,-0.091125,0.271809,-1.0,0.001877,0.191625,-0.794512,0.06211,0.440989,-0.647037,0.143812,0.078357,-0.227562,0.14773,0.089322,-0.144688,0.306025,0.10855,0.132562,-0.004472,0.232092,0.203395,0.19743,0.215069,0.489692,-0.079964,0.122598,0.343517,-0.033064,0.153858,0.245558,-0.229695,0.289647,0.41157,-0.443122,0.384085,0.465344,-0.42907,0.372671,0.15201,-0.638622,0.326283,0.095959,-0.587651,-0.016318
Z,0.0,0.0,0.0,0.091173,-0.032877,0.103015,-0.19308,-0.027429,0.175403,-0.449466,-0.143313,-0.024502,-0.753121,-0.051043,-0.114825,-0.882387,-0.049933,-0.23618,-0.606264,0.157253,0.071825,-0.716931,0.191628,-0.267855,-0.585967,0.328233,0.01628,-0.295523,0.328506,-0.196607,0.061862,0.140577,-0.146396,0.342178,0.204099,-0.143047,0.491514,0.383045,-0.20658,0.711079,0.337282,0.07262,0.834955,0.070988,-0.025527,0.863044,0.078248,0.018925,0.670919,-0.088492,-0.06253,1.0,-0.096244,-0.137095,0.818766,-0.521766,-0.224382,0.717929,-0.624985,-0.139873,0.561183,-0.677223,-0.222333
Z,0.0,0.0,0.0,-0.147537,0.112201,-0.214744,-0.217584,0.06928,-0.276924,-0.799197,-0.059243,-0.080991,-0.836816,-0.143269,-0.030688,-0.823547,-0.02121,-0.275514,-0.889034,-0.058532,-0.099129,-0.722457,-0.027217,-0.376013,-0.522021,0.253022,-0.200717,-0.360652,0.069089,-0.33596,-0.042065,0.41958,-0.23094,-0.020261,0.302027,-0.295717,0.099941,0.107185,0.030416,0.327488,0.298752,-0.490333,0.506047,0.070822,-0.246997,0.586121,0.09931,-0.108652,0.659016,-0.238074,-0.324545,0.558187,-0.450249,-0.222662,1.0,-0.556281,-0.253858,0.373269,-0.609761,-0.400191,0.109712,-0.711971,-0.23896
Z,0.0,0.0,0.0,-0.361086,-0.099556,0.092033,-0.595155,-0.150289,0.127084,-0.516395,-0.096324,0.111296,-0.607697,-0.285668,0.231978,-1.0,-0.045913,-0.069305,-0.658419,-0.01785,-0.056127,-0.774719,-0.099818,0.052813,-0.791125,-0.02945,-0.003265,-0.688515,-0.108845,0.062115,-0.496054,-0.047361,0.112372,-0.035792,0.211265,-0.141837,-0.028695,0.061761,0.025543,0.12785,0.009787,-0.082618,0.467001,0.054697,0.010621,0.688265,-0.177513,0.162164,0.69126,-0.195767,0.089417,0.76669,-0.378328,0.133296,0.321979,-0.469981,0.137971,0.304584,-0.569572,-0.119793,0.06457,-0.825912,-0.004203
Z,0.0,0.0,0.0,-0.345805,0.140061,-0.204842,-0.336549,0.040716,0.11872,-0.382587,0.029573,0.073088,-0.903006,0.050603,-0.104813,-1.0,0.047683,0.042763,-0.743823,0.210693,-0.260087,-0.815898,0.184273,-0.124571,-0.518345,0.253152,-0.263322,-0.484124,0.208916,-0.300709,-0.321107,0.38147,-0.205326,0.065728,0.289186,-0.202805,0.001969,0.396452,-0.114798,0.432892,0.371389,0.078563,0.481344,0.358831,0.059269,0.628812,-0.038909,-0.036806,0.853399,-0.182493,-0.21504,0.762471,-0.160185,0.021109,0.637361,-0.292123,-0.090207,0.461206,-0.426431,-0.306799,0.261783,-0.727938,-0.239916
Z,0.0,0.0,0.0,-0.187993,-0.115594,-0.214023,-0.504195,-0.126913,-0.012356,-0.54557,-0.147431,-0.007134,-0.859143,-0.203461,0.090129,-0.874239,-0.044095,-0.242242,-0.941434,-0.270611,-0.332564,-1.0,-0.060246,0.050178,-0.864067,0.007459,-0.165946,-0.521285,0.019037,-0.231707,-0.586199,0.132666,-0.040396,-0.131435,0.081255,-0.288924,0.021096,0.118319,-0.220622,0.249218,0.257534,-0.048838,0.282977,0.261371,-0.000284,0.414123,-0.15437,-0.212435,0.452309,-0.161541,-0.156902,0.361622,-0.289201,0.213508,0.496738,-0.346324,-0.18734,0.349815,-0.575951,-0.149957,0.014051,-0.874296,-0.086481
Z,0.0,0.0,0.0,-0.169715,0.006772,0.231327,-0.529836,-0.326756,0.23709,-0.694626,0.076199,0.41688,-1.0,-0.14449,0.134417,-0.993164,-0.09588,0.105813,-0.968344,-0.154054,0.337524,-0.817462,0.021574,0.290304,-0.707179,0.123033,0.007066,-0.551108,0.142089,0.106487,-0.177412,0.290663,0.075882,0.099806,0.058175,0.192052,0.102317,0.055087,0.266855,0.121632,0.180488,0.200584,0.592203,0.224862,0.074639,0.531816,0.05529,0.205968,0.877289,-0.133073,0.278524,0.669906,-0.401511,0.472957,0.523152,-0.407282,0.074305,0.33241,-0.694843,0.133213,0.365873,-0.934539,0.049811
Z,0.0,0.0,0.0,0.308829,-0.264955,0.273348,-0.474139,-0.31261,0.055787,-0.49475,-0.250857,0.081138,-0.531363,-0.41266,0.320218,-0.852693,-0.170383,0.312343,-0.800781,-0.380493,0.34791,-0.691565,-0.335415,0.218536,-0.439106,-0.24892,0.298998,-0.345015,-0.026319,0.218046,-0.297304,0.031317,0.233372,0.133321,-0.399093,0.156182,0.205735,-0.288853,0.140881,0.25224,-0.179911,0.331794,0.748058,-0.097697,0.192842,0.842628,-0.476558,0.014922,0.692673,-0.560936,0.161695,0.952595,-0.63715,0.505127,0.896327,-0.906181,0.338767,0.687388,-1.0,0.178166,0.283765,-0.839632,0.337865
Z,0.0,0.0,0.0,-0.087371,-0.251881,0.091705,-0.609681,-0.40587,0.220816,-0.668564,-0.377893,0.352669,-0.816461,-0.311605,0.066431,-0.880736,-0.188579,0.135055,-0.850616,-0.309391,-0.076868,-0.902277,-0.097118,0.175886,-0.415456,-0.007931,-0.287516,-0.366559,0.008862,-0.119912,-0.176052,0.041085,-0.089048,-0.014817,-0.135102,-0.027224,0.042203,0.029001,0.089565,0.613744,0.057745,-0.011169,0.693461,-0.108151,0.007838,0.887478,-0.32741,0.053816,0.784778,-0.663755,-0.098773,0.859297,-0.689918,-0.038946,0.444968,-0.961962,-0.009252,0.222216,-0.890224,0.113628,0.167419,-1.0,-0.084903
Z,0.0,0.0,0.0,-0.107179,-0.117779,0.016571,-0.403551,-0.360159,-0.200389,-0.612457,-0.198205,-0.026128,-0.584334,-0.254731,0.198591,-0.825262,-0.184272,-0.050712,-0.920299,-0.165122,-0.079632,-0.677993,-0.048921,-0.138233,-0.482308,-0.174401,-0.08757,-0.490866,0.009716,0.031529,-0.189091,-0.061713,0.028961,0.039103,-0.045477,-0.172452,0.105501,0.120274,0.198516,0.090633,-0.009749,0.088389,0.602428,-0.08302,0.098117,0.503585,-0.286357,0.038145,0.616833,-0.417092,0.226247,0.580949,-0.583277,0.115873,0.415787,-0.38768,-0.101587,0.333747,-0.795377,0.103906,0.280057,-1.0,0.018466
Z,0.0,0.0,0.0,-0.331158,-0.281364,-0.296494,-0.608397,-0.240398,0.069447,-0.500837,-0.102968,-0.032307,-0.912246,-0.105861,-0.249014,-1.0,0.026148,-0.091171,-0.820033,-0.341957,-0.198619,-0.897656,0.067718,-0.085933,-0.651315,0.012072,-0.064436,-0.678879,0.005358,-0.043917,-0.41046,0.190539,-0.269092,-0.216979,0.172536,-0.069373,-0.049689,-0.093035,-0.272715,0.088923,0.059323,-0.225843,0.311873,-0.021608,-0.16613,0.159817,-0.085704,-0.274591,0.475702,-0.021895,-0.094942,0.313488,-0.212386,-0.137646,0.315949,-0.437804,-0.217008,0.318388,-0.534951,0.06512,0.058426,-0.83382,-0.321371
Z,0.0,0.0,0.0,-0.308586,-0.186914,-0.389221,-0.545803,-0.222506,-0.160207,-0.773818,-0.115308,-0.218894,-1.0,0.095903,-0.13493,-0.890344,-0.12274,-0.161874,-0.857904,-0.088306,-0.042775,-0.851412,-0.006786,-0.371101,-0.685224,0.0192,-0.286328,-0.671968,-0.086648,-0.261978,-0.649886,0.275972,-0.171254,-0.107394,0.021935,-0.163499,-0.355705,0.173815,-0.020576,0.443598,0.033,-0.328244,0.936379,-0.021249,-0.149811,0.635917,-0.214872,-0.448288,0.673239,-0.240446,-0.238008,0.360602,-0.362516,-0.112251,0.829907,-0.605936,-0.415636,0.626932,-0.601251,-0.380287,0.296233,-0.787784,0.005747
Z,0.0,0.0,0.0,-0.396651,-0.150437,-0.096479,-0.469892,-0.129879,0.017477,-0.691465,-0.00066,0.143805,-1.0,0.153473,0.182594,-0.909487,-0.070702,0.03337,-0.974269,-0.070096,-0.089929,-0.720162,-0.158587,-0.08479,-0.816089,0.243349,0.03942,-0.513094,0.209361,-0.053391,-0.402711,0.104953,-0.10542,-0.120954,0.224219,0.030978,-0.04842,0.049839,0.221027,0.13222,0.216528,-0.021122,0.269188,0.052127,0.208279,0.438461,-0.141996,0.317812,0.457927,-0.212405,0.135192,0.302541,-0.229679,-0.050794,0.400875,-0.287648,-0.059212,0.216734,-0.564453,0.10054,0.092245,-0.741914,0.111843
Z,0.0,0.0,0.0,-0.116255,0.207434,0.201038,-0.682669,-0.083531,0.379974,-0.61705,-0.211503,0.284552,-0.836982,0.111668,0.157058,-0.740458,0.003472,-0.190427,-1.0,0.117175,0.169062,-0.921395,-0.05887,0.259802,-0.524058,0.072951,0.191375,-0.472251,0.078598,0.109961,0.03138,0.098046,0.236692,-0.10045,0.239023,0.246776,0.059786,0.267403,0.101346,0.22601,0.367102,0.218316,0.810026,0.150407,0.179095,0.588091,-0.011882,0.409964,0.601912,-0.04987,0.175125,0.480037,-0.221523,0.006347,0.58106,-0.492798,0.123298,0.376256,-0.612662,0.108154,0.256221,-0.798214,0.455725
Z,0.0,0.0,0.0,-0.219345,0.245997,0.327471,-0.394821,0.118271,0.177729,-0.605301,0.125608,0.247328,-0.918874,-0.097399,0.089013,-0.821765,0.110735,-0.021447,-0.928968,0.103911,-0.093324,-0.564023,0.350727,0.104468,-0.454555,0.209505,-0.070792,-0.347493,0.418423,0.018285,-0.131947,0.39157,0.102122,0.225108,0.320511,0.076841,0.040312,0.109089,-0.018859,0.461586,0.518005,0.030111,0.774566,0.229151,-0.081993,0.880348,0.093378,0.341245,0.81264,0.033044,0.213033,0.744088,-0.529135,0.123846,0.923937,-0.351808,0.209477,0.505841,-0.480275,-0.196751,0.455111,-1.0,0.08648
Z,0.0,0.0,0.0,-0.024528,-0.106333,0.050121,-0.22134,-0.135886,0.269779,-0.540855,-0.218547,-0.027562,-0.733063,-0.205476,-0.009749,-0.666362,-0.290786,-0.05302,-1.0,-0.179046,0.15749,-0.754669,-0.14579,-0.108383,-0.537463,0.151194,0.051563,-0.567931,0.205629,0.052201,-0.157341,-0.063805,-0.171382,-0.085045,0.012624,-0.024493,-0.099823,-0.09204,-0.042756,0.52832,-0.021211,0.042255,0.695916,-0.149484,-0.065451,0.539449,-0.186087,-0.003042,0.903273,-0.246587,0.155935,0.583183,-0.422541,0.027067,0.617074,-0.528805,-0.006661,0.426606,-0.607036,-0.108217,0.349344,-0.873109,0.052467
Z,0.0,0.0,0.0,-0.11893,-0.116399,0.123371,-0.259118,-0.077768,0.208415,-0.344906,-0.253079,0.112086,-0.639192,-0.211838,0.094896,-0.907424,-0.071626,0.101884,-0.757218,-0.230476,0.037719,-0.670245,-0.202724,0.028239,-0.63435,-0.031123,-0.001756,-0.577671,0.11564,-0.275115,-0.208557,0.162614,-0.00519,-0.178763,0.140676,-0.159888,0.145775,0.163458,0.03967,0.372343,0.132116,-0.08433,0.524206,-0.074426,0.031286,0.546351,-0.055779,-0.071631,0.634159,-0.365506,0.16331,0.570918,-0.402913,0.121706,0.549059,-0.585612,0.111745,0.429944,-0.726063,0.045171,0.341352,-1.0,0.277867
Z,0.0,0.0,0.0,-0.158672,0.10644,0.142912,-0.170784,-0.05563,0.115271,-0.625935,0.017557,0.235157,-0.463406,-0.10797,0.280011,-0.815387,0.125215,0.086665,-1.0,-0.005782,0.208303,-0.896405,0.166035,0.283924,-0.610512,0.081177,0.345397,-0.530219,0.272733,0.090477,-0.161349,0.331961,0.189705,-0.178252,0.354188,-0.065335,0.350369,0.279513,0.1677,0.528272,0.041819,0.076889,0.700938,0.063353,0.457604,0.695131,-0.123226,0.619972,0.606705,-0.106623,0.313062,0.8422,-0.314821,0.251686,0.643604,-0.216789,0.361791,0.406671,-0.676074,0.202166,0.206623,-0.984317,0.098821
Z,0.0,0.0,0.0,-0.295863,-0.286882,0.078793,-0.239966,-0.25774,0.116792,-0.527079,-0.30405,0.461821,-0.71745,-0.422325,0.005559,-0.733432,-0.42452,0.095329,-0.803196,-0.467676,-0.002026,-0.770076,-0.014564,-0.158332,-0.618169,-0.044661,-0.111639,-0.496427,-0.158412,0.060827,-0.240802,-0.16194,-0.112747,0.029723,0.058953,-0.218055,0.473247,-0.093242,0.176893,0.491789,-0.004432,0.1056,0.576213,-0.309166,0.12575,0.992189,-0.244624,0.067311,0.811895,-0.546917,0.206125,0.595906,-0.336554,0.081451,0.808612,-0.893119,0.126764,0.529285,-0.878715,0.122349,0.408821,-1.0,-0.312017
Z,0.0,0.0,0.0,-0.157109,-0.094962,0.276042,-0.390873,-0.327227,0.302038,-0.640221,-0.151749,0.077134,-0.91534,-0.357011,0.330634,-0.835247,-0.070735,0.387095,-0.721729,0.126571,-0.042649,-0.779161,-0.171091,-0.083424,-0.73149,-0.100124,-0.054816,-0.464877,0.079176,0.125192,-0.18822,0.313847,0.270453,-0.087395,0.105943,0.025993,0.078236,0.171244,0.161491,0.504551,0.126926,0.017512,0.747903,0.091244,-0.140619,0.636813,-0.110102,0.515687,0.768174,-0.261448,0.125331,0.697644,-0.262448,0.156376,0.80076,-0.653358,0.164368,0.228683,-0.87772,0.034951,0.250305,-1.0,0.017182
Z,0.0,0.0,0.0,-0.384611,-0.044441,0.22363,-0.533151,-0.053772,0.062428,-0.72632,-0.056213,-0.125974,-0.986932,-0.413267,-0.088317,-0.935358,0.045747,-0.068188,-0.967468,0.177845,-0.054398,-1.0,0.082128,-0.219666,-0.742836,0.423248,-0.298305,-0.735118,0.245962,-0.196097,-0.375145,0.12746,-0.414459,-0.10425,0.338504,-0.029595,0.252719,0.164242,0.128268,0.403735,0.140695,-0.210309,0.255983,0.187429,-0.161796,0.515721,-0.029041,0.024088,0.643838,-0.080833,0.104343,0.742257,-0.522145,0.015397,0.40223,-0.448592,-0.305639,0.281376,-0.689898,0.000473,0.376778,-0.943433,-0.078554
Z,0.0,0.0,0.0,0.049831,0.088273,0.002398,-0.441072,0.119164,-0.23392,-0.185122,-0.034164,0.004799,-0.337684,-0.028713,0.072942,-0.60236,-0.141707,-0.19879,-0.376819,0.170135,-0.121127,-0.653228,0.233337,-0.027145,-0.322692,0.250265,-0.026706,-0.041022,0.234769,-0.353554,-0.113028,0.21998,-0.148748,0.255517,0.170241,-0.348648,0.417983,-0.07432,-0.34692,0.649448,-0.012395,-0.152114,0.807011,-0.040492,-0.015195,0.999669,-0.178425,-0.113018,0.972221,-0.256045,0.036591,0.930716,-0.391606,0.10774,0.627349,-0.440538,-0.3447,0.635425,-0.681863,-0.270346,0.617274,-1.0,-0.199802
Z,0.0,0.0,0.0,-0.465032,-0.089373,0.037892,-0.599319,-0.208323,0.229505,-0.8873,-0.322126,0.488135,-0.821523,-0.199948,0.009052,-0.941426,-0.159654,0.229574,-0.972831,0.009295,0.084778,-0.791774,0.001944,0.039367,-0.948444,0.158139,-0.121103,-0.515913,0.293564,-0.240455,-0.322506,-0.004242,-0.082182,-0.219539,0.103809,-0.05231,0.120637,0.27914,0.012515,0.227509,0.1757,-0.067762,0.40076,-0.010465,0.137696,0.357847,-0.04148,0.160286,0.802447,-0.385299,0.423413,0.767565,-0.211021,0.04858,0.551314,-0.765632,-0.177561,0.195817,-0.849843,-0.207225,0.273341,-1.0,0.065312
Z,0.0,0.0,0.0,-0.282793,-0.053324,0.244521,-0.92133,-0.035372,0.175794,-0.83664,0.027241,0.124088,-0.940072,-0.045484,0.273357,-0.999879,-0.042746,0.150074,-1.0,-0.120296,0.214182,-0.85182,-0.107693,0.061672,-0.702461,0.108423,0.049357,-0.805336,0.25926,-0.002724,-0.452349,0.348464,0.081297,-0.191935,0.208021,0.186339,-0.175646,0.057935,0.065157,-0.020268,0.13604,0.214299,-0.00794,0.064363,0.2021,0.240298,-0.140239,0.229508,0.306809,-0.056548,0.169116,0.277678,-0.204737,0.184051,0.037077,-0.623525,0.073433,-0.123306,-0.512581,0.021831,-0.177433,-0.504072,0.055333
Z,0.0,0.0,0.0,-0.297956,-0.274696,0.188377,-0.554114,-0.07889,0.125854,-0.495515,-0.077547,0.168164,-0.764607,-0.04776,0.156799,-1.0,-0.092769,0.174663,-0.857474,0.020787,0.157185,-0.950082,-0.029655,0.244571,-0.592134,0.139645,0.186599,-0.531146,0.058471,0.160873,-0.235578,0.253118,0.019181,-0.100923,0.128667,0.163934,0.003666,0.123081,0.198413,0.139672,0.053896,0.253491,0.337772,-0.063318,0.289704,0.522073,-0.019867,0.163961,0.569743,0.000498,0.112669,0.368139,-0.270041,0.344293,0.406604,-0.424703,0.162693,0.192171,-0.603264,0.183838,0.093371,-0.610947,0.127096
Z,0.0,0.0,0.0,0.017181,0.061019,-0.14439,-0.663874,-0.023803,0.126647,-0.474495,0.229203,0.244507,-0.662309,-0.08309,0.28293,-1.0,0.196002,0.318795,-0.65073,0.036905,-0.235224,-0.893433,0.162965,-0.081553,-0.605983,-0.046068,0.037356,-0.526149,0.267703,-0.16731,-0.078365,0.218265,-0.34515,0.163732,0.07763,-0.098602,0.50714,0.370921,-0.030482,0.598495,0.080905,0.069766,0.851573,0.17625,0.051856,0.885251,0.139576,-0.013199,0.760456,0.005468,-0.111114,0.816116,-0.240029,0.111485,0.790394,-0.291647,0.169815,0.620326,-0.783098,0.022579,0.432476,-0.737344,-0.087328
Z,0.0,0.0,0.0,-0.347912,0.081364,-0.026244,-0.557441,-0.015824,-0.027907,-0.427525,-0.001027,-0.15693,-0.775632,-0.106192,-0.079952,-1.0,0.031939,0.038203,-0.811946,0.094743,0.221129,-0.784146,0.192438,-0.044943,-0.605812,0.153076,-0.005641,-0.379068,0.251933,0.01961,-0.276308,0.283441,-0.191906,-0.161092,0.368861,-0.113986,0.035692,0.154631,-0.014962,0.23229,0.449018,0.001504,0.34398,0.14934,-0.002665,0.36954,0.215158,-0.027166,0.542493,-0.02479,-0.05509,0.356408,-0.200028,-0.037398,0.220816,-0.334743,-0.24859,0.229141,-0.453364,-0.059893,-0.014087,-0.406557,-0.2487
Z,0.0,0.0,0.0,-0.284187,0.352776,0.212423,-0.833976,0.135051,0.053729,-0.429402,0.125085,0.270475,-0.94109,-0.003636,0.147132,-1.0,0.177269,0.078084,-0.924594,0.297136,0.100597,-0.897017,0.152036,-0.000285,-0.667917,0.267495,-0.080271,-0.632002,0.421066,-0.021886,-0.68562,0.456057,-0.011841,-0.076889,0.309446,0.091116,0.111226,0.253991,-0.089066,0.103418,0.320342,0.084591,0.388319,0.275867,0.096743,0.438971,0.032945,0.198631,0.729717,-0.05051,0.210865,0.660087,-0.21187,0.349496,0.309362,-0.224458,-0.012846,0.336152,-0.530631,-0.187676,0.252272,-0.597231,-0.015775
Z,0.0,0.0,0.0,-0.225947,-0.049559,0.295495,-0.634515,-0.288486,0.148773,-0.837209,-0.124878,0.021877,-0.677815,-0.123297,0.086814,-0.830473,-0.161525,0.051944,-0.694995,0.09273,0.069879,-0.556311,0.080298,0.107291,-0.617696,0.16863,0.2059,-0.410435,0.290239,-0.027238,-0.379221,0.199311,0.032624,0.063068,0.111853,0.411316,0.293809,0.311929,0.118631,0.263647,0.083276,0.117761,0.298645,0.009424,0.029422,0.669425,-0.141411,0.329956,1.0,-0.097972,0.24791,0.670858,-0.341915,-0.009111,0.569235,-0.506436,0.181855,0.322028,-0.56448,-0.061129,0.113046,-0.587999,-0.049627
Z,0.0,0.0,0.0,-0.218643,-0.261202,0.225167,-0.395133,0.106316,0.323896,-0.640319,-0.008217,0.24016,-1.0,-0.053068,0.285736,-0.783346,0.343691,0.111547,-0.744983,0.083086,-0.071068,-0.823416,0.1211,-0.019225,-0.85986,0.174074,-0.1129,-0.236399,0.385177,-0.178013,-0.357665,0.235047,-0.042542,-0.132474,0.282557,0.150079,0.188697,0.111364,-0.235484,0.196992,0.265354,0.106433,0.625731,0.060208,0.06808,0.811034,-0.057296,0.158591,0.787104,-0.105523,-0.147891,0.904881,-0.249191,0.073467,0.642516,-0.401069,0.087959,0.599899,-0.656009,0.193206,0.159443,-0.854082,-0.225616
Z,0.0,0.0,0.0,-0.177448,0.035369,-0.125765,-0.621306,-0.077957,0.22281,-0.594612,-0.054841,0.098023,-0.721844,0.112876,0.026374,-0.925729,0.072195,0.249393,-0.774762,0.379872,0.052028,-0.932708,0.442624,-0.055938,-0.809064,0.178779,0.053708,-0.427297,0.263075,-0.170002,0.184972,0.463621,-0.089281,0.128491,0.134842,-0.178247,0.210346,0.575218,-0.285925,0.427667,0.339088,-0.02405,0.611392,0.206425,0.314246,1.0,-0.109598,0.117789,0.671865,0.017356,0.243026,0.697682,-0.140642,0.311272,0.472716,-0.371925,0.080268,0.594477,-0.7402,0.058025,0.324489,-0.759388,-0.129224
Z,0.0,0.0,0.0,-0.538329,-0.338513,0.170717,-0.434209,-0.499736,0.275124,-0.421026,-0.46928,0.352117,-0.675248,-0.326156,0.256334,-0.826874,-0.265492,0.152705,-0.675379,-0.169019,0.160744,-0.850833,-0.250451,0.274258,-0.67669,-0.186374,0.093915,-0.505439,0.023247,0.208013,-0.358716,-0.36467,0.158417,-0.15668,-0.102507,0.098108,0.287211,-0.165516,0.177882,0.574477,-0.056323,-0.010999,0.445294,-0.317708,0.284312,0.510979,-0.523081,0.251278,0.719963,-0.4831,0.21804,0.578121,-0.687459,0.203524,0.470017,-0.68459,0.335846,0.449221,-0.958873,-0.041292,0.161833,-1.0,0.244377
Z,0.0,0.0,0.0,-0.111396,-0.196967,0.326588,-0.542731,-0.183872,0.426205,-0.838966,-0.227196,0.518821,-0.740843,0.04311,0.27247,-1.0,-0.041189,0.451852,-0.930269,-0.009755,0.358792,-0.95456,0.203344,0.322955,-0.742824,-0.100758,0.220265,-0.350738,0.246936,0.051303,-0.294021,0.287352,0.035597,0.201291,0.309867,0.106873,0.317968,0.20527,0.10734,0.505035,0.206456,0.285172,0.574101,0.186037,0.330435,0.873765,-0.254483,0.285324,0.896361,-0.256974,0.395493,0.780193,-0.349647,0.290732,0.760657,-0.766916,0.420317,0.215266,-0.816676,0.352438,0.39047,-0.923163,0.258344
Z,0.0,0.0,0.0,-0.405711,-0.137574,0.104355,-0.401172,-0.132156,0.592908,-0.751806,-0.30755,0.315878,-0.789046,0.025029,0.436065,-0.781547,-0.078016,0.487591,-0.700203,0.040134,0.281026,-0.822451,0.038537,0.289122,-0.831746,0.358023,0.269431,-0.847788,0.042487,0.18882,-0.37145,-0.037444,0.217944,-0.07636,-0.010458,0.453357,0.127337,0.160314,0.289781,0.35665,0.188456,0.408426,0.635607,0.034192,0.518061,0.65575,-0.348587,0.324612,0.541738,-0.317681,0.30417,0.759611,-0.179597,0.218606,0.62229,-0.462061,0.672494,0.359763,-0.907684,0.161627,0.310443,-1.0,0.4093
Z,0.0,0.0,0.0,-0.212917,-0.071684,0.305123,-0.317851,-0.400329,0.235379,-0.618404,-0.027686,0.590897,-0.576688,-0.079419,0.308203,-0.820724,-0.000495,0.255117,-0.89088,-0.113128,0.112832,-1.0,-0.259357,0.164926,-0.903926,-0.142088,0.185474,-0.577951,-0.109244,-0.021563,-0.138622,0.165164,0.013789,2.7e-05,0.085197,0.231851,0.315145,-0.152624,0.215627,0.364463,0.141893,-0.004409,0.363942,-0.051078,0.202359,0.664931,-0.359678,0.400049,0.685337,-0.265517,0.242688,0.499288,-0.526053,0.443211,0.555491,-0.592589,0.319664,0.304287,-0.711955,0.198786,0.174144,-0.994468,0.224901
Z,0.0,0.0,0.0,-0.418165,-0.050733,0.024571,-0.463922,-0.127768,0.048371,-0.693905,0.119226,0.067543,-0.937598,0.032108,-0.078999,-0.868618,0.090447,0.046412,-1.0,0.01849,-0.03968,-0.882473,0.091995,-0.20737,-0.669721,0.114182,-0.14955,-0.542354,-0.063545,-0.31622,-0.158317,0.074886,-0.017635,-0.021925,0.263079,0.068431,0.186755,0.271176,-0.030195,0.396871,0.25091,0.060951,0.629543,0.280689,-0.043718,0.441697,0.040242,0.258362,0.443458,-0.112913,0.00149,0.456618,-0.216329,-0.064135,0.461343,-0.408008,-0.021157,0.209247,-0.614988,-0.079672,0.131448,-0.723227,-0.02585
Z,0.0,0.0,0.0,-0.216127,0.014449,0.157056,-0.369389,-0.130341,0.017567,-0.35936,-0.081505,-0.007727,-0.611263,-0.139561,0.107204,-0.576164,-0.042351,0.355699,-0.343851,0.197875,-0.004862,-0.478246,0.01622,0.145082,-0.362188,0.000872,0.069252,-0.344384,0.072582,-0.179434,-0.067214,0.034447,0.117688,0.046499,0.371644,-0.077078,0.280587,0.444668,0.005451,0.684278,0.054681,0.146871,0.543422,0.138476,0.009212,0.68542,-0.084393,0.09619,0.966919,-0.240612,0.200312,0.987272,-0.263377,-0.126852,0.917128,-0.32002,0.296935,0.687928,-0.634973,-0.070715,0.454371,-1.0,-0.100869
Z,0.0,0.0,0.0,-0.249096,0.102943,0.192649,-0.32082,-0.032025,0.182794,-0.631542,-0.308111,0.116342,-0.659866,0.040399,0.114467,-0.518167,-0.104862,0.190074,-1.0,0.135228,0.001299,-0.542081,-0.21959,0.214159,-0.712271,-0.117277,-0.025485,-0.450937,-0.016327,0.04498,-0.347453,0.073105,0.181465,-0.159388,0.035013,0.109821,-0.039409,-0.099839,0.105103,0.265822,0.015574,0.124042,0.264562,0.108238,0.099418,0.513945,-0.170878,0.183771,0.631588,-0.551418,0.212043,0.405094,-0.432185,0.010119,0.400649,-0.550104,0.071467,0.164851,-0.655883,0.110197,0.163153,-0.859974,-0.061495
Z,0.0,0.0,0.0,0.048055,-0.31321,-0.019441,-0.17733,0.009461,0.162173,-0.380159,-0.066751,-0.088069,-0.268609,-0.114745,0.279457,-0.572816,0.043675,0.184805,-0.554292,-0.217462,0.067889,-0.560018,-0.047414,-0.151916,-0.105023,0.048666,-0.045454,-0.162475,-0.006184,-0.032566,0.146147,0.036922,-0.090374,0.378234,-0.021062,-0.10158,0.566687,-0.01987,-0.035987,0.600705,-0.027024,-0.096439,0.660906,-0.275342,-0.094706,0.967686,-0.227224,-0.014808,0.798061,-0.21759,0.245285,1.0,-0.405885,0.076007,0.983698,-0.414831,0.131603,0.730119,-0.488941,-0.077423,0.68517,-0.782633,-0.146491
Z,0.0,0.0,0.0,0.008981,-0.191577,0.311585,-0.370579,0.108442,0.276664,-0.588507,-0.027643,0.072617,-0.452091,-0.193699,0.509942,-0.598915,-0.314163,0.207285,-0.713613,0.144148,0.23182,-0.594054,0.075134,0.259196,-0.341309,-0.180956,0.287601,-0.478935,0.23989,0.046881,-0.112986,0.108217,0.128351,0.283369,0.296193,0.156708,0.444314,0.104549,0.125291,0.636836,0.207126,0.133216,0.875396,0.170155,0.030148,0.691504,-0.149215,0.210712,0.702612,-0.213369,0.280269,1.0,-0.210675,0.514444,0.56713,-0.472268,0.198721,0.56066,-0.715087,0.129225,0.347622,-0.729512,0.184205
Z,0.0,0.0,0.0,-0.046709,-0.116015,0.104248,-0.338761,-0.340893,0.3135,-0.749725,-0.158268,0.009295,-0.632669,-0.348279,0.287229,-0.647537,-0.310557,-0.084749,-0.954254,-0.178832,0.05194,-0.950235,-0.199363,0.30831,-0.417031,-0.189505,0.196148,-0.368622,-0.087367,0.399214,-0.230863,0.06841,-0.106744,0.090648,-0.160713,0.15831,0.177168,-0.035806,0.082807,0.62154,0.119712,0.312096,0.605236,-0.186649,0.169459,0.6358,-0.133218,0.303645,0.764411,-0.185453,0.234784,0.794861,-0.607358,0.493427,0.763044,-0.714452,0.334363,0.59518,-1.0,0.311976,0.163579,-0.894151,0.369316
Z,0.0,0.0,0.0,-0.28898,-0.458159,-0.014249,-0.498898,-0.682793,-0.082112,-0.779365,-0.37701,-0.114826,-0.765744,-0.445233,-0.068227,-0.975272,-0.413688,-0.045717,-1.0,-0.408569,-0.125509,-0.786418,-0.320093,-0.100217,-0.712193,-0.316775,-0.223781,-0.393299,-0.326436,0.03054,-0.128142,-0.282396,-0.103543,-0.039858,-0.100383,-0.102048,-0.001358,-0.030876,0.085583,0.256225,-0.349071,-0.334253,0.544523,-0.362201,-0.194936,0.611989,-0.53762,0.026576,0.548926,-0.66298,-0.013027,0.561392,-0.8916,0.105782,0.466761,-0.771874,-0.033648,0.129332,-0.988438,-0.154008,0.137548,-0.958526,-0.083391
Z,0.0,0.0,0.0,-0.270791,0.148915,-0.205531,-0.520975,0.107316,-0.185689,-0.785522,0.020959,-0.387611,-0.885444,-0.019396,-0.295304,-1.0,-0.091113,-0.380668,-0.888562,0.195387,-0.164217,-0.793708,0.244535,-0.582012,-0.686411,0.137473,-0.462138,-0.523624,0.412845,-0.326218,-0.374301,0.431073,-0.362652,0.005001,0.143194,-0.576205,0.177109,0.121873,-0.122392,0.256453,0.107745,-0.556024,0.75572,0.02498,0.019443,0.889313,-0.05126,-0.17555,0.951848,-0.045228,-0.053155,0.788225,-0.49175,-0.168787,0.999486,-0.368656,0.032472,0.792234,-0.968643,-0.319798,0.271401,-0.995762,-0.331049
Z,0.0,0.0,0.0,-0.304082,0.232994,-0.140519,-0.529428,0.056035,-0.000748,-0.821838,0.02053,-0.234071,-0.834678,0.0733,-0.057008,-0.96753,0.011388,0.02507,-1.0,0.050472,-0.171898,-0.852478,0.429933,-0.012954,-0.945106,0.256646,-0.307628,-0.571089,0.214194,0.042809,-0.453507,0.365672,-0.240892,-0.296089,0.408121,-0.277542,0.154304,0.4999,-0.096919,0.349307,0.235602,-0.228337,0.469364,0.249295,-0.040274,0.387759,0.1666,-0.172853,0.703668,0.020578,0.156914,0.559431,-0.225217,0.062194,0.294185,-0.338565,-0.091194,-0.009797,-0.294998,-0.039006,-0.105059,-0.625302,-0.290144
Z,0.0,0.0,0.0,-0.211947,0.080774,-0.010551,-0.549927,-0.013993,0.175227,-0.59385,0.10413,0.062408,-0.662209,0.207295,-0.102563,-0.984846,0.192926,0.242035,-1.0,-0.051727,-0.088063,-0.869147,0.180243,0.057867,-0.715002,0.418463,-0.070254,-0.606433,0.139979,-0.132795,-0.297857,0.265574,-0.126551,-0.136429,0.193226,-0.033679,0.357464,0.232536,0.015647,0.258811,0.428353,-0.06055,0.425044,-0.036548,-0.182633,0.551367,-0.012243,0.121562,0.680329,-0.045968,0.123048,0.665452,-0.164367,-0.01712,0.404097,-0.404334,-0.024703,0.376769,-0.42292,-0.053237,0.187647,-0.477961,-0.009596
Z,0.0,0.0,0.0,-0.169719,-0.295687,0.014002,-0.441728,-0.191254,0.276053,-0.632357,-0.132989,0.164988,-0.642108,-0.201889,0.146277,-0.724002,-0.242337,0.166692,-0.747504,-0.148685,-0.069734,-0.69393,-0.259525,0.012643,-0.730092,-0.249562,-0.169223,-0.406292,-0.139283,-0.052687,-0.345633,0.020088,-0.212306,-0.105719,-0.056774,0.04881,0.139437,-0.241313,0.118156,0.343537,-0.022253,-0.103593,0.421679,-0.058056,0.02898,0.549522,-0.042848,0.038959,0.40247,-0.330875,0.132672,0.467386,-0.523602,0.183333,0.377749,-0.501505,0.10852,0.256164,-0.638789,0.185486,0.207634,-1.0,-0.030763
Z,0.0,0.0,0.0,-0.164076,-0.396373,0.416706,-0.351217,-0.26221,-0.121919,-0.530092,-0.256299,0.09347,-0.862685,-0.438538,0.280523,-0.912684,-0.131244,0.011851,-0.65413,-0.124463,0.022658,-0.700574,-0.189958,-0.170641,-0.62588,-0.232149,-0.320874,-0.402634,-0.033198,0.04552,-0.103898,0.092587,-0.01175,-0.076607,0.094262,-0.129992,0.320941,0.358799,-0.319132,0.544477,-0.019665,-0.059966,0.709409,-0.26001,0.305723,0.85558,-0.275375,-0.165897,0.688829,-0.157925,0.314886,0.709949,-0.396992,0.01123,0.609928,-0.759349,0.205533,0.405887,-0.777284,0.016059,0.621249,-1.0,-0.104312
Z,0.0,0.0,0.0,0.088967,-0.251579,-0.120624,-0.522109,-0.224807,-0.379842,-0.578464,-0.362074,-0.194153,-0.55687,-0.321981,-0.245968,-0.688623,-0.221422,-0.377565,-0.880609,-0.116501,-0.174261,-1.0,0.012676,-0.270767,-0.909805,-0.04252,-0.315907,-0.559424,-0.100237,-0.355681,-0.221143,-0.213149,-0.439224,-0.079661,-0.101087,-0.212709,0.395687,-0.13577,-0.314619,0.546655,0.13891,-0.134497,0.616831,-0.060833,-0.068656,0.724097,-0.304259,-0.040947,0.685379,-0.548165,-0.147592,0.889902,-0.318804,-0.113784,0.799276,-0.805272,-0.183325,0.60859,-0.925419,-0.273031,0.476409,-0.91789,-0.153748
Z,0.0,0.0,0.0,-0.300563,-0.230049,0.07986,-0.424784,-0.203777,0.375755,-0.441726,-0.158195,0.204024,-0.679261,-0.347511,0.103303,-0.680997,-0.065226,0.01728,-0.68746,-0.16311,0.036614,-0.5812,-0.091066,0.182133,-0.517179,-0.278902,-0.10138,-0.438818,-0.299057,-0.121483,-0.093717,-0.173475,0.048105,-0.138069,-0.006376,0.010456,0.22455,-0.174543,0.147424,0.325424,-0.157748,0.122014,0.512662,-0.201411,0.058217,0.302559,-0.235038,0.075869,0.595694,-0.406093,0.190299,0.666721,-0.424318,-0.000675,0.470086,-0.898824,0.131106,0.551158,-0.97237,0.159376,0.363761,-1.0,0.303717
Z,0.0,0.0,0.0,-0.047743,-0.101973,0.007049,-0.478281,-0.02047,0.250711,-0.522466,0.041451,0.060937,-0.451551,-0.014468,-0.028702,-0.692815,-0.014131,0.045734,-0.666621,-0.126889,0.01776,-0.529403,0.262951,-0.082711,-0.73421,0.336036,-0.134121,-0.422599,0.102046,-0.052174,-0.240242,0.325444,0.041679,-0.104963,0.05167,-0.158467,0.189074,0.283992,0.046323,0.649056,0.092082,-0.083231,0.614196,-0.10668,0.088593,0.651284,0.232486,0.073628,1.0,-0.070718,0.190917,0.785124,-0.447035,0.250668,0.738745,-0.413908,-0.105095,0.300426,-0.622089,0.128348,0.322513,-0.721669,0.16808
Z,0.0,0.0,0.0,-0.279137,-0.07088,0.01377,-0.476721,0.256383,-0.032929,-1.0,-0.311724,0.127973,-0.815819,-0.199105,0.036334,-0.826621,-0.06266,0.134896,-0.720341,0.030036,-0.080116,-0.727464,-0.118698,-0.251725,-0.913602,-0.009215,-0.271231,-0.559502,0.141058,0.064913,-0.434324,0.228796,-0.124151,-0.081869,0.323504,-0.037442,-0.036482,-0.055044,-0.281385,0.041661,-0.017849,-0.041779,0.418259,-0.113253,-0.260044,0.677848,-0.224217,0.050463,0.436935,-0.461626,-0.065301,0.603003,-0.617183,-0.061602,0.428456,-0.62533,-0.203968,0.276443,-0.830852,-0.26599,0.244372,-0.800632,-0.202278
Z,0.0,0.0,0.0,0.005219,-0.235188,0.050238,-0.368195,-0.105024,-0.193008,-0.593287,-0.104786,-0.072784,-0.735684,0.063116,0.003679,-0.672014,-0.21549,-0.105017,-0.865355,0.084999,-0.066197,-0.646229,0.270352,-0.106164,-0.622227,0.088383,-0.386675,-0.597358,-0.039495,-0.252094,-0.273829,0.410791,-0.170169,0.028751,0.105611,-0.18069,-0.037272,0.262446,-0.181197,0.295302,0.11341,-0.00639,0.711891,0.285075,-0.070973,0.580206,-0.002289,0.08974,0.828719,-0.159982,0.063013,0.695647,-0.321102,-0.010306,0.311116,-0.581797,-0.233723,0.314374,-0.853275,-0.100237,0.356957,-1.0,-0.286646
Z,0.0,0.0,0.0,-0.151612,-0.19514,0.079276,-0.509916,-0.163609,-0.118413,-0.481342,-0.010408,0.047367,-0.584534,-0.139837,0.00848,-0.902931,0.056645,-0.020382,-0.860476,-0.006708,0.008476,-0.838387,0.045075,-0.256188,-0.698928,-0.01201,-0.118676,-0.426844,-0.072223,-0.131436,-0.031727,0.135173,-0.000793,-0.120607,0.219171,-0.282176,0.237258,0.01239,-0.145721,0.211313,-0.011839,0.083329,0.309522,0.101408,-0.115754,0.512183,-0.234919,0.026974,0.517074,-0.358676,-0.115964,0.582904,-0.588111,-0.022632,0.363026,-0.713496,-0.103599,0.236058,-0.701712,-0.116886,0.304311,-1.0,-0.107158
Z,0.0,0.0,0.0,-0.182163,0.034869,0.050761,-0.376974,0.073181,0.033315,-0.439696,-0.069183,-0.269431,-0.731955,0.114389,0.157414,-0.855365,-0.105637,0.269037,-0.839338,-0.138045,0.030916,-0.899864,-0.236165,-0.024039,-0.648812,0.084552,-0.103965,-0.451065,0.086731,-0.22574,-0.413742,0.153848,-0.041316,-0.294529,0.278357,-0.09476,0.167298,0.388676,0.133999,0.534786,0.007917,0.179838,0.502018,0.024404,0.089481,0.475212,-0.012666,-0.029701,0.737056,-0.339704,0.225993,0.723321,-0.342117,0.284491,0.796109,-0.512695,-0.057786,0.410798,-0.649371,-0.126223,0.047617,-1.0,0.011822
Z,0.0,0.0,0.0,-0.186087,-0.298028,0.105421,-0.537165,-0.064159,0.279528,-0.760547,-0.104506,0.347851,-0.657058,-0.064334,0.170923,-0.729833,-0.119881,0.012891,-0.711032,-0.085306,-0.041381,-0.972808,-0.041784,0.037358,-0.79506,0.135902,0.083154,-0.38937,0.042864,-0.153933,-0.366115,0.211286,0.035854,-0.123076,0.047658,0.091363,0.183515,0.067494,0.19618,0.69274,-0.241384,0.219972,0.701878,-0.043864,0.023984,0.806531,-0.261617,0.216785,0.853017,-0.164809,0.269912,0.518033,-0.479705,0.32069,0.475901,-0.675297,0.16151,0.214984,-0.798662,-0.00238,0.323841,-1.0,0.007535
Z,0.0,0.0,0.0,-0.29495,0.11188,0.055511,-0.568126,-0.061011,-0.017326,-0.631983,0.043738,0.078446,-0.74196,-0.020983,-0.014007,-1.0,0.036055,-0.016069,-0.564402,0.373296,0.083408,-0.894481,0.17005,0.020494,-0.931037,0.227462,-0.203699,-0.534807,0.169565,-0.071057,-0.341144,0.325624,0.032803,0.005959,0.532164,-0.095519,0.329751,0.167024,-0.219206,0.424568,0.426784,-0.067077,0.583768,0.075581,0.196843,0.752119,0.114379,-0.051646,0.71457,-0.258657,0.089733,0.542524,-0.189516,0.07961,0.565923,-0.55075,-0.096603,0.615223,-0.43394,0.044867,0.020696,-0.671499,0.016756
Z,0.0,0.0,0.0,-0.055615,0.1901,0.25487,-0.345568,-0.06557,-0.063531,-0.627676,0.175799,0.301202,-0.90157,0.110839,0.0658,-0.88435,-0.062441,0.228879,-0.792136,0.000697,0.057087,-1.0,-0.009642,-0.114743,-0.663684,0.200747,0.030336,-0.55091,0.416979,-0.040605,-0.110842,0.280412,0.08507,-0.020452,0.188795,0.232199,0.46179,0.321891,0.033866,0.570736,0.278669,0.195601,0.653377,0.225094,0.055298,0.654836,0.232387,0.354236,0.800942,0.125329,0.065998,0.821386,-0.234901,0.155657,0.620148,-0.405609,-0.222981,0.320872,-0.795092,0.017544,0.141666,-0.980218,-0.092333
Z,0.0,0.0,0.0,-0.204981,-0.492419,-0.065413,-0.258116,-0.234184,-0.025551,-0.482144,-0.124343,0.269204,-0.586776,-0.465485,-0.029649,-0.891565,-0.341459,0.229846,-0.753534,-0.328925,0.016038,-0.63334,-0.348257,-0.022861,-0.503045,-0.166836,0.001524,-0.472425,-0.185152,-0.015331,-0.112837,-0.102761,-0.151911,-0.023734,-0.109309,0.01879,0.21678,-0.109875,-0.160961,0.219616,-0.08324,-0.069776,0.484689,-0.326856,0.156472,0.652791,-0.441323,0.145263,0.665504,-0.393658,0.053778,0.381372,-0.457528,0.002438,0.456148,-0.663613,-0.061488,0.241957,-0.940499,-0.083621,0.083311,-1.0,0.001852
